"cycle","variable","original_variable","module","r_class","n_distinct_observed","n_missing","pct_missing"
"2013-2014","SEQN","SEQN","identifier","integer",10175,0,0
"2013-2014","dem__SDDSRVYR","SDDSRVYR","Demographic","numeric",1,0,0
"2013-2014","dem__RIDSTATR","RIDSTATR","Demographic","numeric",2,0,0
"2013-2014","dem__RIAGENDR","RIAGENDR","Demographic","numeric",2,0,0
"2013-2014","dem__RIDAGEYR","RIDAGEYR","Demographic","numeric",81,0,0
"2013-2014","dem__RIDAGEMN","RIDAGEMN","Demographic","numeric",25,9502,93.38574938574938
"2013-2014","dem__RIDRETH1","RIDRETH1","Demographic","numeric",5,0,0
"2013-2014","dem__RIDRETH3","RIDRETH3","Demographic","numeric",6,0,0
"2013-2014","dem__RIDEXMON","RIDEXMON","Demographic","numeric",2,362,3.557739557739558
"2013-2014","dem__RIDEXAGM","RIDEXAGM","Demographic","numeric",240,5962,58.5945945945946
"2013-2014","dem__DMQMILIZ","DMQMILIZ","Demographic","numeric",3,3914,38.466830466830466
"2013-2014","dem__DMQADFC","DMQADFC","Demographic","numeric",3,9632,94.66339066339067
"2013-2014","dem__DMDBORN4","DMDBORN4","Demographic","numeric",4,0,0
"2013-2014","dem__DMDCITZN","DMDCITZN","Demographic","numeric",4,4,0.03931203931203931
"2013-2014","dem__DMDYRSUS","DMDYRSUS","Demographic","numeric",11,8267,81.24815724815726
"2013-2014","dem__DMDEDUC3","DMDEDUC3","Demographic","numeric",19,7372,72.45208845208845
"2013-2014","dem__DMDEDUC2","DMDEDUC2","Demographic","numeric",7,4406,43.302211302211305
"2013-2014","dem__DMDMARTL","DMDMARTL","Demographic","numeric",8,4406,43.302211302211305
"2013-2014","dem__RIDEXPRG","RIDEXPRG","Demographic","numeric",3,8866,87.13513513513513
"2013-2014","dem__SIALANG","SIALANG","Demographic","numeric",2,0,0
"2013-2014","dem__SIAPROXY","SIAPROXY","Demographic","numeric",2,1,0.009828009828009828
"2013-2014","dem__SIAINTRP","SIAINTRP","Demographic","numeric",2,0,0
"2013-2014","dem__FIALANG","FIALANG","Demographic","numeric",2,121,1.1891891891891893
"2013-2014","dem__FIAPROXY","FIAPROXY","Demographic","numeric",2,121,1.1891891891891893
"2013-2014","dem__FIAINTRP","FIAINTRP","Demographic","numeric",2,121,1.1891891891891893
"2013-2014","dem__MIALANG","MIALANG","Demographic","numeric",2,2864,28.14742014742015
"2013-2014","dem__MIAPROXY","MIAPROXY","Demographic","numeric",2,2863,28.137592137592137
"2013-2014","dem__MIAINTRP","MIAINTRP","Demographic","numeric",2,2862,28.127764127764127
"2013-2014","dem__AIALANGA","AIALANGA","Demographic","numeric",3,3858,37.91646191646192
"2013-2014","dem__DMDHHSIZ","DMDHHSIZ","Demographic","numeric",7,0,0
"2013-2014","dem__DMDFMSIZ","DMDFMSIZ","Demographic","numeric",7,0,0
"2013-2014","dem__DMDHHSZA","DMDHHSZA","Demographic","numeric",4,0,0
"2013-2014","dem__DMDHHSZB","DMDHHSZB","Demographic","numeric",5,0,0
"2013-2014","dem__DMDHHSZE","DMDHHSZE","Demographic","numeric",4,0,0
"2013-2014","dem__DMDHRGND","DMDHRGND","Demographic","numeric",2,0,0
"2013-2014","dem__DMDHRAGE","DMDHRAGE","Demographic","numeric",63,0,0
"2013-2014","dem__DMDHRBR4","DMDHRBR4","Demographic","numeric",3,297,2.918918918918919
"2013-2014","dem__DMDHREDU","DMDHREDU","Demographic","numeric",7,294,2.8894348894348894
"2013-2014","dem__DMDHRMAR","DMDHRMAR","Demographic","numeric",8,123,1.2088452088452089
"2013-2014","dem__DMDHSEDU","DMDHSEDU","Demographic","numeric",7,4833,47.4987714987715
"2013-2014","dem__WTINT2YR","WTINT2YR","Demographic","numeric",7076,0,0
"2013-2014","dem__WTMEC2YR","WTMEC2YR","Demographic","numeric",8170,0,0
"2013-2014","dem__SDMVPSU","SDMVPSU","Demographic","numeric",2,0,0
"2013-2014","dem__SDMVSTRA","SDMVSTRA","Demographic","numeric",15,0,0
"2013-2014","dem__INDHHIN2","INDHHIN2","Demographic","numeric",16,133,1.307125307125307
"2013-2014","dem__INDFMIN2","INDFMIN2","Demographic","numeric",16,123,1.2088452088452089
"2013-2014","dem__INDFMPIR","INDFMPIR","Demographic","numeric",440,785,7.714987714987714
"2013-2014","has_exam_record","has_exam_record","integration flag","logical",2,0,0
"2013-2014","has_lab_record","has_lab_record","integration flag","logical",2,0,0
"2013-2014","has_questionnaire_record","has_questionnaire_record","integration flag","logical",1,0,0
"2013-2014","exam__PEASCST1","PEASCST1","Examination","numeric",3,362,3.557739557739558
"2013-2014","exam__PEASCTM1","PEASCTM1","Examination","numeric",1155,667,6.555282555282556
"2013-2014","exam__PEASCCT1","PEASCCT1","Examination","numeric",12,9855,96.85503685503686
"2013-2014","exam__BPXCHR","BPXCHR","Examination","numeric",58,8214,80.72727272727272
"2013-2014","exam__BPAARM","BPAARM","Examination","numeric",3,2640,25.945945945945947
"2013-2014","exam__BPACSZ","BPACSZ","Examination","numeric",5,2633,25.87714987714988
"2013-2014","exam__BPXPLS","BPXPLS","Examination","numeric",50,2626,25.808353808353807
"2013-2014","exam__BPXPULS","BPXPULS","Examination","numeric",2,664,6.5257985257985265
"2013-2014","exam__BPXPTY","BPXPTY","Examination","numeric",2,2611,25.66093366093366
"2013-2014","exam__BPXML1","BPXML1","Examination","numeric",30,2622,25.769041769041767
"2013-2014","exam__BPXSY1","BPXSY1","Examination","numeric",71,3003,29.513513513513512
"2013-2014","exam__BPXDI1","BPXDI1","Examination","numeric",59,3003,29.513513513513512
"2013-2014","exam__BPAEN1","BPAEN1","Examination","numeric",2,2636,25.906633906633907
"2013-2014","exam__BPXSY2","BPXSY2","Examination","numeric",73,2766,27.184275184275187
"2013-2014","exam__BPXDI2","BPXDI2","Examination","numeric",56,2766,27.184275184275187
"2013-2014","exam__BPAEN2","BPAEN2","Examination","numeric",2,2638,25.926289926289925
"2013-2014","exam__BPXSY3","BPXSY3","Examination","numeric",74,2767,27.194103194103192
"2013-2014","exam__BPXDI3","BPXDI3","Examination","numeric",58,2767,27.194103194103192
"2013-2014","exam__BPAEN3","BPAEN3","Examination","numeric",2,2638,25.926289926289925
"2013-2014","exam__BPXSY4","BPXSY4","Examination","numeric",57,9660,94.93857493857493
"2013-2014","exam__BPXDI4","BPXDI4","Examination","numeric",40,9660,94.93857493857493
"2013-2014","exam__BPAEN4","BPAEN4","Examination","numeric",2,9613,94.47665847665849
"2013-2014","exam__BMDSTATS","BMDSTATS","Examination","numeric",4,362,3.557739557739558
"2013-2014","exam__BMXWT","BMXWT","Examination","numeric",1385,452,4.442260442260442
"2013-2014","exam__BMIWT","BMIWT","Examination","numeric",3,9791,96.22604422604422
"2013-2014","exam__BMXRECUM","BMXRECUM","Examination","numeric",465,9110,89.53316953316953
"2013-2014","exam__BMIRECUM","BMIRECUM","Examination","numeric",1,10144,99.69533169533169
"2013-2014","exam__BMXHEAD","BMXHEAD","Examination","numeric",86,9946,97.74938574938575
"2013-2014","exam__BMIHEAD","BMIHEAD","Examination","numeric",0,10175,100
"2013-2014","exam__BMXHT","BMXHT","Examination","numeric",1089,1108,10.889434889434888
"2013-2014","exam__BMIHT","BMIHT","Examination","numeric",2,9954,97.82800982800983
"2013-2014","exam__BMXBMI","BMXBMI","Examination","numeric",440,1120,11.007371007371008
"2013-2014","exam__BMDBMIC","BMDBMIC","Examination","numeric",4,6652,65.37592137592138
"2013-2014","exam__BMXLEG","BMXLEG","Examination","numeric",244,2773,27.253071253071255
"2013-2014","exam__BMILEG","BMILEG","Examination","numeric",1,9825,96.56019656019656
"2013-2014","exam__BMXARML","BMXARML","Examination","numeric",356,874,8.58968058968059
"2013-2014","exam__BMIARML","BMIARML","Examination","numeric",1,9807,96.38329238329239
"2013-2014","exam__BMXARMC","BMXARMC","Examination","numeric",408,874,8.58968058968059
"2013-2014","exam__BMIARMC","BMIARMC","Examination","numeric",1,9803,96.34398034398033
"2013-2014","exam__BMXWAIST","BMXWAIST","Examination","numeric",1038,1514,14.87960687960688
"2013-2014","exam__BMIWAIST","BMIWAIST","Examination","numeric",1,9736,95.68550368550368
"2013-2014","exam__BMXSAD1","BMXSAD1","Examination","numeric",269,2957,29.061425061425062
"2013-2014","exam__BMXSAD2","BMXSAD2","Examination","numeric",271,2957,29.061425061425062
"2013-2014","exam__BMXSAD3","BMXSAD3","Examination","numeric",162,9817,96.48157248157248
"2013-2014","exam__BMXSAD4","BMXSAD4","Examination","numeric",171,9817,96.48157248157248
"2013-2014","exam__BMDAVSAD","BMDAVSAD","Examination","numeric",271,2957,29.061425061425062
"2013-2014","exam__BMDSADCM","BMDSADCM","Examination","numeric",5,9691,95.24324324324324
"2013-2014","exam__MGDEXSTS","MGDEXSTS","Examination","numeric",3,1884,18.51597051597052
"2013-2014","exam__MGD050","MGD050","Examination","numeric",3,4964,48.78624078624079
"2013-2014","exam__MGD060","MGD060","Examination","numeric",4,9983,98.11302211302211
"2013-2014","exam__MGQ070","MGQ070","Examination","numeric",3,2424,23.823095823095823
"2013-2014","exam__MGQ080","MGQ080","Examination","numeric",3,9234,90.75184275184274
"2013-2014","exam__MGQ090","MGQ090","Examination","numeric",3,9234,90.75184275184274
"2013-2014","exam__MGQ100","MGQ100","Examination","numeric",4,2423,23.813267813267814
"2013-2014","exam__MGQ110","MGQ110","Examination","numeric",3,9420,92.57985257985258
"2013-2014","exam__MGQ120","MGQ120","Examination","numeric",2,9420,92.57985257985258
"2013-2014","exam__MGD130","MGD130","Examination","numeric",3,2368,23.272727272727273
"2013-2014","exam__MGQ90DG","MGQ90DG","Examination","numeric",4,2368,23.272727272727273
"2013-2014","exam__MGDSEAT","MGDSEAT","Examination","numeric",2,4964,48.78624078624079
"2013-2014","exam__MGAPHAND","MGAPHAND","Examination","numeric",2,2368,23.272727272727273
"2013-2014","exam__MGATHAND","MGATHAND","Examination","numeric",2,2368,23.272727272727273
"2013-2014","exam__MGXH1T1","MGXH1T1","Examination","numeric",562,2377,23.36117936117936
"2013-2014","exam__MGXH1T1E","MGXH1T1E","Examination","numeric",2,2377,23.36117936117936
"2013-2014","exam__MGXH2T1","MGXH2T1","Examination","numeric",583,2493,24.5012285012285
"2013-2014","exam__MGXH2T1E","MGXH2T1E","Examination","numeric",2,2493,24.5012285012285
"2013-2014","exam__MGXH1T2","MGXH1T2","Examination","numeric",589,2386,23.44963144963145
"2013-2014","exam__MGXH1T2E","MGXH1T2E","Examination","numeric",2,2386,23.44963144963145
"2013-2014","exam__MGXH2T2","MGXH2T2","Examination","numeric",603,2503,24.5995085995086
"2013-2014","exam__MGXH2T2E","MGXH2T2E","Examination","numeric",2,2503,24.5995085995086
"2013-2014","exam__MGXH1T3","MGXH1T3","Examination","numeric",594,2389,23.479115479115478
"2013-2014","exam__MGXH1T3E","MGXH1T3E","Examination","numeric",2,2389,23.479115479115478
"2013-2014","exam__MGXH2T3","MGXH2T3","Examination","numeric",608,2511,24.678132678132677
"2013-2014","exam__MGXH2T3E","MGXH2T3E","Examination","numeric",2,2511,24.678132678132677
"2013-2014","exam__MGDCGSZ","MGDCGSZ","Examination","numeric",1128,2498,24.55036855036855
"2013-2014","exam__OHDEXSTS","OHDEXSTS","Examination","numeric",3,753,7.400491400491401
"2013-2014","exam__OHDDESTS","OHDDESTS","Examination","numeric",3,753,7.400491400491401
"2013-2014","exam__OHXIMP","OHXIMP","Examination","numeric",2,5856,57.552825552825546
"2013-2014","exam__OHX01TC","OHX01TC","Examination","numeric",3,1207,11.862407862407863
"2013-2014","exam__OHX02TC","OHX02TC","Examination","numeric",4,1207,11.862407862407863
"2013-2014","exam__OHX03TC","OHX03TC","Examination","numeric",4,1207,11.862407862407863
"2013-2014","exam__OHX04TC","OHX04TC","Examination","numeric",5,1207,11.862407862407863
"2013-2014","exam__OHX05TC","OHX05TC","Examination","numeric",5,1207,11.862407862407863
"2013-2014","exam__OHX06TC","OHX06TC","Examination","numeric",5,1207,11.862407862407863
"2013-2014","exam__OHX07TC","OHX07TC","Examination","numeric",5,1207,11.862407862407863
"2013-2014","exam__OHX08TC","OHX08TC","Examination","numeric",5,1207,11.862407862407863
"2013-2014","exam__OHX09TC","OHX09TC","Examination","numeric",5,1207,11.862407862407863
"2013-2014","exam__OHX10TC","OHX10TC","Examination","numeric",5,1207,11.862407862407863
"2013-2014","exam__OHX11TC","OHX11TC","Examination","numeric",5,1207,11.862407862407863
"2013-2014","exam__OHX12TC","OHX12TC","Examination","numeric",5,1207,11.862407862407863
"2013-2014","exam__OHX13TC","OHX13TC","Examination","numeric",5,1207,11.862407862407863
"2013-2014","exam__OHX14TC","OHX14TC","Examination","numeric",4,1207,11.862407862407863
"2013-2014","exam__OHX15TC","OHX15TC","Examination","numeric",4,1207,11.862407862407863
"2013-2014","exam__OHX16TC","OHX16TC","Examination","numeric",3,1207,11.862407862407863
"2013-2014","exam__OHX17TC","OHX17TC","Examination","numeric",3,1207,11.862407862407863
"2013-2014","exam__OHX18TC","OHX18TC","Examination","numeric",4,1207,11.862407862407863
"2013-2014","exam__OHX19TC","OHX19TC","Examination","numeric",4,1207,11.862407862407863
"2013-2014","exam__OHX20TC","OHX20TC","Examination","numeric",5,1207,11.862407862407863
"2013-2014","exam__OHX21TC","OHX21TC","Examination","numeric",5,1207,11.862407862407863
"2013-2014","exam__OHX22TC","OHX22TC","Examination","numeric",5,1207,11.862407862407863
"2013-2014","exam__OHX23TC","OHX23TC","Examination","numeric",5,1207,11.862407862407863
"2013-2014","exam__OHX24TC","OHX24TC","Examination","numeric",5,1207,11.862407862407863
"2013-2014","exam__OHX25TC","OHX25TC","Examination","numeric",5,1207,11.862407862407863
"2013-2014","exam__OHX26TC","OHX26TC","Examination","numeric",5,1207,11.862407862407863
"2013-2014","exam__OHX27TC","OHX27TC","Examination","numeric",5,1207,11.862407862407863
"2013-2014","exam__OHX28TC","OHX28TC","Examination","numeric",5,1207,11.862407862407863
"2013-2014","exam__OHX29TC","OHX29TC","Examination","numeric",5,1207,11.862407862407863
"2013-2014","exam__OHX30TC","OHX30TC","Examination","numeric",4,1207,11.862407862407863
"2013-2014","exam__OHX31TC","OHX31TC","Examination","numeric",4,1207,11.862407862407863
"2013-2014","exam__OHX32TC","OHX32TC","Examination","numeric",3,1207,11.862407862407863
"2013-2014","exam__OHX02CTC","OHX02CTC","Examination","character",11,1210,11.891891891891893
"2013-2014","exam__OHX03CTC","OHX03CTC","Examination","character",12,1210,11.891891891891893
"2013-2014","exam__OHX04CTC","OHX04CTC","Examination","character",12,1210,11.891891891891893
"2013-2014","exam__OHX05CTC","OHX05CTC","Examination","character",14,1210,11.891891891891893
"2013-2014","exam__OHX06CTC","OHX06CTC","Examination","character",13,1210,11.891891891891893
"2013-2014","exam__OHX07CTC","OHX07CTC","Examination","character",14,1210,11.891891891891893
"2013-2014","exam__OHX08CTC","OHX08CTC","Examination","character",14,1210,11.891891891891893
"2013-2014","exam__OHX09CTC","OHX09CTC","Examination","character",14,1210,11.891891891891893
"2013-2014","exam__OHX10CTC","OHX10CTC","Examination","character",13,1210,11.891891891891893
"2013-2014","exam__OHX11CTC","OHX11CTC","Examination","character",13,1210,11.891891891891893
"2013-2014","exam__OHX12CTC","OHX12CTC","Examination","character",14,1210,11.891891891891893
"2013-2014","exam__OHX13CTC","OHX13CTC","Examination","character",13,1210,11.891891891891893
"2013-2014","exam__OHX14CTC","OHX14CTC","Examination","character",10,1210,11.891891891891893
"2013-2014","exam__OHX15CTC","OHX15CTC","Examination","character",10,1210,11.891891891891893
"2013-2014","exam__OHX18CTC","OHX18CTC","Examination","character",11,1210,11.891891891891893
"2013-2014","exam__OHX19CTC","OHX19CTC","Examination","character",11,1210,11.891891891891893
"2013-2014","exam__OHX20CTC","OHX20CTC","Examination","character",14,1210,11.891891891891893
"2013-2014","exam__OHX21CTC","OHX21CTC","Examination","character",13,1210,11.891891891891893
"2013-2014","exam__OHX22CTC","OHX22CTC","Examination","character",13,1210,11.891891891891893
"2013-2014","exam__OHX23CTC","OHX23CTC","Examination","character",12,1210,11.891891891891893
"2013-2014","exam__OHX24CTC","OHX24CTC","Examination","character",12,1210,11.891891891891893
"2013-2014","exam__OHX25CTC","OHX25CTC","Examination","character",13,1210,11.891891891891893
"2013-2014","exam__OHX26CTC","OHX26CTC","Examination","character",13,1210,11.891891891891893
"2013-2014","exam__OHX27CTC","OHX27CTC","Examination","character",12,1210,11.891891891891893
"2013-2014","exam__OHX28CTC","OHX28CTC","Examination","character",13,1210,11.891891891891893
"2013-2014","exam__OHX29CTC","OHX29CTC","Examination","character",13,1210,11.891891891891893
"2013-2014","exam__OHX30CTC","OHX30CTC","Examination","character",11,1210,11.891891891891893
"2013-2014","exam__OHX31CTC","OHX31CTC","Examination","character",11,1210,11.891891891891893
"2013-2014","exam__OHX02CSC","OHX02CSC","Examination","numeric",52,7800,76.65847665847666
"2013-2014","exam__OHX03CSC","OHX03CSC","Examination","numeric",66,7244,71.19410319410319
"2013-2014","exam__OHX04CSC","OHX04CSC","Examination","numeric",55,8143,80.02948402948404
"2013-2014","exam__OHX05CSC","OHX05CSC","Examination","numeric",50,8505,83.58722358722359
"2013-2014","exam__OHX06CSC","OHX06CSC","Examination","numeric",32,9557,93.92628992628993
"2013-2014","exam__OHX07CSC","OHX07CSC","Examination","numeric",43,9298,91.38083538083538
"2013-2014","exam__OHX08CSC","OHX08CSC","Examination","numeric",41,9257,90.97788697788698
"2013-2014","exam__OHX09CSC","OHX09CSC","Examination","numeric",45,9290,91.3022113022113
"2013-2014","exam__OHX10CSC","OHX10CSC","Examination","numeric",37,9258,90.98771498771498
"2013-2014","exam__OHX11CSC","OHX11CSC","Examination","numeric",35,9502,93.38574938574938
"2013-2014","exam__OHX12CSC","OHX12CSC","Examination","numeric",50,8509,83.62653562653563
"2013-2014","exam__OHX13CSC","OHX13CSC","Examination","numeric",52,8167,80.26535626535627
"2013-2014","exam__OHX14CSC","OHX14CSC","Examination","numeric",69,7233,71.0859950859951
"2013-2014","exam__OHX15CSC","OHX15CSC","Examination","numeric",52,7798,76.63882063882063
"2013-2014","exam__OHX18CSC","OHX18CSC","Examination","numeric",57,7533,74.03439803439802
"2013-2014","exam__OHX19CSC","OHX19CSC","Examination","numeric",73,7247,71.22358722358723
"2013-2014","exam__OHX20CSC","OHX20CSC","Examination","numeric",52,8143,80.02948402948404
"2013-2014","exam__OHX21CSC","OHX21CSC","Examination","numeric",49,8941,87.87223587223588
"2013-2014","exam__OHX22CSC","OHX22CSC","Examination","numeric",29,9834,96.64864864864865
"2013-2014","exam__OHX23CSC","OHX23CSC","Examination","numeric",27,9997,98.25061425061425
"2013-2014","exam__OHX24CSC","OHX24CSC","Examination","numeric",23,10049,98.76167076167076
"2013-2014","exam__OHX25CSC","OHX25CSC","Examination","numeric",23,10034,98.61425061425061
"2013-2014","exam__OHX26CSC","OHX26CSC","Examination","numeric",23,10010,98.37837837837839
"2013-2014","exam__OHX27CSC","OHX27CSC","Examination","numeric",29,9858,96.88452088452088
"2013-2014","exam__OHX28CSC","OHX28CSC","Examination","numeric",48,8882,87.29238329238329
"2013-2014","exam__OHX29CSC","OHX29CSC","Examination","numeric",60,8122,79.82309582309583
"2013-2014","exam__OHX30CSC","OHX30CSC","Examination","numeric",74,7220,70.95823095823096
"2013-2014","exam__OHX31CSC","OHX31CSC","Examination","numeric",59,7440,73.12039312039312
"2013-2014","exam__OHX02SE","OHX02SE","Examination","numeric",4,6911,67.92137592137593
"2013-2014","exam__OHX03SE","OHX03SE","Examination","numeric",5,6911,67.92137592137593
"2013-2014","exam__OHX04SE","OHX04SE","Examination","numeric",4,6911,67.92137592137593
"2013-2014","exam__OHX05SE","OHX05SE","Examination","numeric",4,6911,67.92137592137593
"2013-2014","exam__OHX07SE","OHX07SE","Examination","numeric",3,6911,67.92137592137593
"2013-2014","exam__OHX10SE","OHX10SE","Examination","numeric",3,6911,67.92137592137593
"2013-2014","exam__OHX12SE","OHX12SE","Examination","numeric",4,6911,67.92137592137593
"2013-2014","exam__OHX13SE","OHX13SE","Examination","numeric",4,6911,67.92137592137593
"2013-2014","exam__OHX14SE","OHX14SE","Examination","numeric",4,6911,67.92137592137593
"2013-2014","exam__OHX15SE","OHX15SE","Examination","numeric",5,6911,67.92137592137593
"2013-2014","exam__OHX18SE","OHX18SE","Examination","numeric",5,6911,67.92137592137593
"2013-2014","exam__OHX19SE","OHX19SE","Examination","numeric",5,6911,67.92137592137593
"2013-2014","exam__OHX20SE","OHX20SE","Examination","numeric",4,6911,67.92137592137593
"2013-2014","exam__OHX21SE","OHX21SE","Examination","numeric",4,6911,67.92137592137593
"2013-2014","exam__OHX28SE","OHX28SE","Examination","numeric",4,6911,67.92137592137593
"2013-2014","exam__OHX29SE","OHX29SE","Examination","numeric",4,6911,67.92137592137593
"2013-2014","exam__OHX30SE","OHX30SE","Examination","numeric",5,6911,67.92137592137593
"2013-2014","exam__OHX31SE","OHX31SE","Examination","numeric",4,6911,67.92137592137593
"2013-2014","exam__CSXEXSTS","CSXEXSTS","Examination","numeric",3,6467,63.55773955773956
"2013-2014","exam__CSXEXCMT","CSXEXCMT","Examination","numeric",16,9967,97.95577395577395
"2013-2014","exam__CSQ245","CSQ245","Examination","numeric",4,6618,65.04176904176904
"2013-2014","exam__CSQ241","CSQ241","Examination","numeric",4,9196,90.37837837837837
"2013-2014","exam__CSQ260A","CSQ260A","Examination","numeric",3,9993,98.21130221130221
"2013-2014","exam__CSQ260D","CSQ260D","Examination","numeric",1,10101,99.27272727272727
"2013-2014","exam__CSQ260G","CSQ260G","Examination","numeric",1,9892,97.21867321867322
"2013-2014","exam__CSQ260I","CSQ260I","Examination","numeric",1,10070,98.96805896805897
"2013-2014","exam__CSQ260N","CSQ260N","Examination","numeric",1,9754,95.86240786240786
"2013-2014","exam__CSQ260M","CSQ260M","Examination","numeric",1,7421,72.93366093366093
"2013-2014","exam__CSQ270","CSQ270","Examination","numeric",3,9892,97.21867321867322
"2013-2014","exam__CSQ450","CSQ450","Examination","numeric",83,6755,66.38820638820638
"2013-2014","exam__CSQ460","CSQ460","Examination","numeric",95,6759,66.42751842751842
"2013-2014","exam__CSQ470","CSQ470","Examination","numeric",95,6763,66.46683046683046
"2013-2014","exam__CSQ480","CSQ480","Examination","numeric",67,6764,66.47665847665849
"2013-2014","exam__CSQ490","CSQ490","Examination","numeric",94,6764,66.47665847665849
"2013-2014","exam__CSXQUIPG","CSXQUIPG","Examination","numeric",85,7042,69.2088452088452
"2013-2014","exam__CSXQUIPT","CSXQUIPT","Examination","numeric",5,7042,69.2088452088452
"2013-2014","exam__CSXNAPG","CSXNAPG","Examination","numeric",91,7046,69.24815724815726
"2013-2014","exam__CSXNAPT","CSXNAPT","Examination","numeric",5,6958,68.38329238329239
"2013-2014","exam__CSXQUISG","CSXQUISG","Examination","numeric",101,7061,69.39557739557739
"2013-2014","exam__CSXQUIST","CSXQUIST","Examination","numeric",5,7061,69.39557739557739
"2013-2014","exam__CSXSLTSG","CSXSLTSG","Examination","numeric",99,6958,68.38329238329239
"2013-2014","exam__CSXSLTST","CSXSLTST","Examination","numeric",5,6958,68.38329238329239
"2013-2014","exam__CSXNASG","CSXNASG","Examination","numeric",99,6957,68.37346437346437
"2013-2014","exam__CSXNAST","CSXNAST","Examination","numeric",5,6957,68.37346437346437
"2013-2014","exam__CSXTSEQ","CSXTSEQ","Examination","character",2,6941,68.21621621621622
"2013-2014","exam__CSXCHOOD","CSXCHOOD","Examination","numeric",4,6648,65.33660933660934
"2013-2014","exam__CSXSBOD","CSXSBOD","Examination","numeric",4,6650,65.35626535626535
"2013-2014","exam__CSXSMKOD","CSXSMKOD","Examination","numeric",4,6652,65.37592137592138
"2013-2014","exam__CSXLEAOD","CSXLEAOD","Examination","numeric",4,6655,65.4054054054054
"2013-2014","exam__CSXSOAOD","CSXSOAOD","Examination","numeric",4,6655,65.4054054054054
"2013-2014","exam__CSXGRAOD","CSXGRAOD","Examination","numeric",4,6656,65.41523341523342
"2013-2014","exam__CSXONOD","CSXONOD","Examination","numeric",4,6656,65.41523341523342
"2013-2014","exam__CSXNGSOD","CSXNGSOD","Examination","numeric",4,6656,65.41523341523342
"2013-2014","exam__CSXSLTRT","CSXSLTRT","Examination","numeric",98,8580,84.32432432432432
"2013-2014","exam__CSXSLTRG","CSXSLTRG","Examination","numeric",5,8580,84.32432432432432
"2013-2014","exam__CSXNART","CSXNART","Examination","numeric",97,8562,84.14742014742015
"2013-2014","exam__CSXNARG","CSXNARG","Examination","numeric",5,8562,84.14742014742015
"2013-2014","exam__CSAEFFRT","CSAEFFRT","Examination","numeric",5,6638,65.23832923832924
"2013-2014","lab__URXUMA","URXUMA","Labs","numeric",628,2123,20.864864864864867
"2013-2014","lab__URXUMS","URXUMS","Labs","numeric",628,2123,20.864864864864867
"2013-2014","lab__URXCRS","URXCRS","Labs","numeric",408,2123,20.864864864864867
"2013-2014","lab__URDACT","URDACT","Labs","numeric",2853,2123,20.864864864864867
"2013-2014","lab__LBXAPB","LBXAPB","Labs","numeric",155,7030,69.0909090909091
"2013-2014","lab__LBDAPBSI","LBDAPBSI","Labs","numeric",155,7030,69.0909090909091
"2013-2014","lab__LBXSAL","LBXSAL","Labs","numeric",31,3622,35.597051597051596
"2013-2014","lab__LBDSALSI","LBDSALSI","Labs","numeric",31,3622,35.597051597051596
"2013-2014","lab__LBXSAPSI","LBXSAPSI","Labs","numeric",316,3623,35.6068796068796
"2013-2014","lab__LBXSASSI","LBXSASSI","Labs","numeric",116,3624,35.616707616707615
"2013-2014","lab__LBXSATSI","LBXSATSI","Labs","numeric",130,3624,35.616707616707615
"2013-2014","lab__LBXSBU","LBXSBU","Labs","numeric",63,3622,35.597051597051596
"2013-2014","lab__LBDSBUSI","LBDSBUSI","Labs","numeric",63,3622,35.597051597051596
"2013-2014","lab__LBXSC3SI","LBXSC3SI","Labs","numeric",22,3622,35.597051597051596
"2013-2014","lab__LBXSCA","LBXSCA","Labs","numeric",39,3664,36.00982800982801
"2013-2014","lab__LBDSCASI","LBDSCASI","Labs","numeric",39,3664,36.00982800982801
"2013-2014","lab__LBXSCH","LBXSCH","Labs","numeric",252,3624,35.616707616707615
"2013-2014","lab__LBDSCHSI","LBDSCHSI","Labs","numeric",252,3624,35.616707616707615
"2013-2014","lab__LBXSCK","LBXSCK","Labs","numeric",605,3633,35.70515970515971
"2013-2014","lab__LBXSCLSI","LBXSCLSI","Labs","numeric",32,3622,35.597051597051596
"2013-2014","lab__LBXSCR","LBXSCR","Labs","numeric",210,3622,35.597051597051596
"2013-2014","lab__LBDSCRSI","LBDSCRSI","Labs","numeric",210,3622,35.597051597051596
"2013-2014","lab__LBXSGB","LBXSGB","Labs","numeric",39,3631,35.68550368550368
"2013-2014","lab__LBDSGBSI","LBDSGBSI","Labs","numeric",39,3631,35.68550368550368
"2013-2014","lab__LBXSGL","LBXSGL","Labs","numeric",266,3622,35.597051597051596
"2013-2014","lab__LBDSGLSI","LBDSGLSI","Labs","numeric",266,3622,35.597051597051596
"2013-2014","lab__LBXSGTSI","LBXSGTSI","Labs","numeric",202,3623,35.6068796068796
"2013-2014","lab__LBXSIR","LBXSIR","Labs","numeric",229,3648,35.85257985257985
"2013-2014","lab__LBDSIRSI","LBDSIRSI","Labs","numeric",229,3648,35.85257985257985
"2013-2014","lab__LBXSKSI","LBXSKSI","Labs","numeric",31,3623,35.6068796068796
"2013-2014","lab__LBXSLDSI","LBXSLDSI","Labs","numeric",205,3624,35.616707616707615
"2013-2014","lab__LBXSNASI","LBXSNASI","Labs","numeric",27,3622,35.597051597051596
"2013-2014","lab__LBXSOSSI","LBXSOSSI","Labs","numeric",55,3622,35.597051597051596
"2013-2014","lab__LBXSPH","LBXSPH","Labs","numeric",53,3623,35.6068796068796
"2013-2014","lab__LBDSPHSI","LBDSPHSI","Labs","numeric",53,3623,35.6068796068796
"2013-2014","lab__LBXSTB","LBXSTB","Labs","numeric",38,3626,35.63636363636364
"2013-2014","lab__LBDSTBSI","LBDSTBSI","Labs","numeric",38,3626,35.63636363636364
"2013-2014","lab__LBXSTP","LBXSTP","Labs","numeric",42,3631,35.68550368550368
"2013-2014","lab__LBDSTPSI","LBDSTPSI","Labs","numeric",42,3631,35.68550368550368
"2013-2014","lab__LBXSTR","LBXSTR","Labs","numeric",517,3626,35.63636363636364
"2013-2014","lab__LBDSTRSI","LBDSTRSI","Labs","numeric",517,3626,35.63636363636364
"2013-2014","lab__LBXSUA","LBXSUA","Labs","numeric",99,3624,35.616707616707615
"2013-2014","lab__LBDSUASI","LBDSUASI","Labs","numeric",99,3624,35.616707616707615
"2013-2014","lab__LBXWBCSI","LBXWBCSI","Labs","numeric",161,1631,16.029484029484028
"2013-2014","lab__LBXLYPCT","LBXLYPCT","Labs","numeric",603,1656,16.275184275184277
"2013-2014","lab__LBXMOPCT","LBXMOPCT","Labs","numeric",170,1656,16.275184275184277
"2013-2014","lab__LBXNEPCT","LBXNEPCT","Labs","numeric",649,1656,16.275184275184277
"2013-2014","lab__LBXEOPCT","LBXEOPCT","Labs","numeric",172,1656,16.275184275184277
"2013-2014","lab__LBXBAPCT","LBXBAPCT","Labs","numeric",35,1656,16.275184275184277
"2013-2014","lab__LBDLYMNO","LBDLYMNO","Labs","numeric",87,1656,16.275184275184277
"2013-2014","lab__LBDMONO","LBDMONO","Labs","numeric",22,1656,16.275184275184277
"2013-2014","lab__LBDNENO","LBDNENO","Labs","numeric",131,1656,16.275184275184277
"2013-2014","lab__LBDEONO","LBDEONO","Labs","numeric",26,1656,16.275184275184277
"2013-2014","lab__LBDBANO","LBDBANO","Labs","numeric",5,1656,16.275184275184277
"2013-2014","lab__LBXRBCSI","LBXRBCSI","Labs","numeric",321,1631,16.029484029484028
"2013-2014","lab__LBXHGB","LBXHGB","Labs","numeric",108,1631,16.029484029484028
"2013-2014","lab__LBXHCT","LBXHCT","Labs","numeric",270,1631,16.029484029484028
"2013-2014","lab__LBXMCVSI","LBXMCVSI","Labs","numeric",431,1631,16.029484029484028
"2013-2014","lab__LBXMCHSI","LBXMCHSI","Labs","numeric",191,1631,16.029484029484028
"2013-2014","lab__LBXMC","LBXMC","Labs","numeric",84,1631,16.029484029484028
"2013-2014","lab__LBXRDW","LBXRDW","Labs","numeric",106,1631,16.029484029484028
"2013-2014","lab__LBXPLTSI","LBXPLTSI","Labs","numeric",416,1631,16.029484029484028
"2013-2014","lab__LBXMPSI","LBXMPSI","Labs","numeric",71,1631,16.029484029484028
"2013-2014","lab__URXUCL","URXUCL","Labs","numeric",2,8001,78.63390663390663
"2013-2014","lab__LBXSCU","LBXSCU","Labs","numeric",958,7655,75.23341523341523
"2013-2014","lab__LBDSCUSI","LBDSCUSI","Labs","numeric",958,7655,75.23341523341523
"2013-2014","lab__LBXSSE","LBXSSE","Labs","numeric",722,7656,75.24324324324324
"2013-2014","lab__LBDSSESI","LBDSSESI","Labs","numeric",143,7656,75.24324324324324
"2013-2014","lab__LBXSZN","LBXSZN","Labs","numeric",639,7656,75.24324324324324
"2013-2014","lab__LBDSZNSI","LBDSZNSI","Labs","numeric",639,7656,75.24324324324324
"2013-2014","lab__URXBP3","URXBP3","Labs","numeric",1096,7489,73.6019656019656
"2013-2014","lab__URDBP3LC","URDBP3LC","Labs","numeric",2,7489,73.6019656019656
"2013-2014","lab__URXBPH","URXBPH","Labs","numeric",164,7489,73.6019656019656
"2013-2014","lab__URDBPHLC","URDBPHLC","Labs","numeric",2,7489,73.6019656019656
"2013-2014","lab__URXBPF","URXBPF","Labs","numeric",194,7493,73.64127764127764
"2013-2014","lab__URDBPFLC","URDBPFLC","Labs","numeric",2,7493,73.64127764127764
"2013-2014","lab__URXBPS","URXBPS","Labs","numeric",130,7493,73.64127764127764
"2013-2014","lab__URDBPSLC","URDBPSLC","Labs","numeric",2,7493,73.64127764127764
"2013-2014","lab__URXTLC","URXTLC","Labs","numeric",217,7489,73.6019656019656
"2013-2014","lab__URDTLCLC","URDTLCLC","Labs","numeric",2,7489,73.6019656019656
"2013-2014","lab__URXTRS","URXTRS","Labs","numeric",818,7489,73.6019656019656
"2013-2014","lab__URDTRSLC","URDTRSLC","Labs","numeric",2,7489,73.6019656019656
"2013-2014","lab__URXBUP","URXBUP","Labs","numeric",146,7489,73.6019656019656
"2013-2014","lab__URDBUPLC","URDBUPLC","Labs","numeric",2,7489,73.6019656019656
"2013-2014","lab__URXEPB","URXEPB","Labs","numeric",456,7489,73.6019656019656
"2013-2014","lab__URDEPBLC","URDEPBLC","Labs","numeric",2,7489,73.6019656019656
"2013-2014","lab__URXMPB","URXMPB","Labs","numeric",1517,7489,73.6019656019656
"2013-2014","lab__URDMPBLC","URDMPBLC","Labs","numeric",2,7489,73.6019656019656
"2013-2014","lab__URXPPB","URXPPB","Labs","numeric",869,7489,73.6019656019656
"2013-2014","lab__URDPPBLC","URDPPBLC","Labs","numeric",2,7489,73.6019656019656
"2013-2014","lab__URX14D","URX14D","Labs","numeric",608,7489,73.6019656019656
"2013-2014","lab__URD14DLC","URD14DLC","Labs","numeric",2,7489,73.6019656019656
"2013-2014","lab__URXDCB","URXDCB","Labs","numeric",193,7489,73.6019656019656
"2013-2014","lab__URDDCBLC","URDDCBLC","Labs","numeric",2,7489,73.6019656019656
"2013-2014","lab__URXUCR","URXUCR","Labs","numeric",408,2123,20.864864864864867
"2013-2014","lab__PHQ020","PHQ020","Labs","numeric",2,993,9.75921375921376
"2013-2014","lab__PHACOFHR","PHACOFHR","Labs","numeric",14,10046,98.73218673218673
"2013-2014","lab__PHACOFMN","PHACOFMN","Labs","numeric",51,10046,98.73218673218673
"2013-2014","lab__PHQ030","PHQ030","Labs","numeric",2,993,9.75921375921376
"2013-2014","lab__PHAALCHR","PHAALCHR","Labs","numeric",16,10133,99.58722358722358
"2013-2014","lab__PHAALCMN","PHAALCMN","Labs","numeric",31,10133,99.58722358722358
"2013-2014","lab__PHQ040","PHQ040","Labs","numeric",2,993,9.75921375921376
"2013-2014","lab__PHAGUMHR","PHAGUMHR","Labs","numeric",15,9804,96.35380835380836
"2013-2014","lab__PHAGUMMN","PHAGUMMN","Labs","numeric",60,9804,96.35380835380836
"2013-2014","lab__PHQ050","PHQ050","Labs","numeric",2,993,9.75921375921376
"2013-2014","lab__PHAANTHR","PHAANTHR","Labs","numeric",14,10138,99.63636363636364
"2013-2014","lab__PHAANTMN","PHAANTMN","Labs","numeric",24,10138,99.63636363636364
"2013-2014","lab__PHQ060","PHQ060","Labs","numeric",2,993,9.75921375921376
"2013-2014","lab__PHASUPHR","PHASUPHR","Labs","numeric",13,10089,99.15479115479116
"2013-2014","lab__PHASUPMN","PHASUPMN","Labs","numeric",43,10089,99.15479115479116
"2013-2014","lab__PHDSESN","PHDSESN","Labs","numeric",3,753,7.400491400491401
"2013-2014","lab__LBDPFL","LBDPFL","Labs","numeric",138,7850,77.14987714987716
"2013-2014","lab__LBDWFL","LBDWFL","Labs","numeric",154,6075,59.7051597051597
"2013-2014","lab__LBDHDD","LBDHDD","Labs","numeric",116,2551,25.071253071253068
"2013-2014","lab__LBDHDDSI","LBDHDDSI","Labs","numeric",116,2551,25.071253071253068
"2013-2014","lab__LBXHA","LBXHA","Labs","numeric",2,1911,18.781326781326783
"2013-2014","lab__LBXHBS","LBXHBS","Labs","numeric",2,1914,18.81081081081081
"2013-2014","lab__LBXHBC","LBXHBC","Labs","numeric",2,2519,24.756756756756758
"2013-2014","lab__LBDHBG","LBDHBG","Labs","numeric",2,2523,24.796068796068795
"2013-2014","lab__LBDHD","LBDHD","Labs","numeric",2,2523,24.796068796068795
"2013-2014","lab__LBXHCR","LBXHCR","Labs","numeric",2,10038,98.65356265356266
"2013-2014","lab__LBXHCG","LBXHCG","Labs","numeric",5,10108,99.34152334152334
"2013-2014","lab__LBDHEG","LBDHEG","Labs","numeric",2,2519,24.756756756756758
"2013-2014","lab__LBDHEM","LBDHEM","Labs","numeric",2,2519,24.756756756756758
"2013-2014","lab__LBXHE1","LBXHE1","Labs","numeric",3,6506,63.941031941031945
"2013-2014","lab__LBXHE2","LBXHE2","Labs","numeric",3,7130,70.07371007371007
"2013-2014","lab__LBXGH","LBXGH","Labs","numeric",100,3532,34.712530712530715
"2013-2014","lab__LBDHI","LBDHI","Labs","numeric",3,6263,61.55282555282555
"2013-2014","lab__ORXGH","ORXGH","Labs","numeric",2,5118,50.2997542997543
"2013-2014","lab__ORXGL","ORXGL","Labs","numeric",2,5118,50.2997542997543
"2013-2014","lab__ORXH06","ORXH06","Labs","numeric",3,5118,50.2997542997543
"2013-2014","lab__ORXH11","ORXH11","Labs","numeric",3,5118,50.2997542997543
"2013-2014","lab__ORXH16","ORXH16","Labs","numeric",3,5118,50.2997542997543
"2013-2014","lab__ORXH18","ORXH18","Labs","numeric",3,5118,50.2997542997543
"2013-2014","lab__ORXH26","ORXH26","Labs","numeric",3,5118,50.2997542997543
"2013-2014","lab__ORXH31","ORXH31","Labs","numeric",3,5118,50.2997542997543
"2013-2014","lab__ORXH33","ORXH33","Labs","numeric",3,5118,50.2997542997543
"2013-2014","lab__ORXH35","ORXH35","Labs","numeric",3,5118,50.2997542997543
"2013-2014","lab__ORXH39","ORXH39","Labs","numeric",3,5118,50.2997542997543
"2013-2014","lab__ORXH40","ORXH40","Labs","numeric",3,5118,50.2997542997543
"2013-2014","lab__ORXH42","ORXH42","Labs","numeric",3,5118,50.2997542997543
"2013-2014","lab__ORXH45","ORXH45","Labs","numeric",3,5118,50.2997542997543
"2013-2014","lab__ORXH51","ORXH51","Labs","numeric",3,5118,50.2997542997543
"2013-2014","lab__ORXH52","ORXH52","Labs","numeric",3,5118,50.2997542997543
"2013-2014","lab__ORXH53","ORXH53","Labs","numeric",3,5118,50.2997542997543
"2013-2014","lab__ORXH54","ORXH54","Labs","numeric",3,5118,50.2997542997543
"2013-2014","lab__ORXH55","ORXH55","Labs","numeric",3,5118,50.2997542997543
"2013-2014","lab__ORXH56","ORXH56","Labs","numeric",3,5118,50.2997542997543
"2013-2014","lab__ORXH58","ORXH58","Labs","numeric",3,5118,50.2997542997543
"2013-2014","lab__ORXH59","ORXH59","Labs","numeric",3,5118,50.2997542997543
"2013-2014","lab__ORXH61","ORXH61","Labs","numeric",3,5118,50.2997542997543
"2013-2014","lab__ORXH62","ORXH62","Labs","numeric",3,5118,50.2997542997543
"2013-2014","lab__ORXH64","ORXH64","Labs","numeric",2,5118,50.2997542997543
"2013-2014","lab__ORXH66","ORXH66","Labs","numeric",3,5118,50.2997542997543
"2013-2014","lab__ORXH67","ORXH67","Labs","numeric",3,5118,50.2997542997543
"2013-2014","lab__ORXH68","ORXH68","Labs","numeric",3,5118,50.2997542997543
"2013-2014","lab__ORXH69","ORXH69","Labs","numeric",3,5118,50.2997542997543
"2013-2014","lab__ORXH70","ORXH70","Labs","numeric",3,5118,50.2997542997543
"2013-2014","lab__ORXH71","ORXH71","Labs","numeric",3,5118,50.2997542997543
"2013-2014","lab__ORXH72","ORXH72","Labs","numeric",3,5118,50.2997542997543
"2013-2014","lab__ORXH73","ORXH73","Labs","numeric",3,5118,50.2997542997543
"2013-2014","lab__ORXH81","ORXH81","Labs","numeric",3,5118,50.2997542997543
"2013-2014","lab__ORXH82","ORXH82","Labs","numeric",3,5118,50.2997542997543
"2013-2014","lab__ORXH83","ORXH83","Labs","numeric",3,5118,50.2997542997543
"2013-2014","lab__ORXH84","ORXH84","Labs","numeric",3,5118,50.2997542997543
"2013-2014","lab__ORXHPC","ORXHPC","Labs","numeric",3,5118,50.2997542997543
"2013-2014","lab__ORXHPI","ORXHPI","Labs","numeric",3,5118,50.2997542997543
"2013-2014","lab__ORXHPV","ORXHPV","Labs","numeric",3,5118,50.2997542997543
"2013-2014","lab__LBXHP2C","LBXHP2C","Labs","numeric",3,8180,80.3931203931204
"2013-2014","lab__LBXIN","LBXIN","Labs","numeric",1745,7082,69.6019656019656
"2013-2014","lab__LBDINSI","LBDINSI","Labs","numeric",1745,7082,69.6019656019656
"2013-2014","lab__URXUIO","URXUIO","Labs","numeric",1871,7509,73.79852579852579
"2013-2014","lab__WTSAF2YR","WTSAF2YR","Labs","numeric",2799,6846,67.28255528255528
"2013-2014","lab__LBXTR","LBXTR","Labs","numeric",349,7029,69.08108108108108
"2013-2014","lab__LBDTRSI","LBDTRSI","Labs","numeric",349,7029,69.08108108108108
"2013-2014","lab__LBDLDL","LBDLDL","Labs","numeric",195,7070,69.48402948402949
"2013-2014","lab__LBDLDLSI","LBDLDLSI","Labs","numeric",195,7070,69.48402948402949
"2013-2014","lab__LBXIHG","LBXIHG","Labs","numeric",99,5000,49.14004914004914
"2013-2014","lab__LBDIHGSI","LBDIHGSI","Labs","numeric",99,5000,49.14004914004914
"2013-2014","lab__LBDIHGLC","LBDIHGLC","Labs","numeric",2,5000,49.14004914004914
"2013-2014","lab__LBXBGE","LBXBGE","Labs","numeric",22,5000,49.14004914004914
"2013-2014","lab__LBDBGELC","LBDBGELC","Labs","numeric",2,5000,49.14004914004914
"2013-2014","lab__LBXBGM","LBXBGM","Labs","numeric",557,5000,49.14004914004914
"2013-2014","lab__LBDBGMLC","LBDBGMLC","Labs","numeric",2,5000,49.14004914004914
"2013-2014","lab__WTSOG2YR","WTSOG2YR","Labs","numeric",2543,7266,71.41031941031942
"2013-2014","lab__LBXGLT","LBXGLT","Labs","numeric",234,7830,76.95331695331696
"2013-2014","lab__LBDGLTSI","LBDGLTSI","Labs","numeric",234,7830,76.95331695331696
"2013-2014","lab__GTDSCMMN","GTDSCMMN","Labs","numeric",12,7766,76.32432432432432
"2013-2014","lab__GTDDR1MN","GTDDR1MN","Labs","numeric",27,7766,76.32432432432432
"2013-2014","lab__GTDBL2MN","GTDBL2MN","Labs","numeric",43,7829,76.94348894348894
"2013-2014","lab__GTDDR2MN","GTDDR2MN","Labs","numeric",35,7829,76.94348894348894
"2013-2014","lab__GTXDRANK","GTXDRANK","Labs","numeric",3,7661,75.29238329238329
"2013-2014","lab__PHAFSTHR","PHAFSTHR","Labs","numeric",37,993,9.75921375921376
"2013-2014","lab__PHAFSTMN","PHAFSTMN","Labs","numeric",60,993,9.75921375921376
"2013-2014","lab__GTDCODE","GTDCODE","Labs","numeric",9,7266,71.41031941031942
"2013-2014","lab__URXP01","URXP01","Labs","numeric",1919,7535,74.05405405405405
"2013-2014","lab__URDP01LC","URDP01LC","Labs","numeric",2,7535,74.05405405405405
"2013-2014","lab__URXP02","URXP02","Labs","numeric",2342,7534,74.04422604422605
"2013-2014","lab__URDP02LC","URDP02LC","Labs","numeric",1,7534,74.04422604422605
"2013-2014","lab__URXP03","URXP03","Labs","numeric",624,7525,73.95577395577395
"2013-2014","lab__URDP03LC","URDP03LC","Labs","numeric",2,7525,73.95577395577395
"2013-2014","lab__URXP04","URXP04","Labs","numeric",872,7525,73.95577395577395
"2013-2014","lab__URDP04LC","URDP04LC","Labs","numeric",2,7525,73.95577395577395
"2013-2014","lab__URXP06","URXP06","Labs","numeric",463,7525,73.95577395577395
"2013-2014","lab__URDP06LC","URDP06LC","Labs","numeric",2,7525,73.95577395577395
"2013-2014","lab__URXP10","URXP10","Labs","numeric",544,7525,73.95577395577395
"2013-2014","lab__URDP10LC","URDP10LC","Labs","numeric",2,7525,73.95577395577395
"2013-2014","lab__URXP25","URXP25","Labs","numeric",571,7525,73.95577395577395
"2013-2014","lab__URDP25LC","URDP25LC","Labs","numeric",2,7525,73.95577395577395
"2013-2014","lab__WTSA2YR","WTSA2YR","Labs","numeric",2555,7420,72.92383292383292
"2013-2014","lab__URXUP8","URXUP8","Labs","numeric",1045,7531,74.01474201474201
"2013-2014","lab__URDUP8LC","URDUP8LC","Labs","numeric",2,7531,74.01474201474201
"2013-2014","lab__URXNO3","URXNO3","Labs","numeric",1007,7531,74.01474201474201
"2013-2014","lab__URDNO3LC","URDNO3LC","Labs","numeric",2,7531,74.01474201474201
"2013-2014","lab__URXSCN","URXSCN","Labs","numeric",1220,7532,74.02457002457002
"2013-2014","lab__URDSCNLC","URDSCNLC","Labs","numeric",2,7532,74.02457002457002
"2013-2014","lab__LBXPFDE","LBXPFDE","Labs","numeric",38,8007,78.6928746928747
"2013-2014","lab__LBDPFDEL","LBDPFDEL","Labs","numeric",2,8007,78.6928746928747
"2013-2014","lab__LBXPFHS","LBXPFHS","Labs","numeric",115,8007,78.6928746928747
"2013-2014","lab__LBDPFHSL","LBDPFHSL","Labs","numeric",2,8007,78.6928746928747
"2013-2014","lab__LBXMPAH","LBXMPAH","Labs","numeric",26,8007,78.6928746928747
"2013-2014","lab__LBDMPAHL","LBDMPAHL","Labs","numeric",2,8007,78.6928746928747
"2013-2014","lab__LBXPFBS","LBXPFBS","Labs","numeric",4,8007,78.6928746928747
"2013-2014","lab__LBDPFBSL","LBDPFBSL","Labs","numeric",2,8007,78.6928746928747
"2013-2014","lab__LBXPFHP","LBXPFHP","Labs","numeric",9,8007,78.6928746928747
"2013-2014","lab__LBDPFHPL","LBDPFHPL","Labs","numeric",2,8007,78.6928746928747
"2013-2014","lab__LBXPFNA","LBXPFNA","Labs","numeric",57,8007,78.6928746928747
"2013-2014","lab__LBDPFNAL","LBDPFNAL","Labs","numeric",2,8007,78.6928746928747
"2013-2014","lab__LBXPFUA","LBXPFUA","Labs","numeric",26,8007,78.6928746928747
"2013-2014","lab__LBDPFUAL","LBDPFUAL","Labs","numeric",2,8007,78.6928746928747
"2013-2014","lab__LBXPFDO","LBXPFDO","Labs","numeric",10,8007,78.6928746928747
"2013-2014","lab__LBDPFDOL","LBDPFDOL","Labs","numeric",2,8007,78.6928746928747
"2013-2014","lab__WTSB2YR","WTSB2YR","Labs","numeric",2542,7398,72.70761670761671
"2013-2014","lab__URXCNP","URXCNP","Labs","numeric",267,7490,73.6117936117936
"2013-2014","lab__URDCNPLC","URDCNPLC","Labs","numeric",2,7490,73.6117936117936
"2013-2014","lab__URXCOP","URXCOP","Labs","numeric",998,7490,73.6117936117936
"2013-2014","lab__URDCOPLC","URDCOPLC","Labs","numeric",2,7490,73.6117936117936
"2013-2014","lab__URXECP","URXECP","Labs","numeric",592,7490,73.6117936117936
"2013-2014","lab__URDECPLC","URDECPLC","Labs","numeric",2,7490,73.6117936117936
"2013-2014","lab__URXMBP","URXMBP","Labs","numeric",571,7490,73.6117936117936
"2013-2014","lab__URDMBPLC","URDMBPLC","Labs","numeric",2,7490,73.6117936117936
"2013-2014","lab__URXMC1","URXMC1","Labs","numeric",287,7490,73.6117936117936
"2013-2014","lab__URDMC1LC","URDMC1LC","Labs","numeric",2,7490,73.6117936117936
"2013-2014","lab__URXMEP","URXMEP","Labs","numeric",1323,7490,73.6117936117936
"2013-2014","lab__URDMEPLC","URDMEPLC","Labs","numeric",2,7490,73.6117936117936
"2013-2014","lab__URXMHH","URXMHH","Labs","numeric",452,7490,73.6117936117936
"2013-2014","lab__URDMHHLC","URDMHHLC","Labs","numeric",2,7490,73.6117936117936
"2013-2014","lab__URXMHNC","URXMHNC","Labs","numeric",70,7490,73.6117936117936
"2013-2014","lab__URDMCHLC","URDMCHLC","Labs","numeric",2,7490,73.6117936117936
"2013-2014","lab__URXMHP","URXMHP","Labs","numeric",152,7490,73.6117936117936
"2013-2014","lab__URDMHPLC","URDMHPLC","Labs","numeric",2,7490,73.6117936117936
"2013-2014","lab__URXMIB","URXMIB","Labs","numeric",497,7490,73.6117936117936
"2013-2014","lab__URDMIBLC","URDMIBLC","Labs","numeric",2,7490,73.6117936117936
"2013-2014","lab__URXMNP","URXMNP","Labs","numeric",213,7490,73.6117936117936
"2013-2014","lab__URDMNPLC","URDMNPLC","Labs","numeric",2,7490,73.6117936117936
"2013-2014","lab__URXMOH","URXMOH","Labs","numeric",331,7490,73.6117936117936
"2013-2014","lab__URDMOHLC","URDMOHLC","Labs","numeric",2,7490,73.6117936117936
"2013-2014","lab__URXMZP","URXMZP","Labs","numeric",452,7490,73.6117936117936
"2013-2014","lab__URDMZPLC","URDMZPLC","Labs","numeric",2,7490,73.6117936117936
"2013-2014","lab__LBXTC","LBXTC","Labs","numeric",253,2551,25.071253071253068
"2013-2014","lab__LBDTCSI","LBDTCSI","Labs","numeric",253,2551,25.071253071253068
"2013-2014","lab__LBXTTG","LBXTTG","Labs","numeric",3,2598,25.53316953316953
"2013-2014","lab__LBXEMA","LBXEMA","Labs","numeric",3,10141,99.66584766584766
"2013-2014","lab__LBXBPB","LBXBPB","Labs","numeric",452,4960,48.746928746928745
"2013-2014","lab__LBDBPBSI","LBDBPBSI","Labs","numeric",276,4960,48.746928746928745
"2013-2014","lab__LBDBPBLC","LBDBPBLC","Labs","numeric",1,4960,48.746928746928745
"2013-2014","lab__LBXBCD","LBXBCD","Labs","numeric",229,4960,48.746928746928745
"2013-2014","lab__LBDBCDSI","LBDBCDSI","Labs","numeric",229,4960,48.746928746928745
"2013-2014","lab__LBDBCDLC","LBDBCDLC","Labs","numeric",2,4960,48.746928746928745
"2013-2014","lab__LBXTHG","LBXTHG","Labs","numeric",555,4960,48.746928746928745
"2013-2014","lab__LBDTHGSI","LBDTHGSI","Labs","numeric",372,4960,48.746928746928745
"2013-2014","lab__LBDTHGLC","LBDTHGLC","Labs","numeric",2,4960,48.746928746928745
"2013-2014","lab__LBXBSE","LBXBSE","Labs","numeric",3918,4960,48.746928746928745
"2013-2014","lab__LBDBSESI","LBDBSESI","Labs","numeric",216,4960,48.746928746928745
"2013-2014","lab__LBDBSELC","LBDBSELC","Labs","numeric",1,4960,48.746928746928745
"2013-2014","lab__LBXBMN","LBXBMN","Labs","numeric",1420,4960,48.746928746928745
"2013-2014","lab__LBDBMNSI","LBDBMNSI","Labs","numeric",1420,4960,48.746928746928745
"2013-2014","lab__LBDBMNLC","LBDBMNLC","Labs","numeric",1,4960,48.746928746928745
"2013-2014","lab__URXUTRI","URXUTRI","Labs","numeric",2,6118,60.127764127764124
"2013-2014","lab__URXUAS3","URXUAS3","Labs","numeric",197,7521,73.91646191646191
"2013-2014","lab__URDUA3LC","URDUA3LC","Labs","numeric",2,7521,73.91646191646191
"2013-2014","lab__URXUAS5","URXUAS5","Labs","numeric",29,7521,73.91646191646191
"2013-2014","lab__URDUA5LC","URDUA5LC","Labs","numeric",2,7521,73.91646191646191
"2013-2014","lab__URXUAB","URXUAB","Labs","numeric",744,7521,73.91646191646191
"2013-2014","lab__URDUABLC","URDUABLC","Labs","numeric",2,7521,73.91646191646191
"2013-2014","lab__URXUAC","URXUAC","Labs","numeric",87,7521,73.91646191646191
"2013-2014","lab__URDUACLC","URDUACLC","Labs","numeric",2,7521,73.91646191646191
"2013-2014","lab__URXUDMA","URXUDMA","Labs","numeric",791,7521,73.91646191646191
"2013-2014","lab__URDUDALC","URDUDALC","Labs","numeric",2,7521,73.91646191646191
"2013-2014","lab__URXUMMA","URXUMMA","Labs","numeric",226,7521,73.91646191646191
"2013-2014","lab__URDUMMAL","URDUMMAL","Labs","numeric",2,7521,73.91646191646191
"2013-2014","lab__URXVOL1","URXVOL1","Labs","numeric",409,2118,20.815724815724813
"2013-2014","lab__URDFLOW1","URDFLOW1","Labs","numeric",2147,3025,29.72972972972973
"2013-2014","lab__URXVOL2","URXVOL2","Labs","numeric",360,8319,81.75921375921375
"2013-2014","lab__URDFLOW2","URDFLOW2","Labs","numeric",1257,8320,81.76904176904178
"2013-2014","lab__URXVOL3","URXVOL3","Labs","numeric",80,10076,99.02702702702703
"2013-2014","lab__URDFLOW3","URDFLOW3","Labs","numeric",96,10076,99.02702702702703
"2013-2014","lab__URXUHG","URXUHG","Labs","numeric",250,7509,73.79852579852579
"2013-2014","lab__URDUHGLC","URDUHGLC","Labs","numeric",2,7509,73.79852579852579
"2013-2014","lab__URXUBA","URXUBA","Labs","numeric",544,7511,73.81818181818181
"2013-2014","lab__URDUBALC","URDUBALC","Labs","numeric",2,7511,73.81818181818181
"2013-2014","lab__URXUCD","URXUCD","Labs","numeric",669,7511,73.81818181818181
"2013-2014","lab__URDUCDLC","URDUCDLC","Labs","numeric",2,7511,73.81818181818181
"2013-2014","lab__URXUCO","URXUCO","Labs","numeric",1025,7511,73.81818181818181
"2013-2014","lab__URDUCOLC","URDUCOLC","Labs","numeric",2,7511,73.81818181818181
"2013-2014","lab__URXUCS","URXUCS","Labs","numeric",1459,7511,73.81818181818181
"2013-2014","lab__URDUCSLC","URDUCSLC","Labs","numeric",1,7511,73.81818181818181
"2013-2014","lab__URXUMO","URXUMO","Labs","numeric",1553,7511,73.81818181818181
"2013-2014","lab__URDUMOLC","URDUMOLC","Labs","numeric",1,7511,73.81818181818181
"2013-2014","lab__URXUMN","URXUMN","Labs","numeric",86,7511,73.81818181818181
"2013-2014","lab__URDUMNLC","URDUMNLC","Labs","numeric",2,7511,73.81818181818181
"2013-2014","lab__URXUPB","URXUPB","Labs","numeric",218,7511,73.81818181818181
"2013-2014","lab__URDUPBLC","URDUPBLC","Labs","numeric",2,7511,73.81818181818181
"2013-2014","lab__URXUSB","URXUSB","Labs","numeric",288,7511,73.81818181818181
"2013-2014","lab__URDUSBLC","URDUSBLC","Labs","numeric",2,7511,73.81818181818181
"2013-2014","lab__URXUSN","URXUSN","Labs","numeric",469,7511,73.81818181818181
"2013-2014","lab__URDUSNLC","URDUSNLC","Labs","numeric",2,7511,73.81818181818181
"2013-2014","lab__URXUSR","URXUSR","Labs","numeric",2516,7511,73.81818181818181
"2013-2014","lab__URDUSRLC","URDUSRLC","Labs","numeric",2,7511,73.81818181818181
"2013-2014","lab__URXUTL","URXUTL","Labs","numeric",502,7511,73.81818181818181
"2013-2014","lab__URDUTLLC","URDUTLLC","Labs","numeric",2,7511,73.81818181818181
"2013-2014","lab__URXUTU","URXUTU","Labs","numeric",472,7511,73.81818181818181
"2013-2014","lab__URDUTULC","URDUTULC","Labs","numeric",2,7511,73.81818181818181
"2013-2014","lab__URXUUR","URXUUR","Labs","numeric",416,7511,73.81818181818181
"2013-2014","lab__URDUURLC","URDUURLC","Labs","numeric",2,7511,73.81818181818181
"2013-2014","lab__URXPREG","URXPREG","Labs","numeric",3,8914,87.6068796068796
"2013-2014","lab__URXUAS","URXUAS","Labs","numeric",1524,7513,73.83783783783784
"2013-2014","lab__LBDB12","LBDB12","Labs","numeric",1065,4859,47.75429975429976
"2013-2014","lab__LBDB12SI","LBDB12SI","Labs","numeric",1065,4859,47.75429975429976
"2013-2014","lab__LBDR06","LBDR06","Labs","numeric",3,6312,62.03439803439803
"2013-2014","lab__LBDR11","LBDR11","Labs","numeric",3,6312,62.03439803439803
"2013-2014","lab__LBDR16","LBDR16","Labs","numeric",3,6312,62.03439803439803
"2013-2014","lab__LBDR18","LBDR18","Labs","numeric",3,6312,62.03439803439803
"2013-2014","lab__LBDR26","LBDR26","Labs","numeric",3,6312,62.03439803439803
"2013-2014","lab__LBDR31","LBDR31","Labs","numeric",3,6312,62.03439803439803
"2013-2014","lab__LBDR33","LBDR33","Labs","numeric",3,6312,62.03439803439803
"2013-2014","lab__LBDR35","LBDR35","Labs","numeric",3,6312,62.03439803439803
"2013-2014","lab__LBDR39","LBDR39","Labs","numeric",3,6312,62.03439803439803
"2013-2014","lab__LBDR40","LBDR40","Labs","numeric",3,6312,62.03439803439803
"2013-2014","lab__LBDR42","LBDR42","Labs","numeric",3,6312,62.03439803439803
"2013-2014","lab__LBDR45","LBDR45","Labs","numeric",3,6312,62.03439803439803
"2013-2014","lab__LBDR51","LBDR51","Labs","numeric",3,6312,62.03439803439803
"2013-2014","lab__LBDR52","LBDR52","Labs","numeric",3,6312,62.03439803439803
"2013-2014","lab__LBDR53","LBDR53","Labs","numeric",3,6312,62.03439803439803
"2013-2014","lab__LBDR54","LBDR54","Labs","numeric",3,6312,62.03439803439803
"2013-2014","lab__LBDR55","LBDR55","Labs","numeric",3,6312,62.03439803439803
"2013-2014","lab__LBDR56","LBDR56","Labs","numeric",3,6312,62.03439803439803
"2013-2014","lab__LBDR58","LBDR58","Labs","numeric",3,6312,62.03439803439803
"2013-2014","lab__LBDR59","LBDR59","Labs","numeric",3,6312,62.03439803439803
"2013-2014","lab__LBDR61","LBDR61","Labs","numeric",3,6312,62.03439803439803
"2013-2014","lab__LBDR62","LBDR62","Labs","numeric",3,6312,62.03439803439803
"2013-2014","lab__LBDR64","LBDR64","Labs","numeric",3,6312,62.03439803439803
"2013-2014","lab__LBDR66","LBDR66","Labs","numeric",3,6312,62.03439803439803
"2013-2014","lab__LBDR67","LBDR67","Labs","numeric",3,6312,62.03439803439803
"2013-2014","lab__LBDR68","LBDR68","Labs","numeric",3,6312,62.03439803439803
"2013-2014","lab__LBDR69","LBDR69","Labs","numeric",3,6312,62.03439803439803
"2013-2014","lab__LBDR70","LBDR70","Labs","numeric",3,6312,62.03439803439803
"2013-2014","lab__LBDR71","LBDR71","Labs","numeric",3,6312,62.03439803439803
"2013-2014","lab__LBDR72","LBDR72","Labs","numeric",3,6312,62.03439803439803
"2013-2014","lab__LBDR73","LBDR73","Labs","numeric",3,6312,62.03439803439803
"2013-2014","lab__LBDR81","LBDR81","Labs","numeric",3,6312,62.03439803439803
"2013-2014","lab__LBDR82","LBDR82","Labs","numeric",3,6312,62.03439803439803
"2013-2014","lab__LBDR83","LBDR83","Labs","numeric",3,6312,62.03439803439803
"2013-2014","lab__LBDR84","LBDR84","Labs","numeric",3,6312,62.03439803439803
"2013-2014","lab__LBDR89","LBDR89","Labs","numeric",3,6312,62.03439803439803
"2013-2014","lab__LBDRHP","LBDRHP","Labs","numeric",2,6433,63.22358722358722
"2013-2014","lab__LBDRLP","LBDRLP","Labs","numeric",2,6433,63.22358722358722
"2013-2014","lab__LBDRPCR","LBDRPCR","Labs","numeric",3,6312,62.03439803439803
"2013-2014","lab__LBDRPI","LBDRPI","Labs","numeric",3,6423,63.12530712530713
"2013-2014","lab__WTSH2YR","WTSH2YR","Labs","numeric",4959,4243,41.7002457002457
"2013-2014","quest__ACD011A","ACD011A","Questionnaire","numeric",1,4416,43.4004914004914
"2013-2014","quest__ACD011B","ACD011B","Questionnaire","numeric",1,10159,99.84275184275184
"2013-2014","quest__ACD011C","ACD011C","Questionnaire","numeric",1,10004,98.31941031941031
"2013-2014","quest__ACD040","ACD040","Questionnaire","numeric",7,7801,76.66830466830467
"2013-2014","quest__ACD110","ACD110","Questionnaire","numeric",5,9168,90.10319410319411
"2013-2014","quest__ALQ101","ALQ101","Questionnaire","numeric",3,4754,46.72235872235872
"2013-2014","quest__ALQ110","ALQ110","Questionnaire","numeric",3,8544,83.97051597051598
"2013-2014","quest__ALQ120Q","ALQ120Q","Questionnaire","numeric",44,5696,55.98034398034398
"2013-2014","quest__ALQ120U","ALQ120U","Questionnaire","numeric",3,6582,64.68796068796068
"2013-2014","quest__ALQ130","ALQ130","Questionnaire","numeric",21,6579,64.65847665847666
"2013-2014","quest__ALQ141Q","ALQ141Q","Questionnaire","numeric",40,6580,64.66830466830467
"2013-2014","quest__ALQ141U","ALQ141U","Questionnaire","numeric",3,8711,85.6117936117936
"2013-2014","quest__ALQ151","ALQ151","Questionnaire","numeric",3,5698,56.00000000000001
"2013-2014","quest__ALQ160","ALQ160","Questionnaire","numeric",19,8309,81.66093366093367
"2013-2014","quest__BPQ020","BPQ020","Questionnaire","numeric",3,3711,36.47174447174447
"2013-2014","quest__BPQ030","BPQ030","Questionnaire","numeric",3,8001,78.63390663390663
"2013-2014","quest__BPD035","BPD035","Questionnaire","numeric",73,8011,78.73218673218673
"2013-2014","quest__BPQ040A","BPQ040A","Questionnaire","numeric",3,8001,78.63390663390663
"2013-2014","quest__BPQ050A","BPQ050A","Questionnaire","numeric",3,8360,82.16216216216216
"2013-2014","quest__BPQ056","BPQ056","Questionnaire","numeric",3,3711,36.47174447174447
"2013-2014","quest__BPD058","BPD058","Questionnaire","numeric",54,8596,84.48157248157248
"2013-2014","quest__BPQ059","BPQ059","Questionnaire","numeric",3,3711,36.47174447174447
"2013-2014","quest__BPQ080","BPQ080","Questionnaire","numeric",3,3711,36.47174447174447
"2013-2014","quest__BPQ060","BPQ060","Questionnaire","numeric",4,5748,56.49140049140049
"2013-2014","quest__BPQ070","BPQ070","Questionnaire","numeric",5,5555,54.59459459459459
"2013-2014","quest__BPQ090D","BPQ090D","Questionnaire","numeric",3,5555,54.59459459459459
"2013-2014","quest__BPQ100D","BPQ100D","Questionnaire","numeric",3,8725,85.74938574938575
"2013-2014","quest__CBD070","CBD070","Questionnaire","numeric",208,123,1.2088452088452089
"2013-2014","quest__CBD090","CBD090","Questionnaire","numeric",70,132,1.2972972972972971
"2013-2014","quest__CBD110","CBD110","Questionnaire","numeric",116,123,1.2088452088452089
"2013-2014","quest__CBD120","CBD120","Questionnaire","numeric",153,123,1.2088452088452089
"2013-2014","quest__CBD130","CBD130","Questionnaire","numeric",85,123,1.2088452088452089
"2013-2014","quest__HSD010","HSD010","Questionnaire","numeric",6,3708,36.44226044226044
"2013-2014","quest__HSQ500","HSQ500","Questionnaire","numeric",4,1700,16.707616707616708
"2013-2014","quest__HSQ510","HSQ510","Questionnaire","numeric",4,1700,16.707616707616708
"2013-2014","quest__HSQ520","HSQ520","Questionnaire","numeric",4,1700,16.707616707616708
"2013-2014","quest__HSQ571","HSQ571","Questionnaire","numeric",3,4406,43.302211302211305
"2013-2014","quest__HSQ580","HSQ580","Questionnaire","numeric",13,9915,97.44471744471744
"2013-2014","quest__HSQ590","HSQ590","Questionnaire","numeric",4,4407,43.31203931203931
"2013-2014","quest__HSAQUEX","HSAQUEX","Questionnaire","numeric",2,753,7.400491400491401
"2013-2014","quest__CSQ010","CSQ010","Questionnaire","numeric",3,6360,62.5061425061425
"2013-2014","quest__CSQ020","CSQ020","Questionnaire","numeric",4,6360,62.5061425061425
"2013-2014","quest__CSQ030","CSQ030","Questionnaire","numeric",3,6360,62.5061425061425
"2013-2014","quest__CSQ040","CSQ040","Questionnaire","numeric",3,6360,62.5061425061425
"2013-2014","quest__CSQ060","CSQ060","Questionnaire","numeric",7,9405,92.43243243243244
"2013-2014","quest__CSQ070","CSQ070","Questionnaire","numeric",5,9405,92.43243243243244
"2013-2014","quest__CSQ080","CSQ080","Questionnaire","numeric",3,6360,62.5061425061425
"2013-2014","quest__CSQ090A","CSQ090A","Questionnaire","numeric",5,6360,62.5061425061425
"2013-2014","quest__CSQ090B","CSQ090B","Questionnaire","numeric",4,6360,62.5061425061425
"2013-2014","quest__CSQ090C","CSQ090C","Questionnaire","numeric",4,6360,62.5061425061425
"2013-2014","quest__CSQ090D","CSQ090D","Questionnaire","numeric",4,6360,62.5061425061425
"2013-2014","quest__CSQ100","CSQ100","Questionnaire","numeric",3,6360,62.5061425061425
"2013-2014","quest__CSQ110","CSQ110","Questionnaire","numeric",3,6360,62.5061425061425
"2013-2014","quest__CSQ120A","CSQ120A","Questionnaire","numeric",2,10164,99.89189189189189
"2013-2014","quest__CSQ120B","CSQ120B","Questionnaire","numeric",1,10152,99.77395577395576
"2013-2014","quest__CSQ120C","CSQ120C","Questionnaire","numeric",1,10167,99.92137592137593
"2013-2014","quest__CSQ120D","CSQ120D","Questionnaire","numeric",1,10093,99.19410319410319
"2013-2014","quest__CSQ120E","CSQ120E","Questionnaire","numeric",1,10114,99.4004914004914
"2013-2014","quest__CSQ120F","CSQ120F","Questionnaire","numeric",1,10156,99.81326781326781
"2013-2014","quest__CSQ120G","CSQ120G","Questionnaire","numeric",1,10119,99.44963144963145
"2013-2014","quest__CSQ120H","CSQ120H","Questionnaire","numeric",1,10128,99.53808353808353
"2013-2014","quest__CSQ140","CSQ140","Questionnaire","numeric",7,9515,93.51351351351352
"2013-2014","quest__CSQ160","CSQ160","Questionnaire","numeric",3,8489,83.42997542997543
"2013-2014","quest__CSQ170","CSQ170","Questionnaire","numeric",5,10030,98.57493857493857
"2013-2014","quest__CSQ180","CSQ180","Questionnaire","numeric",2,8489,83.42997542997543
"2013-2014","quest__CSQ190","CSQ190","Questionnaire","numeric",3,8489,83.42997542997543
"2013-2014","quest__CSQ200","CSQ200","Questionnaire","numeric",3,6360,62.5061425061425
"2013-2014","quest__CSQ202","CSQ202","Questionnaire","numeric",3,6360,62.5061425061425
"2013-2014","quest__CSQ204","CSQ204","Questionnaire","numeric",3,6360,62.5061425061425
"2013-2014","quest__CSQ210","CSQ210","Questionnaire","numeric",3,6360,62.5061425061425
"2013-2014","quest__CSQ220","CSQ220","Questionnaire","numeric",3,6360,62.5061425061425
"2013-2014","quest__CSQ240","CSQ240","Questionnaire","numeric",3,6360,62.5061425061425
"2013-2014","quest__CSQ250","CSQ250","Questionnaire","numeric",3,6360,62.5061425061425
"2013-2014","quest__CSQ260","CSQ260","Questionnaire","numeric",3,6360,62.5061425061425
"2013-2014","quest__AUQ136","AUQ136","Questionnaire","numeric",3,6360,62.5061425061425
"2013-2014","quest__AUQ138","AUQ138","Questionnaire","numeric",3,6360,62.5061425061425
"2013-2014","quest__CDQ001","CDQ001","Questionnaire","numeric",3,6360,62.5061425061425
"2013-2014","quest__CDQ002","CDQ002","Questionnaire","numeric",4,9296,91.36117936117935
"2013-2014","quest__CDQ003","CDQ003","Questionnaire","numeric",3,9892,97.21867321867322
"2013-2014","quest__CDQ004","CDQ004","Questionnaire","numeric",3,9922,97.51351351351352
"2013-2014","quest__CDQ005","CDQ005","Questionnaire","numeric",3,9946,97.74938574938575
"2013-2014","quest__CDQ006","CDQ006","Questionnaire","numeric",2,9979,98.07371007371007
"2013-2014","quest__CDQ009A","CDQ009A","Questionnaire","numeric",3,10161,99.86240786240786
"2013-2014","quest__CDQ009B","CDQ009B","Questionnaire","numeric",1,10149,99.74447174447174
"2013-2014","quest__CDQ009C","CDQ009C","Questionnaire","numeric",1,10146,99.71498771498771
"2013-2014","quest__CDQ009D","CDQ009D","Questionnaire","numeric",1,10095,99.21375921375922
"2013-2014","quest__CDQ009E","CDQ009E","Questionnaire","numeric",1,10139,99.64619164619165
"2013-2014","quest__CDQ009F","CDQ009F","Questionnaire","numeric",1,10123,99.48894348894349
"2013-2014","quest__CDQ009G","CDQ009G","Questionnaire","numeric",1,10167,99.92137592137593
"2013-2014","quest__CDQ009H","CDQ009H","Questionnaire","numeric",1,10172,99.97051597051598
"2013-2014","quest__CDQ008","CDQ008","Questionnaire","numeric",3,9296,91.36117936117935
"2013-2014","quest__CDQ010","CDQ010","Questionnaire","numeric",4,6360,62.5061425061425
"2013-2014","quest__DIQ010","DIQ010","Questionnaire","numeric",5,406,3.9901719901719903
"2013-2014","quest__DID040","DID040","Questionnaire","numeric",78,9438,92.75675675675676
"2013-2014","quest__DIQ160","DIQ160","Questionnaire","numeric",3,3888,38.21130221130221
"2013-2014","quest__DIQ170","DIQ170","Questionnaire","numeric",3,3706,36.42260442260442
"2013-2014","quest__DIQ172","DIQ172","Questionnaire","numeric",3,3706,36.42260442260442
"2013-2014","quest__DIQ175A","DIQ175A","Questionnaire","numeric",2,8837,86.85012285012284
"2013-2014","quest__DIQ175B","DIQ175B","Questionnaire","numeric",1,9629,94.63390663390663
"2013-2014","quest__DIQ175C","DIQ175C","Questionnaire","numeric",1,10063,98.8992628992629
"2013-2014","quest__DIQ175D","DIQ175D","Questionnaire","numeric",1,9805,96.36363636363636
"2013-2014","quest__DIQ175E","DIQ175E","Questionnaire","numeric",1,10083,99.09582309582309
"2013-2014","quest__DIQ175F","DIQ175F","Questionnaire","numeric",1,10154,99.79361179361179
"2013-2014","quest__DIQ175G","DIQ175G","Questionnaire","numeric",1,10024,98.51597051597052
"2013-2014","quest__DIQ175H","DIQ175H","Questionnaire","numeric",1,10024,98.51597051597052
"2013-2014","quest__DIQ175I","DIQ175I","Questionnaire","numeric",1,10105,99.31203931203932
"2013-2014","quest__DIQ175J","DIQ175J","Questionnaire","numeric",1,10068,98.94840294840294
"2013-2014","quest__DIQ175K","DIQ175K","Questionnaire","numeric",1,10136,99.61670761670761
"2013-2014","quest__DIQ175L","DIQ175L","Questionnaire","numeric",1,10135,99.6068796068796
"2013-2014","quest__DIQ175M","DIQ175M","Questionnaire","numeric",1,10084,99.1056511056511
"2013-2014","quest__DIQ175N","DIQ175N","Questionnaire","numeric",1,10124,99.4987714987715
"2013-2014","quest__DIQ175O","DIQ175O","Questionnaire","numeric",1,10090,99.16461916461915
"2013-2014","quest__DIQ175P","DIQ175P","Questionnaire","numeric",1,10106,99.32186732186732
"2013-2014","quest__DIQ175Q","DIQ175Q","Questionnaire","numeric",1,10073,98.997542997543
"2013-2014","quest__DIQ175R","DIQ175R","Questionnaire","numeric",1,10155,99.80343980343982
"2013-2014","quest__DIQ175S","DIQ175S","Questionnaire","numeric",1,10145,99.7051597051597
"2013-2014","quest__DIQ175T","DIQ175T","Questionnaire","numeric",1,10119,99.44963144963145
"2013-2014","quest__DIQ175U","DIQ175U","Questionnaire","numeric",1,10102,99.28255528255528
"2013-2014","quest__DIQ175V","DIQ175V","Questionnaire","numeric",1,10163,99.88206388206389
"2013-2014","quest__DIQ175W","DIQ175W","Questionnaire","numeric",1,10172,99.97051597051598
"2013-2014","quest__DIQ175X","DIQ175X","Questionnaire","numeric",1,10169,99.94103194103194
"2013-2014","quest__DIQ180","DIQ180","Questionnaire","numeric",3,3706,36.42260442260442
"2013-2014","quest__DIQ050","DIQ050","Questionnaire","numeric",4,407,4
"2013-2014","quest__DID060","DID060","Questionnaire","numeric",35,9955,97.83783783783784
"2013-2014","quest__DIQ060U","DIQ060U","Questionnaire","numeric",2,9958,97.86732186732186
"2013-2014","quest__DIQ070","DIQ070","Questionnaire","numeric",3,8975,88.20638820638821
"2013-2014","quest__DIQ230","DIQ230","Questionnaire","numeric",6,9438,92.75675675675676
"2013-2014","quest__DIQ240","DIQ240","Questionnaire","numeric",2,9438,92.75675675675676
"2013-2014","quest__DID250","DID250","Questionnaire","numeric",19,9610,94.44717444717445
"2013-2014","quest__DID260","DID260","Questionnaire","numeric",13,9440,92.77641277641277
"2013-2014","quest__DIQ260U","DIQ260U","Questionnaire","numeric",4,9584,94.1916461916462
"2013-2014","quest__DIQ275","DIQ275","Questionnaire","numeric",4,9438,92.75675675675676
"2013-2014","quest__DIQ280","DIQ280","Questionnaire","numeric",57,9655,94.88943488943488
"2013-2014","quest__DIQ291","DIQ291","Questionnaire","numeric",7,9655,94.88943488943488
"2013-2014","quest__DIQ300S","DIQ300S","Questionnaire","numeric",75,9443,92.80589680589681
"2013-2014","quest__DIQ300D","DIQ300D","Questionnaire","numeric",57,9443,92.80589680589681
"2013-2014","quest__DID310S","DID310S","Questionnaire","numeric",28,9443,92.80589680589681
"2013-2014","quest__DID310D","DID310D","Questionnaire","numeric",23,9443,92.80589680589681
"2013-2014","quest__DID320","DID320","Questionnaire","numeric",75,9443,92.80589680589681
"2013-2014","quest__DID330","DID330","Questionnaire","numeric",29,9549,93.84766584766585
"2013-2014","quest__DID341","DID341","Questionnaire","numeric",21,9445,92.82555282555282
"2013-2014","quest__DID350","DID350","Questionnaire","numeric",13,9445,92.82555282555282
"2013-2014","quest__DIQ350U","DIQ350U","Questionnaire","numeric",4,9578,94.13267813267814
"2013-2014","quest__DIQ360","DIQ360","Questionnaire","numeric",6,9443,92.80589680589681
"2013-2014","quest__DIQ080","DIQ080","Questionnaire","numeric",3,9443,92.80589680589681
"2013-2014","quest__DBQ010","DBQ010","Questionnaire","numeric",3,8310,81.67076167076168
"2013-2014","quest__DBD030","DBD030","Questionnaire","numeric",56,8817,86.65356265356266
"2013-2014","quest__DBD041","DBD041","Questionnaire","numeric",43,8310,81.67076167076168
"2013-2014","quest__DBD050","DBD050","Questionnaire","numeric",43,8522,83.75429975429975
"2013-2014","quest__DBD055","DBD055","Questionnaire","numeric",41,8310,81.67076167076168
"2013-2014","quest__DBD061","DBD061","Questionnaire","numeric",32,8456,83.1056511056511
"2013-2014","quest__DBQ073A","DBQ073A","Questionnaire","numeric",1,9085,89.28746928746929
"2013-2014","quest__DBQ073B","DBQ073B","Questionnaire","numeric",1,9913,97.42506142506141
"2013-2014","quest__DBQ073C","DBQ073C","Questionnaire","numeric",1,10144,99.69533169533169
"2013-2014","quest__DBQ073D","DBQ073D","Questionnaire","numeric",1,10164,99.89189189189189
"2013-2014","quest__DBQ073E","DBQ073E","Questionnaire","numeric",1,10146,99.71498771498771
"2013-2014","quest__DBQ073U","DBQ073U","Questionnaire","numeric",1,10144,99.69533169533169
"2013-2014","quest__DBQ700","DBQ700","Questionnaire","numeric",6,3711,36.47174447174447
"2013-2014","quest__DBQ197","DBQ197","Questionnaire","numeric",6,406,3.9901719901719903
"2013-2014","quest__DBQ223A","DBQ223A","Questionnaire","numeric",3,7379,72.52088452088452
"2013-2014","quest__DBQ223B","DBQ223B","Questionnaire","numeric",1,6384,62.74201474201474
"2013-2014","quest__DBQ223C","DBQ223C","Questionnaire","numeric",1,9301,91.4103194103194
"2013-2014","quest__DBQ223D","DBQ223D","Questionnaire","numeric",1,9429,92.66830466830467
"2013-2014","quest__DBQ223E","DBQ223E","Questionnaire","numeric",1,9940,97.69041769041769
"2013-2014","quest__DBQ223U","DBQ223U","Questionnaire","numeric",1,9648,94.82063882063882
"2013-2014","quest__DBQ229","DBQ229","Questionnaire","numeric",4,4406,43.302211302211305
"2013-2014","quest__DBQ235A","DBQ235A","Questionnaire","numeric",6,5895,57.93611793611794
"2013-2014","quest__DBQ235B","DBQ235B","Questionnaire","numeric",6,5895,57.93611793611794
"2013-2014","quest__DBQ235C","DBQ235C","Questionnaire","numeric",6,5895,57.93611793611794
"2013-2014","quest__DBQ301","DBQ301","Questionnaire","numeric",2,8335,81.91646191646191
"2013-2014","quest__DBQ330","DBQ330","Questionnaire","numeric",2,8335,81.91646191646191
"2013-2014","quest__DBQ360","DBQ360","Questionnaire","numeric",2,6934,68.14742014742015
"2013-2014","quest__DBQ370","DBQ370","Questionnaire","numeric",3,7467,73.38574938574939
"2013-2014","quest__DBD381","DBD381","Questionnaire","numeric",8,7587,74.56511056511057
"2013-2014","quest__DBQ390","DBQ390","Questionnaire","numeric",4,8063,79.24324324324324
"2013-2014","quest__DBQ400","DBQ400","Questionnaire","numeric",3,7467,73.38574938574939
"2013-2014","quest__DBD411","DBD411","Questionnaire","numeric",8,7840,77.05159705159706
"2013-2014","quest__DBQ421","DBQ421","Questionnaire","numeric",3,8959,88.04914004914005
"2013-2014","quest__DBQ424","DBQ424","Questionnaire","numeric",4,8540,83.93120393120394
"2013-2014","quest__DBD895","DBD895","Questionnaire","numeric",25,472,4.638820638820638
"2013-2014","quest__DBD900","DBD900","Questionnaire","numeric",24,2851,28.01965601965602
"2013-2014","quest__DBD905","DBD905","Questionnaire","numeric",37,494,4.855036855036856
"2013-2014","quest__DBD910","DBD910","Questionnaire","numeric",35,500,4.914004914004914
"2013-2014","quest__CBQ596","CBQ596","Questionnaire","numeric",3,3711,36.47174447174447
"2013-2014","quest__CBQ606","CBQ606","Questionnaire","numeric",2,9121,89.64127764127764
"2013-2014","quest__CBQ611","CBQ611","Questionnaire","numeric",3,9121,89.64127764127764
"2013-2014","quest__CBQ505","CBQ505","Questionnaire","numeric",2,3711,36.47174447174447
"2013-2014","quest__CBQ535","CBQ535","Questionnaire","numeric",3,4772,46.8992628992629
"2013-2014","quest__CBQ540","CBQ540","Questionnaire","numeric",3,8073,79.34152334152334
"2013-2014","quest__CBQ545","CBQ545","Questionnaire","numeric",5,4772,46.8992628992629
"2013-2014","quest__CBQ550","CBQ550","Questionnaire","numeric",2,3711,36.47174447174447
"2013-2014","quest__CBQ552","CBQ552","Questionnaire","numeric",3,4890,48.05896805896806
"2013-2014","quest__CBQ580","CBQ580","Questionnaire","numeric",3,4890,48.05896805896806
"2013-2014","quest__CBQ585","CBQ585","Questionnaire","numeric",3,8547,84
"2013-2014","quest__CBQ590","CBQ590","Questionnaire","numeric",5,4890,48.05896805896806
"2013-2014","quest__DED031","DED031","Questionnaire","numeric",8,6248,61.4054054054054
"2013-2014","quest__DEQ034A","DEQ034A","Questionnaire","numeric",7,6248,61.4054054054054
"2013-2014","quest__DEQ034C","DEQ034C","Questionnaire","numeric",5,6294,61.857493857493864
"2013-2014","quest__DEQ034D","DEQ034D","Questionnaire","numeric",6,6294,61.857493857493864
"2013-2014","quest__DEQ038G","DEQ038G","Questionnaire","numeric",3,6248,61.4054054054054
"2013-2014","quest__DEQ038Q","DEQ038Q","Questionnaire","numeric",12,8767,86.16216216216216
"2013-2014","quest__DED120","DED120","Questionnaire","numeric",21,8071,79.32186732186733
"2013-2014","quest__DED125","DED125","Questionnaire","numeric",19,6906,67.87223587223588
"2013-2014","quest__DLQ010","DLQ010","Questionnaire","numeric",4,406,3.9901719901719903
"2013-2014","quest__DLQ020","DLQ020","Questionnaire","numeric",4,406,3.9901719901719903
"2013-2014","quest__DLQ040","DLQ040","Questionnaire","numeric",4,1395,13.710073710073711
"2013-2014","quest__DLQ050","DLQ050","Questionnaire","numeric",4,1395,13.710073710073711
"2013-2014","quest__DLQ060","DLQ060","Questionnaire","numeric",3,1395,13.710073710073711
"2013-2014","quest__DLQ080","DLQ080","Questionnaire","numeric",4,3535,34.742014742014746
"2013-2014","quest__DPQ010","DPQ010","Questionnaire","numeric",6,4777,46.94840294840295
"2013-2014","quest__DPQ020","DPQ020","Questionnaire","numeric",6,4779,46.96805896805897
"2013-2014","quest__DPQ030","DPQ030","Questionnaire","numeric",5,4780,46.97788697788698
"2013-2014","quest__DPQ040","DPQ040","Questionnaire","numeric",5,4780,46.97788697788698
"2013-2014","quest__DPQ050","DPQ050","Questionnaire","numeric",5,4780,46.97788697788698
"2013-2014","quest__DPQ060","DPQ060","Questionnaire","numeric",5,4781,46.98771498771499
"2013-2014","quest__DPQ070","DPQ070","Questionnaire","numeric",6,4781,46.98771498771499
"2013-2014","quest__DPQ080","DPQ080","Questionnaire","numeric",6,4781,46.98771498771499
"2013-2014","quest__DPQ090","DPQ090","Questionnaire","numeric",6,4782,46.99754299754299
"2013-2014","quest__DPQ100","DPQ100","Questionnaire","numeric",6,6501,63.891891891891895
"2013-2014","quest__DUQ200","DUQ200","Questionnaire","numeric",4,6474,63.62653562653563
"2013-2014","quest__DUQ210","DUQ210","Questionnaire","numeric",44,8184,80.43243243243244
"2013-2014","quest__DUQ211","DUQ211","Questionnaire","numeric",4,8185,80.44226044226043
"2013-2014","quest__DUQ213","DUQ213","Questionnaire","numeric",32,9222,90.63390663390663
"2013-2014","quest__DUQ215Q","DUQ215Q","Questionnaire","numeric",45,9230,90.71253071253071
"2013-2014","quest__DUQ215U","DUQ215U","Questionnaire","numeric",4,9232,90.73218673218673
"2013-2014","quest__DUQ217","DUQ217","Questionnaire","numeric",6,9222,90.63390663390663
"2013-2014","quest__DUQ219","DUQ219","Questionnaire","numeric",6,9222,90.63390663390663
"2013-2014","quest__DUQ220Q","DUQ220Q","Questionnaire","numeric",51,8188,80.47174447174447
"2013-2014","quest__DUQ220U","DUQ220U","Questionnaire","numeric",4,8193,80.52088452088452
"2013-2014","quest__DUQ230","DUQ230","Questionnaire","numeric",28,9605,94.3980343980344
"2013-2014","quest__DUQ240","DUQ240","Questionnaire","numeric",4,5635,55.38083538083538
"2013-2014","quest__DUQ250","DUQ250","Questionnaire","numeric",3,9452,92.8943488943489
"2013-2014","quest__DUQ260","DUQ260","Questionnaire","numeric",32,9601,94.35872235872236
"2013-2014","quest__DUQ270Q","DUQ270Q","Questionnaire","numeric",40,9601,94.35872235872236
"2013-2014","quest__DUQ270U","DUQ270U","Questionnaire","numeric",4,9603,94.37837837837839
"2013-2014","quest__DUQ272","DUQ272","Questionnaire","numeric",7,9601,94.35872235872236
"2013-2014","quest__DUQ280","DUQ280","Questionnaire","numeric",12,10130,99.55773955773955
"2013-2014","quest__DUQ290","DUQ290","Questionnaire","numeric",3,9452,92.8943488943489
"2013-2014","quest__DUQ300","DUQ300","Questionnaire","numeric",28,10095,99.21375921375922
"2013-2014","quest__DUQ310Q","DUQ310Q","Questionnaire","numeric",28,10095,99.21375921375922
"2013-2014","quest__DUQ310U","DUQ310U","Questionnaire","numeric",4,10095,99.21375921375922
"2013-2014","quest__DUQ320","DUQ320","Questionnaire","numeric",7,10167,99.92137592137593
"2013-2014","quest__DUQ330","DUQ330","Questionnaire","numeric",2,9452,92.8943488943489
"2013-2014","quest__DUQ340","DUQ340","Questionnaire","numeric",30,9929,97.58230958230958
"2013-2014","quest__DUQ350Q","DUQ350Q","Questionnaire","numeric",39,9929,97.58230958230958
"2013-2014","quest__DUQ350U","DUQ350U","Questionnaire","numeric",4,9930,97.59213759213759
"2013-2014","quest__DUQ352","DUQ352","Questionnaire","numeric",6,9929,97.58230958230958
"2013-2014","quest__DUQ360","DUQ360","Questionnaire","numeric",14,10145,99.7051597051597
"2013-2014","quest__DUQ370","DUQ370","Questionnaire","numeric",4,5636,55.390663390663384
"2013-2014","quest__DUQ380A","DUQ380A","Questionnaire","numeric",2,10119,99.44963144963145
"2013-2014","quest__DUQ380B","DUQ380B","Questionnaire","numeric",1,10120,99.45945945945947
"2013-2014","quest__DUQ380C","DUQ380C","Questionnaire","numeric",1,10128,99.53808353808353
"2013-2014","quest__DUQ380D","DUQ380D","Questionnaire","numeric",1,10171,99.96068796068796
"2013-2014","quest__DUQ380E","DUQ380E","Questionnaire","numeric",1,10163,99.88206388206389
"2013-2014","quest__DUQ390","DUQ390","Questionnaire","numeric",28,10070,98.96805896805897
"2013-2014","quest__DUQ400Q","DUQ400Q","Questionnaire","numeric",36,10070,98.96805896805897
"2013-2014","quest__DUQ400U","DUQ400U","Questionnaire","numeric",4,10070,98.96805896805897
"2013-2014","quest__DUQ410","DUQ410","Questionnaire","numeric",7,10070,98.96805896805897
"2013-2014","quest__DUQ420","DUQ420","Questionnaire","numeric",6,10080,99.06633906633907
"2013-2014","quest__DUQ430","DUQ430","Questionnaire","numeric",3,8161,80.2063882063882
"2013-2014","quest__ECD010","ECD010","Questionnaire","numeric",34,6465,63.538083538083534
"2013-2014","quest__ECQ020","ECQ020","Questionnaire","numeric",4,6465,63.538083538083534
"2013-2014","quest__ECD070A","ECD070A","Questionnaire","numeric",13,6465,63.538083538083534
"2013-2014","quest__ECD070B","ECD070B","Questionnaire","numeric",17,6465,63.538083538083534
"2013-2014","quest__ECQ080","ECQ080","Questionnaire","numeric",3,10087,99.13513513513513
"2013-2014","quest__ECQ090","ECQ090","Questionnaire","numeric",3,10114,99.4004914004914
"2013-2014","quest__WHQ030E","WHQ030E","Questionnaire","numeric",4,7133,70.1031941031941
"2013-2014","quest__MCQ080E","MCQ080E","Questionnaire","numeric",3,7133,70.1031941031941
"2013-2014","quest__ECQ150","ECQ150","Questionnaire","numeric",2,9800,96.31449631449631
"2013-2014","quest__FSD032A","FSD032A","Questionnaire","numeric",5,116,1.1400491400491402
"2013-2014","quest__FSD032B","FSD032B","Questionnaire","numeric",4,116,1.1400491400491402
"2013-2014","quest__FSD032C","FSD032C","Questionnaire","numeric",5,116,1.1400491400491402
"2013-2014","quest__FSD041","FSD041","Questionnaire","numeric",3,6847,67.29238329238329
"2013-2014","quest__FSD052","FSD052","Questionnaire","numeric",3,8986,88.31449631449631
"2013-2014","quest__FSD061","FSD061","Questionnaire","numeric",3,6847,67.29238329238329
"2013-2014","quest__FSD071","FSD071","Questionnaire","numeric",2,6847,67.29238329238329
"2013-2014","quest__FSD081","FSD081","Questionnaire","numeric",4,6847,67.29238329238329
"2013-2014","quest__FSD092","FSD092","Questionnaire","numeric",2,8594,84.46191646191646
"2013-2014","quest__FSD102","FSD102","Questionnaire","numeric",3,9892,97.21867321867322
"2013-2014","quest__FSD032D","FSD032D","Questionnaire","numeric",4,3542,34.81081081081081
"2013-2014","quest__FSD032E","FSD032E","Questionnaire","numeric",4,3542,34.81081081081081
"2013-2014","quest__FSD032F","FSD032F","Questionnaire","numeric",4,3542,34.81081081081081
"2013-2014","quest__FSD111","FSD111","Questionnaire","numeric",2,9096,89.39557739557739
"2013-2014","quest__FSD122","FSD122","Questionnaire","numeric",2,9096,89.39557739557739
"2013-2014","quest__FSD132","FSD132","Questionnaire","numeric",3,10114,99.4004914004914
"2013-2014","quest__FSD141","FSD141","Questionnaire","numeric",2,9096,89.39557739557739
"2013-2014","quest__FSD146","FSD146","Questionnaire","numeric",2,9096,89.39557739557739
"2013-2014","quest__FSDHH","FSDHH","Questionnaire","numeric",4,122,1.199017199017199
"2013-2014","quest__FSDAD","FSDAD","Questionnaire","numeric",4,122,1.199017199017199
"2013-2014","quest__FSDCH","FSDCH","Questionnaire","numeric",4,3543,34.82063882063882
"2013-2014","quest__FSD151","FSD151","Questionnaire","numeric",3,116,1.1400491400491402
"2013-2014","quest__FSQ165","FSQ165","Questionnaire","numeric",4,116,1.1400491400491402
"2013-2014","quest__FSQ012","FSQ012","Questionnaire","numeric",4,6428,63.17444717444718
"2013-2014","quest__FSD012N","FSD012N","Questionnaire","numeric",9,7298,71.72481572481573
"2013-2014","quest__FSD230","FSD230","Questionnaire","numeric",3,7298,71.72481572481573
"2013-2014","quest__FSD225","FSD225","Questionnaire","numeric",139,7299,71.73464373464373
"2013-2014","quest__FSQ235","FSQ235","Questionnaire","numeric",364,7298,71.72481572481573
"2013-2014","quest__FSQ162","FSQ162","Questionnaire","numeric",4,1909,18.76167076167076
"2013-2014","quest__FSD650ZC","FSD650ZC","Questionnaire","numeric",3,8572,84.24570024570025
"2013-2014","quest__FSD660ZC","FSD660ZC","Questionnaire","numeric",2,9339,91.78378378378378
"2013-2014","quest__FSD675","FSD675","Questionnaire","numeric",3,7203,70.79115479115478
"2013-2014","quest__FSD680","FSD680","Questionnaire","numeric",3,7608,74.77149877149877
"2013-2014","quest__FSD670ZC","FSD670ZC","Questionnaire","numeric",44,7203,70.79115479115478
"2013-2014","quest__FSQ690","FSQ690","Questionnaire","numeric",3,7202,70.78132678132678
"2013-2014","quest__FSQ695","FSQ695","Questionnaire","numeric",10,8532,83.85257985257985
"2013-2014","quest__FSD650ZW","FSD650ZW","Questionnaire","numeric",2,9934,97.63144963144963
"2013-2014","quest__FSD660ZW","FSD660ZW","Questionnaire","numeric",2,10103,99.29238329238329
"2013-2014","quest__FSD670ZW","FSD670ZW","Questionnaire","numeric",23,10103,99.29238329238329
"2013-2014","quest__HEQ010","HEQ010","Questionnaire","numeric",3,1603,15.754299754299755
"2013-2014","quest__HEQ020","HEQ020","Questionnaire","numeric",3,10109,99.35135135135134
"2013-2014","quest__HEQ030","HEQ030","Questionnaire","numeric",3,1603,15.754299754299755
"2013-2014","quest__HEQ040","HEQ040","Questionnaire","numeric",3,10099,99.25307125307125
"2013-2014","quest__HIQ011","HIQ011","Questionnaire","numeric",4,0,0
"2013-2014","quest__HIQ031A","HIQ031A","Questionnaire","numeric",3,5354,52.619164619164614
"2013-2014","quest__HIQ031B","HIQ031B","Questionnaire","numeric",1,8949,87.95085995085995
"2013-2014","quest__HIQ031C","HIQ031C","Questionnaire","numeric",1,10164,99.89189189189189
"2013-2014","quest__HIQ031D","HIQ031D","Questionnaire","numeric",1,7773,76.3931203931204
"2013-2014","quest__HIQ031E","HIQ031E","Questionnaire","numeric",1,10122,99.47911547911548
"2013-2014","quest__HIQ031F","HIQ031F","Questionnaire","numeric",1,9935,97.64127764127764
"2013-2014","quest__HIQ031G","HIQ031G","Questionnaire","numeric",1,10165,99.9017199017199
"2013-2014","quest__HIQ031H","HIQ031H","Questionnaire","numeric",1,9612,94.46683046683046
"2013-2014","quest__HIQ031I","HIQ031I","Questionnaire","numeric",1,9969,97.97542997542998
"2013-2014","quest__HIQ031J","HIQ031J","Questionnaire","numeric",1,9942,97.71007371007371
"2013-2014","quest__HIQ031AA","HIQ031AA","Questionnaire","numeric",1,10167,99.92137592137593
"2013-2014","quest__HIQ260","HIQ260","Questionnaire","numeric",4,9915,97.44471744471744
"2013-2014","quest__HIQ105","HIQ105","Questionnaire","numeric",2,9241,90.82063882063882
"2013-2014","quest__HIQ270","HIQ270","Questionnaire","numeric",4,1572,15.449631449631449
"2013-2014","quest__HIQ210","HIQ210","Questionnaire","numeric",3,1572,15.449631449631449
"2013-2014","quest__HOD050","HOD050","Questionnaire","numeric",15,121,1.1891891891891893
"2013-2014","quest__HOQ065","HOQ065","Questionnaire","numeric",5,121,1.1891891891891893
"2013-2014","quest__HUQ010","HUQ010","Questionnaire","numeric",7,0,0
"2013-2014","quest__HUQ020","HUQ020","Questionnaire","numeric",5,406,3.9901719901719903
"2013-2014","quest__HUQ030","HUQ030","Questionnaire","numeric",3,0,0
"2013-2014","quest__HUQ041","HUQ041","Questionnaire","numeric",7,1194,11.734643734643734
"2013-2014","quest__HUQ051","HUQ051","Questionnaire","numeric",10,0,0
"2013-2014","quest__HUQ061","HUQ061","Questionnaire","numeric",7,8888,87.35135135135135
"2013-2014","quest__HUQ071","HUQ071","Questionnaire","numeric",3,0,0
"2013-2014","quest__HUD080","HUD080","Questionnaire","numeric",6,9248,90.8894348894349
"2013-2014","quest__HUQ090","HUQ090","Questionnaire","numeric",4,1165,11.449631449631449
"2013-2014","quest__IMQ011","IMQ011","Questionnaire","numeric",5,668,6.565110565110565
"2013-2014","quest__IMQ020","IMQ020","Questionnaire","numeric",5,0,0
"2013-2014","quest__IMQ040","IMQ040","Questionnaire","numeric",3,7087,69.65110565110565
"2013-2014","quest__IMQ070","IMQ070","Questionnaire","numeric",3,7249,71.24324324324324
"2013-2014","quest__IMQ080","IMQ080","Questionnaire","numeric",4,9575,94.1031941031941
"2013-2014","quest__IMQ090","IMQ090","Questionnaire","numeric",44,9298,91.38083538083538
"2013-2014","quest__IMQ045","IMQ045","Questionnaire","numeric",4,9298,91.38083538083538
"2013-2014","quest__INQ020","INQ020","Questionnaire","numeric",4,123,1.2088452088452089
"2013-2014","quest__INQ012","INQ012","Questionnaire","numeric",4,123,1.2088452088452089
"2013-2014","quest__INQ030","INQ030","Questionnaire","numeric",4,123,1.2088452088452089
"2013-2014","quest__INQ060","INQ060","Questionnaire","numeric",4,123,1.2088452088452089
"2013-2014","quest__INQ080","INQ080","Questionnaire","numeric",4,123,1.2088452088452089
"2013-2014","quest__INQ090","INQ090","Questionnaire","numeric",4,123,1.2088452088452089
"2013-2014","quest__INQ132","INQ132","Questionnaire","numeric",4,123,1.2088452088452089
"2013-2014","quest__INQ140","INQ140","Questionnaire","numeric",4,123,1.2088452088452089
"2013-2014","quest__INQ150","INQ150","Questionnaire","numeric",4,123,1.2088452088452089
"2013-2014","quest__IND235","IND235","Questionnaire","numeric",14,369,3.6265356265356266
"2013-2014","quest__INDFMMPI","INDFMMPI","Questionnaire","numeric",403,1066,10.476658476658477
"2013-2014","quest__INDFMMPC","INDFMMPC","Questionnaire","numeric",5,369,3.6265356265356266
"2013-2014","quest__INQ244","INQ244","Questionnaire","numeric",4,4661,45.80835380835381
"2013-2014","quest__IND247","IND247","Questionnaire","numeric",8,5366,52.73710073710074
"2013-2014","quest__MCQ010","MCQ010","Questionnaire","numeric",4,406,3.9901719901719903
"2013-2014","quest__MCQ025","MCQ025","Questionnaire","numeric",76,8637,84.88452088452088
"2013-2014","quest__MCQ035","MCQ035","Questionnaire","numeric",3,8637,84.88452088452088
"2013-2014","quest__MCQ040","MCQ040","Questionnaire","numeric",3,9236,90.77149877149877
"2013-2014","quest__MCQ050","MCQ050","Questionnaire","numeric",3,9236,90.77149877149877
"2013-2014","quest__AGQ030","AGQ030","Questionnaire","numeric",3,9236,90.77149877149877
"2013-2014","quest__MCQ053","MCQ053","Questionnaire","numeric",4,406,3.9901719901719903
"2013-2014","quest__MCQ070","MCQ070","Questionnaire","numeric",3,3711,36.47174447174447
"2013-2014","quest__MCQ075","MCQ075","Questionnaire","numeric",5,10013,98.40786240786241
"2013-2014","quest__MCQ080","MCQ080","Questionnaire","numeric",3,3711,36.47174447174447
"2013-2014","quest__MCQ082","MCQ082","Questionnaire","numeric",3,1603,15.754299754299755
"2013-2014","quest__MCQ084","MCQ084","Questionnaire","numeric",3,8335,81.91646191646191
"2013-2014","quest__MCQ086","MCQ086","Questionnaire","numeric",3,1603,15.754299754299755
"2013-2014","quest__MCQ092","MCQ092","Questionnaire","numeric",4,1603,15.754299754299755
"2013-2014","quest__MCD093","MCD093","Questionnaire","numeric",5,9443,92.80589680589681
"2013-2014","quest__MCQ149","MCQ149","Questionnaire","numeric",2,9743,95.75429975429975
"2013-2014","quest__MCQ151","MCQ151","Questionnaire","numeric",4,10137,99.62653562653563
"2013-2014","quest__MCQ160A","MCQ160A","Questionnaire","numeric",3,4406,43.302211302211305
"2013-2014","quest__MCQ180A","MCQ180A","Questionnaire","numeric",80,8667,85.17936117936118
"2013-2014","quest__MCQ195","MCQ195","Questionnaire","numeric",6,8667,85.17936117936118
"2013-2014","quest__MCQ160N","MCQ160N","Questionnaire","numeric",3,4406,43.302211302211305
"2013-2014","quest__MCQ180N","MCQ180N","Questionnaire","numeric",64,9941,97.7002457002457
"2013-2014","quest__MCQ160B","MCQ160B","Questionnaire","numeric",3,4406,43.302211302211305
"2013-2014","quest__MCQ180B","MCQ180B","Questionnaire","numeric",55,9993,98.21130221130221
"2013-2014","quest__MCQ160C","MCQ160C","Questionnaire","numeric",3,4406,43.302211302211305
"2013-2014","quest__MCQ180C","MCQ180C","Questionnaire","numeric",56,9943,97.71990171990173
"2013-2014","quest__MCQ160D","MCQ160D","Questionnaire","numeric",3,4406,43.302211302211305
"2013-2014","quest__MCQ180D","MCQ180D","Questionnaire","numeric",53,10039,98.66339066339066
"2013-2014","quest__MCQ160E","MCQ160E","Questionnaire","numeric",3,4406,43.302211302211305
"2013-2014","quest__MCQ180E","MCQ180E","Questionnaire","numeric",54,9946,97.74938574938575
"2013-2014","quest__MCQ160F","MCQ160F","Questionnaire","numeric",3,4406,43.302211302211305
"2013-2014","quest__MCQ180F","MCQ180F","Questionnaire","numeric",52,9973,98.01474201474201
"2013-2014","quest__MCQ160G","MCQ160G","Questionnaire","numeric",3,4406,43.302211302211305
"2013-2014","quest__MCQ180G","MCQ180G","Questionnaire","numeric",43,10080,99.06633906633907
"2013-2014","quest__MCQ160M","MCQ160M","Questionnaire","numeric",3,4406,43.302211302211305
"2013-2014","quest__MCQ170M","MCQ170M","Questionnaire","numeric",3,9574,94.09336609336609
"2013-2014","quest__MCQ180M","MCQ180M","Questionnaire","numeric",74,9574,94.09336609336609
"2013-2014","quest__MCQ160K","MCQ160K","Questionnaire","numeric",3,4406,43.302211302211305
"2013-2014","quest__MCQ170K","MCQ170K","Questionnaire","numeric",3,9855,96.85503685503686
"2013-2014","quest__MCQ180K","MCQ180K","Questionnaire","numeric",76,9855,96.85503685503686
"2013-2014","quest__MCQ160L","MCQ160L","Questionnaire","numeric",3,4406,43.302211302211305
"2013-2014","quest__MCQ170L","MCQ170L","Questionnaire","numeric",3,9941,97.7002457002457
"2013-2014","quest__MCQ180L","MCQ180L","Questionnaire","numeric",61,9941,97.7002457002457
"2013-2014","quest__MCQ160O","MCQ160O","Questionnaire","numeric",3,4406,43.302211302211305
"2013-2014","quest__MCQ203","MCQ203","Questionnaire","numeric",3,1703,16.73710073710074
"2013-2014","quest__MCQ206","MCQ206","Questionnaire","numeric",56,10018,98.45700245700245
"2013-2014","quest__MCQ220","MCQ220","Questionnaire","numeric",2,4406,43.302211302211305
"2013-2014","quest__MCQ230A","MCQ230A","Questionnaire","numeric",28,9628,94.62407862407862
"2013-2014","quest__MCQ230B","MCQ230B","Questionnaire","numeric",20,10114,99.4004914004914
"2013-2014","quest__MCQ230C","MCQ230C","Questionnaire","numeric",4,10171,99.96068796068796
"2013-2014","quest__MCQ230D","MCQ230D","Questionnaire","numeric",1,10173,99.98034398034397
"2013-2014","quest__MCQ240A","MCQ240A","Questionnaire","numeric",8,10164,99.89189189189189
"2013-2014","quest__MCQ240AA","MCQ240AA","Questionnaire","numeric",3,10172,99.97051597051598
"2013-2014","quest__MCQ240B","MCQ240B","Questionnaire","numeric",4,10171,99.96068796068796
"2013-2014","quest__MCQ240BB","MCQ240BB","Questionnaire","numeric",10,10163,99.88206388206389
"2013-2014","quest__MCQ240C","MCQ240C","Questionnaire","numeric",2,10173,99.98034398034397
"2013-2014","quest__MCQ240CC","MCQ240CC","Questionnaire","numeric",17,10157,99.82309582309583
"2013-2014","quest__MCQ240D","MCQ240D","Questionnaire","numeric",3,10172,99.97051597051598
"2013-2014","quest__MCQ240DD","MCQ240DD","Questionnaire","numeric",24,10142,99.67567567567568
"2013-2014","quest__MCQ240DK","MCQ240DK","Questionnaire","numeric",4,10171,99.96068796068796
"2013-2014","quest__MCQ240E","MCQ240E","Questionnaire","numeric",44,10074,99.007371007371
"2013-2014","quest__MCQ240F","MCQ240F","Questionnaire","numeric",28,10138,99.63636363636364
"2013-2014","quest__MCQ240G","MCQ240G","Questionnaire","numeric",25,10147,99.72481572481573
"2013-2014","quest__MCQ240H","MCQ240H","Questionnaire","numeric",2,10173,99.98034398034397
"2013-2014","quest__MCQ240I","MCQ240I","Questionnaire","numeric",0,10175,100
"2013-2014","quest__MCQ240J","MCQ240J","Questionnaire","numeric",9,10163,99.88206388206389
"2013-2014","quest__MCQ240K","MCQ240K","Questionnaire","numeric",4,10171,99.96068796068796
"2013-2014","quest__MCQ240L","MCQ240L","Questionnaire","numeric",5,10170,99.95085995085995
"2013-2014","quest__MCQ240M","MCQ240M","Questionnaire","numeric",5,10170,99.95085995085995
"2013-2014","quest__MCQ240N","MCQ240N","Questionnaire","numeric",19,10154,99.79361179361179
"2013-2014","quest__MCQ240O","MCQ240O","Questionnaire","numeric",11,10164,99.89189189189189
"2013-2014","quest__MCQ240P","MCQ240P","Questionnaire","numeric",31,10133,99.58722358722358
"2013-2014","quest__MCQ240Q","MCQ240Q","Questionnaire","numeric",4,10171,99.96068796068796
"2013-2014","quest__MCQ240R","MCQ240R","Questionnaire","numeric",0,10175,100
"2013-2014","quest__MCQ240S","MCQ240S","Questionnaire","numeric",10,10165,99.9017199017199
"2013-2014","quest__MCQ240T","MCQ240T","Questionnaire","numeric",3,10172,99.97051597051598
"2013-2014","quest__MCQ240U","MCQ240U","Questionnaire","numeric",30,10107,99.33169533169533
"2013-2014","quest__MCQ240V","MCQ240V","Questionnaire","numeric",1,10174,99.990171990172
"2013-2014","quest__MCQ240W","MCQ240W","Questionnaire","numeric",43,10070,98.96805896805897
"2013-2014","quest__MCQ240X","MCQ240X","Questionnaire","numeric",31,10118,99.43980343980344
"2013-2014","quest__MCQ240Y","MCQ240Y","Questionnaire","numeric",3,10172,99.97051597051598
"2013-2014","quest__MCQ240Z","MCQ240Z","Questionnaire","numeric",2,10172,99.97051597051598
"2013-2014","quest__MCQ300A","MCQ300A","Questionnaire","numeric",3,4406,43.302211302211305
"2013-2014","quest__MCQ300B","MCQ300B","Questionnaire","numeric",4,1603,15.754299754299755
"2013-2014","quest__MCQ300C","MCQ300C","Questionnaire","numeric",3,4406,43.302211302211305
"2013-2014","quest__MCQ365A","MCQ365A","Questionnaire","numeric",3,3711,36.47174447174447
"2013-2014","quest__MCQ365B","MCQ365B","Questionnaire","numeric",2,3711,36.47174447174447
"2013-2014","quest__MCQ365C","MCQ365C","Questionnaire","numeric",3,3711,36.47174447174447
"2013-2014","quest__MCQ365D","MCQ365D","Questionnaire","numeric",3,3711,36.47174447174447
"2013-2014","quest__MCQ370A","MCQ370A","Questionnaire","numeric",4,3711,36.47174447174447
"2013-2014","quest__MCQ370B","MCQ370B","Questionnaire","numeric",3,3711,36.47174447174447
"2013-2014","quest__MCQ370C","MCQ370C","Questionnaire","numeric",4,3711,36.47174447174447
"2013-2014","quest__MCQ370D","MCQ370D","Questionnaire","numeric",4,3711,36.47174447174447
"2013-2014","quest__MCQ380","MCQ380","Questionnaire","numeric",6,8335,81.91646191646191
"2013-2014","quest__OCD150","OCD150","Questionnaire","numeric",4,3716,36.52088452088452
"2013-2014","quest__OCQ180","OCQ180","Questionnaire","numeric",90,6830,67.12530712530712
"2013-2014","quest__OCQ210","OCQ210","Questionnaire","numeric",4,9164,90.06388206388206
"2013-2014","quest__OCQ260","OCQ260","Questionnaire","numeric",7,6732,66.16216216216216
"2013-2014","quest__OCD270","OCD270","Questionnaire","numeric",86,6732,66.16216216216216
"2013-2014","quest__OCQ380","OCQ380","Questionnaire","numeric",8,7359,72.32432432432432
"2013-2014","quest__OCD390G","OCD390G","Questionnaire","numeric",6,3716,36.52088452088452
"2013-2014","quest__OCD395","OCD395","Questionnaire","numeric",80,6732,66.16216216216216
"2013-2014","quest__OHQ030","OHQ030","Questionnaire","numeric",9,407,4
"2013-2014","quest__OHQ033","OHQ033","Questionnaire","numeric",7,1057,10.388206388206388
"2013-2014","quest__OHQ770","OHQ770","Questionnaire","numeric",3,1057,10.388206388206388
"2013-2014","quest__OHQ780A","OHQ780A","Questionnaire","numeric",2,9085,89.28746928746929
"2013-2014","quest__OHQ780B","OHQ780B","Questionnaire","numeric",1,10110,99.36117936117937
"2013-2014","quest__OHQ780C","OHQ780C","Questionnaire","numeric",1,9967,97.95577395577395
"2013-2014","quest__OHQ780D","OHQ780D","Questionnaire","numeric",1,10150,99.75429975429975
"2013-2014","quest__OHQ780E","OHQ780E","Questionnaire","numeric",1,10154,99.79361179361179
"2013-2014","quest__OHQ780F","OHQ780F","Questionnaire","numeric",1,10170,99.95085995085995
"2013-2014","quest__OHQ780G","OHQ780G","Questionnaire","numeric",1,10099,99.25307125307125
"2013-2014","quest__OHQ780H","OHQ780H","Questionnaire","numeric",1,10130,99.55773955773955
"2013-2014","quest__OHQ780I","OHQ780I","Questionnaire","numeric",1,10128,99.53808353808353
"2013-2014","quest__OHQ780J","OHQ780J","Questionnaire","numeric",1,10140,99.65601965601965
"2013-2014","quest__OHQ780K","OHQ780K","Questionnaire","numeric",1,10088,99.14496314496316
"2013-2014","quest__OHQ555G","OHQ555G","Questionnaire","numeric",3,7410,72.82555282555283
"2013-2014","quest__OHQ555Q","OHQ555Q","Questionnaire","numeric",24,7452,73.23832923832924
"2013-2014","quest__OHQ555U","OHQ555U","Questionnaire","numeric",2,7458,73.29729729729729
"2013-2014","quest__OHQ560G","OHQ560G","Questionnaire","numeric",3,7458,73.29729729729729
"2013-2014","quest__OHQ560Q","OHQ560Q","Questionnaire","numeric",25,7489,73.6019656019656
"2013-2014","quest__OHQ560U","OHQ560U","Questionnaire","numeric",2,7490,73.6117936117936
"2013-2014","quest__OHQ565","OHQ565","Questionnaire","numeric",3,7410,72.82555282555283
"2013-2014","quest__OHQ570Q","OHQ570Q","Questionnaire","numeric",15,9946,97.74938574938575
"2013-2014","quest__OHQ570U","OHQ570U","Questionnaire","numeric",2,9956,97.84766584766584
"2013-2014","quest__OHQ575G","OHQ575G","Questionnaire","numeric",3,9956,97.84766584766584
"2013-2014","quest__OHQ575Q","OHQ575Q","Questionnaire","numeric",18,9992,98.2014742014742
"2013-2014","quest__OHQ575U","OHQ575U","Questionnaire","numeric",2,9994,98.22113022113022
"2013-2014","quest__OHQ580","OHQ580","Questionnaire","numeric",3,7410,72.82555282555283
"2013-2014","quest__OHQ585Q","OHQ585Q","Questionnaire","numeric",16,10052,98.7911547911548
"2013-2014","quest__OHQ585U","OHQ585U","Questionnaire","numeric",2,10058,98.85012285012284
"2013-2014","quest__OHQ590G","OHQ590G","Questionnaire","numeric",3,10058,98.85012285012284
"2013-2014","quest__OHQ590Q","OHQ590Q","Questionnaire","numeric",14,10096,99.22358722358723
"2013-2014","quest__OHQ590U","OHQ590U","Questionnaire","numeric",2,10096,99.22358722358723
"2013-2014","quest__OHQ610","OHQ610","Questionnaire","numeric",3,6494,63.82309582309582
"2013-2014","quest__OHQ612","OHQ612","Questionnaire","numeric",3,6494,63.82309582309582
"2013-2014","quest__OHQ614","OHQ614","Questionnaire","numeric",3,6494,63.82309582309582
"2013-2014","quest__OHQ620","OHQ620","Questionnaire","numeric",6,5362,52.697788697788695
"2013-2014","quest__OHQ640","OHQ640","Questionnaire","numeric",6,5362,52.697788697788695
"2013-2014","quest__OHQ680","OHQ680","Questionnaire","numeric",6,5362,52.697788697788695
"2013-2014","quest__OHQ835","OHQ835","Questionnaire","numeric",3,5362,52.697788697788695
"2013-2014","quest__OHQ845","OHQ845","Questionnaire","numeric",7,407,4
"2013-2014","quest__OHQ848G","OHQ848G","Questionnaire","numeric",4,6714,65.98525798525799
"2013-2014","quest__OHQ848Q","OHQ848Q","Questionnaire","numeric",7,6803,66.85995085995086
"2013-2014","quest__OHQ849","OHQ849","Questionnaire","numeric",6,6761,66.44717444717445
"2013-2014","quest__OHQ850","OHQ850","Questionnaire","numeric",3,5362,52.697788697788695
"2013-2014","quest__OHQ855","OHQ855","Questionnaire","numeric",3,5362,52.697788697788695
"2013-2014","quest__OHQ860","OHQ860","Questionnaire","numeric",3,5362,52.697788697788695
"2013-2014","quest__OHQ865","OHQ865","Questionnaire","numeric",3,5362,52.697788697788695
"2013-2014","quest__OHQ870","OHQ870","Questionnaire","numeric",9,5362,52.697788697788695
"2013-2014","quest__OHQ875","OHQ875","Questionnaire","numeric",9,5362,52.697788697788695
"2013-2014","quest__OHQ880","OHQ880","Questionnaire","numeric",3,5362,52.697788697788695
"2013-2014","quest__OHQ885","OHQ885","Questionnaire","numeric",3,5362,52.697788697788695
"2013-2014","quest__OHQ895","OHQ895","Questionnaire","numeric",4,8886,87.33169533169533
"2013-2014","quest__OHQ900","OHQ900","Questionnaire","numeric",6,9091,89.34643734643734
"2013-2014","quest__OSQ010A","OSQ010A","Questionnaire","numeric",3,6360,62.5061425061425
"2013-2014","quest__OSQ010B","OSQ010B","Questionnaire","numeric",3,6360,62.5061425061425
"2013-2014","quest__OSQ010C","OSQ010C","Questionnaire","numeric",3,6360,62.5061425061425
"2013-2014","quest__OSQ020A","OSQ020A","Questionnaire","numeric",4,10092,99.18427518427518
"2013-2014","quest__OSQ020B","OSQ020B","Questionnaire","numeric",6,9859,96.8943488943489
"2013-2014","quest__OSQ020C","OSQ020C","Questionnaire","numeric",3,10098,99.24324324324324
"2013-2014","quest__OSD030AA","OSD030AA","Questionnaire","numeric",47,10093,99.19410319410319
"2013-2014","quest__OSQ040AA","OSQ040AA","Questionnaire","numeric",3,10093,99.19410319410319
"2013-2014","quest__OSD050AA","OSD050AA","Questionnaire","numeric",4,10123,99.48894348894349
"2013-2014","quest__OSD030AB","OSD030AB","Questionnaire","numeric",10,10164,99.89189189189189
"2013-2014","quest__OSQ040AB","OSQ040AB","Questionnaire","numeric",3,10164,99.89189189189189
"2013-2014","quest__OSD050AB","OSD050AB","Questionnaire","numeric",4,10166,99.91154791154791
"2013-2014","quest__OSD030AC","OSD030AC","Questionnaire","numeric",2,10173,99.98034398034397
"2013-2014","quest__OSQ040AC","OSQ040AC","Questionnaire","numeric",1,10173,99.98034398034397
"2013-2014","quest__OSD050AC","OSD050AC","Questionnaire","numeric",2,10173,99.98034398034397
"2013-2014","quest__OSD030BA","OSD030BA","Questionnaire","numeric",76,9859,96.8943488943489
"2013-2014","quest__OSQ040BA","OSQ040BA","Questionnaire","numeric",2,9859,96.8943488943489
"2013-2014","quest__OSD050BA","OSD050BA","Questionnaire","numeric",3,10101,99.27272727272727
"2013-2014","quest__OSD030BB","OSD030BB","Questionnaire","numeric",32,10126,99.51842751842752
"2013-2014","quest__OSQ040BB","OSQ040BB","Questionnaire","numeric",2,10126,99.51842751842752
"2013-2014","quest__OSD050BB","OSD050BB","Questionnaire","numeric",3,10166,99.91154791154791
"2013-2014","quest__OSD030BC","OSD030BC","Questionnaire","numeric",14,10161,99.86240786240786
"2013-2014","quest__OSQ040BC","OSQ040BC","Questionnaire","numeric",2,10161,99.86240786240786
"2013-2014","quest__OSD050BC","OSD050BC","Questionnaire","numeric",2,10173,99.98034398034397
"2013-2014","quest__OSD030BD","OSD030BD","Questionnaire","numeric",5,10170,99.95085995085995
"2013-2014","quest__OSQ040BD","OSQ040BD","Questionnaire","numeric",2,10170,99.95085995085995
"2013-2014","quest__OSD050BD","OSD050BD","Questionnaire","numeric",2,10173,99.98034398034397
"2013-2014","quest__OSD030BE","OSD030BE","Questionnaire","numeric",2,10173,99.98034398034397
"2013-2014","quest__OSQ040BE","OSQ040BE","Questionnaire","numeric",1,10173,99.98034398034397
"2013-2014","quest__OSD030BF","OSD030BF","Questionnaire","numeric",2,10173,99.98034398034397
"2013-2014","quest__OSQ040BF","OSQ040BF","Questionnaire","numeric",1,10173,99.98034398034397
"2013-2014","quest__OSD030BG","OSD030BG","Questionnaire","numeric",1,10174,99.990171990172
"2013-2014","quest__OSQ040BG","OSQ040BG","Questionnaire","numeric",1,10174,99.990171990172
"2013-2014","quest__OSD030BH","OSD030BH","Questionnaire","numeric",1,10174,99.990171990172
"2013-2014","quest__OSQ040BH","OSQ040BH","Questionnaire","numeric",1,10174,99.990171990172
"2013-2014","quest__OSD030BI","OSD030BI","Questionnaire","numeric",1,10174,99.990171990172
"2013-2014","quest__OSQ040BI","OSQ040BI","Questionnaire","numeric",1,10174,99.990171990172
"2013-2014","quest__OSD030BJ","OSD030BJ","Questionnaire","numeric",1,10174,99.990171990172
"2013-2014","quest__OSQ040BJ","OSQ040BJ","Questionnaire","numeric",1,10174,99.990171990172
"2013-2014","quest__OSD030CA","OSD030CA","Questionnaire","numeric",45,10099,99.25307125307125
"2013-2014","quest__OSQ040CA","OSQ040CA","Questionnaire","numeric",2,10099,99.25307125307125
"2013-2014","quest__OSD050CA","OSD050CA","Questionnaire","numeric",4,10156,99.81326781326781
"2013-2014","quest__OSD030CB","OSD030CB","Questionnaire","numeric",8,10166,99.91154791154791
"2013-2014","quest__OSQ040CB","OSQ040CB","Questionnaire","numeric",3,10166,99.91154791154791
"2013-2014","quest__OSD050CB","OSD050CB","Questionnaire","numeric",1,10174,99.990171990172
"2013-2014","quest__OSD030CC","OSD030CC","Questionnaire","numeric",2,10173,99.98034398034397
"2013-2014","quest__OSQ040CC","OSQ040CC","Questionnaire","numeric",1,10173,99.98034398034397
"2013-2014","quest__OSQ080","OSQ080","Questionnaire","numeric",3,6360,62.5061425061425
"2013-2014","quest__OSQ090A","OSQ090A","Questionnaire","numeric",3,9253,90.93857493857493
"2013-2014","quest__OSQ100A","OSQ100A","Questionnaire","numeric",16,9939,97.68058968058968
"2013-2014","quest__OSD110A","OSD110A","Questionnaire","numeric",57,9939,97.68058968058968
"2013-2014","quest__OSQ120A","OSQ120A","Questionnaire","numeric",2,9253,90.93857493857493
"2013-2014","quest__OSQ090B","OSQ090B","Questionnaire","numeric",3,9933,97.62162162162163
"2013-2014","quest__OSQ100B","OSQ100B","Questionnaire","numeric",14,10104,99.3022113022113
"2013-2014","quest__OSD110B","OSD110B","Questionnaire","numeric",35,10104,99.3022113022113
"2013-2014","quest__OSQ120B","OSQ120B","Questionnaire","numeric",2,9933,97.62162162162163
"2013-2014","quest__OSQ090C","OSQ090C","Questionnaire","numeric",2,10095,99.21375921375922
"2013-2014","quest__OSQ100C","OSQ100C","Questionnaire","numeric",8,10155,99.80343980343982
"2013-2014","quest__OSD110C","OSD110C","Questionnaire","numeric",17,10155,99.80343980343982
"2013-2014","quest__OSQ120C","OSQ120C","Questionnaire","numeric",2,10095,99.21375921375922
"2013-2014","quest__OSQ090D","OSQ090D","Questionnaire","numeric",2,10139,99.64619164619165
"2013-2014","quest__OSQ100D","OSQ100D","Questionnaire","numeric",5,10167,99.92137592137593
"2013-2014","quest__OSD110D","OSD110D","Questionnaire","numeric",8,10167,99.92137592137593
"2013-2014","quest__OSQ120D","OSQ120D","Questionnaire","numeric",2,10139,99.64619164619165
"2013-2014","quest__OSQ090E","OSQ090E","Questionnaire","numeric",2,10163,99.88206388206389
"2013-2014","quest__OSQ100E","OSQ100E","Questionnaire","numeric",3,10172,99.97051597051598
"2013-2014","quest__OSD110E","OSD110E","Questionnaire","numeric",3,10172,99.97051597051598
"2013-2014","quest__OSQ120E","OSQ120E","Questionnaire","numeric",2,10163,99.88206388206389
"2013-2014","quest__OSQ090F","OSQ090F","Questionnaire","numeric",1,10170,99.95085995085995
"2013-2014","quest__OSQ120F","OSQ120F","Questionnaire","numeric",2,10170,99.95085995085995
"2013-2014","quest__OSQ090G","OSQ090G","Questionnaire","numeric",2,10171,99.96068796068796
"2013-2014","quest__OSQ100G","OSQ100G","Questionnaire","numeric",2,10173,99.98034398034397
"2013-2014","quest__OSD110G","OSD110G","Questionnaire","numeric",2,10173,99.98034398034397
"2013-2014","quest__OSQ120G","OSQ120G","Questionnaire","numeric",2,10171,99.96068796068796
"2013-2014","quest__OSQ090H","OSQ090H","Questionnaire","numeric",1,10173,99.98034398034397
"2013-2014","quest__OSQ120H","OSQ120H","Questionnaire","numeric",1,10173,99.98034398034397
"2013-2014","quest__OSQ060","OSQ060","Questionnaire","numeric",3,6360,62.5061425061425
"2013-2014","quest__OSQ072","OSQ072","Questionnaire","numeric",3,9853,96.83538083538083
"2013-2014","quest__OSQ130","OSQ130","Questionnaire","numeric",3,6360,62.5061425061425
"2013-2014","quest__OSQ140Q","OSQ140Q","Questionnaire","numeric",22,9955,97.83783783783784
"2013-2014","quest__OSQ140U","OSQ140U","Questionnaire","numeric",2,9968,97.96560196560196
"2013-2014","quest__OSQ150","OSQ150","Questionnaire","numeric",4,6360,62.5061425061425
"2013-2014","quest__OSQ160A","OSQ160A","Questionnaire","numeric",1,9739,95.71498771498771
"2013-2014","quest__OSQ160B","OSQ160B","Questionnaire","numeric",1,10145,99.7051597051597
"2013-2014","quest__OSQ170","OSQ170","Questionnaire","numeric",3,6360,62.5061425061425
"2013-2014","quest__OSQ180","OSQ180","Questionnaire","numeric",54,9919,97.48402948402949
"2013-2014","quest__OSQ190","OSQ190","Questionnaire","numeric",3,10161,99.86240786240786
"2013-2014","quest__OSQ200","OSQ200","Questionnaire","numeric",4,6360,62.5061425061425
"2013-2014","quest__OSQ210","OSQ210","Questionnaire","numeric",38,10094,99.2039312039312
"2013-2014","quest__OSQ220","OSQ220","Questionnaire","numeric",2,10171,99.96068796068796
"2013-2014","quest__PFQ020","PFQ020","Questionnaire","numeric",3,6714,65.98525798525799
"2013-2014","quest__PFQ030","PFQ030","Questionnaire","numeric",3,10047,98.74201474201473
"2013-2014","quest__PFQ033","PFQ033","Questionnaire","numeric",2,10070,98.96805896805897
"2013-2014","quest__PFQ041","PFQ041","Questionnaire","numeric",3,7058,69.36609336609337
"2013-2014","quest__PFQ049","PFQ049","Questionnaire","numeric",4,4406,43.302211302211305
"2013-2014","quest__PFQ051","PFQ051","Questionnaire","numeric",3,4406,43.302211302211305
"2013-2014","quest__PFQ054","PFQ054","Questionnaire","numeric",2,4406,43.302211302211305
"2013-2014","quest__PFQ057","PFQ057","Questionnaire","numeric",3,4406,43.302211302211305
"2013-2014","quest__PFQ059","PFQ059","Questionnaire","numeric",3,5905,58.03439803439804
"2013-2014","quest__PFQ061A","PFQ061A","Questionnaire","numeric",6,7580,74.4963144963145
"2013-2014","quest__PFQ061B","PFQ061B","Questionnaire","numeric",6,8172,80.31449631449632
"2013-2014","quest__PFQ061C","PFQ061C","Questionnaire","numeric",6,8172,80.31449631449632
"2013-2014","quest__PFQ061D","PFQ061D","Questionnaire","numeric",5,7580,74.4963144963145
"2013-2014","quest__PFQ061E","PFQ061E","Questionnaire","numeric",5,7580,74.4963144963145
"2013-2014","quest__PFQ061F","PFQ061F","Questionnaire","numeric",5,7580,74.4963144963145
"2013-2014","quest__PFQ061G","PFQ061G","Questionnaire","numeric",5,7580,74.4963144963145
"2013-2014","quest__PFQ061H","PFQ061H","Questionnaire","numeric",5,7580,74.4963144963145
"2013-2014","quest__PFQ061I","PFQ061I","Questionnaire","numeric",6,7580,74.4963144963145
"2013-2014","quest__PFQ061J","PFQ061J","Questionnaire","numeric",5,7580,74.4963144963145
"2013-2014","quest__PFQ061K","PFQ061K","Questionnaire","numeric",4,7580,74.4963144963145
"2013-2014","quest__PFQ061L","PFQ061L","Questionnaire","numeric",5,7580,74.4963144963145
"2013-2014","quest__PFQ061M","PFQ061M","Questionnaire","numeric",6,7580,74.4963144963145
"2013-2014","quest__PFQ061N","PFQ061N","Questionnaire","numeric",5,7580,74.4963144963145
"2013-2014","quest__PFQ061O","PFQ061O","Questionnaire","numeric",5,7580,74.4963144963145
"2013-2014","quest__PFQ061P","PFQ061P","Questionnaire","numeric",5,7580,74.4963144963145
"2013-2014","quest__PFQ061Q","PFQ061Q","Questionnaire","numeric",6,7580,74.4963144963145
"2013-2014","quest__PFQ061R","PFQ061R","Questionnaire","numeric",6,7580,74.4963144963145
"2013-2014","quest__PFQ061S","PFQ061S","Questionnaire","numeric",6,7580,74.4963144963145
"2013-2014","quest__PFQ061T","PFQ061T","Questionnaire","numeric",6,7580,74.4963144963145
"2013-2014","quest__PFQ063A","PFQ063A","Questionnaire","numeric",21,8351,82.07371007371007
"2013-2014","quest__PFQ063B","PFQ063B","Questionnaire","numeric",19,9060,89.04176904176904
"2013-2014","quest__PFQ063C","PFQ063C","Questionnaire","numeric",19,9477,93.14004914004914
"2013-2014","quest__PFQ063D","PFQ063D","Questionnaire","numeric",15,9726,95.58722358722359
"2013-2014","quest__PFQ063E","PFQ063E","Questionnaire","numeric",17,9913,97.42506142506141
"2013-2014","quest__PFQ090","PFQ090","Questionnaire","numeric",2,4406,43.302211302211305
"2013-2014","quest__PAQ605","PAQ605","Questionnaire","numeric",3,3027,29.74938574938575
"2013-2014","quest__PAQ610","PAQ610","Questionnaire","numeric",8,9003,88.48157248157248
"2013-2014","quest__PAD615","PAD615","Questionnaire","numeric",29,9007,88.52088452088452
"2013-2014","quest__PAQ620","PAQ620","Questionnaire","numeric",4,3027,29.74938574938575
"2013-2014","quest__PAQ625","PAQ625","Questionnaire","numeric",9,7868,77.32678132678133
"2013-2014","quest__PAD630","PAD630","Questionnaire","numeric",35,7876,77.4054054054054
"2013-2014","quest__PAQ635","PAQ635","Questionnaire","numeric",3,3028,29.75921375921376
"2013-2014","quest__PAQ640","PAQ640","Questionnaire","numeric",7,8128,79.88206388206387
"2013-2014","quest__PAD645","PAD645","Questionnaire","numeric",35,8132,79.92137592137593
"2013-2014","quest__PAQ650","PAQ650","Questionnaire","numeric",3,3028,29.75921375921376
"2013-2014","quest__PAQ655","PAQ655","Questionnaire","numeric",8,8117,79.77395577395578
"2013-2014","quest__PAD660","PAD660","Questionnaire","numeric",39,8120,79.8034398034398
"2013-2014","quest__PAQ665","PAQ665","Questionnaire","numeric",3,3030,29.778869778869776
"2013-2014","quest__PAQ670","PAQ670","Questionnaire","numeric",8,7115,69.92628992628993
"2013-2014","quest__PAD675","PAD675","Questionnaire","numeric",39,7118,69.95577395577396
"2013-2014","quest__PAD680","PAD680","Questionnaire","numeric",36,3036,29.83783783783784
"2013-2014","quest__PAQ706","PAQ706","Questionnaire","numeric",9,7186,70.62407862407862
"2013-2014","quest__PAQ710","PAQ710","Questionnaire","numeric",9,727,7.144963144963144
"2013-2014","quest__PAQ715","PAQ715","Questionnaire","numeric",7,727,7.144963144963144
"2013-2014","quest__PAQ722","PAQ722","Questionnaire","numeric",3,7468,73.39557739557739
"2013-2014","quest__PAQ724A","PAQ724A","Questionnaire","numeric",1,10049,98.76167076167076
"2013-2014","quest__PAQ724B","PAQ724B","Questionnaire","numeric",1,9955,97.83783783783784
"2013-2014","quest__PAQ724C","PAQ724C","Questionnaire","numeric",1,9732,95.64619164619165
"2013-2014","quest__PAQ724D","PAQ724D","Questionnaire","numeric",1,9560,93.95577395577396
"2013-2014","quest__PAQ724E","PAQ724E","Questionnaire","numeric",1,10133,99.58722358722358
"2013-2014","quest__PAQ724F","PAQ724F","Questionnaire","numeric",1,9822,96.53071253071252
"2013-2014","quest__PAQ724G","PAQ724G","Questionnaire","numeric",1,10165,99.9017199017199
"2013-2014","quest__PAQ724H","PAQ724H","Questionnaire","numeric",1,9923,97.52334152334153
"2013-2014","quest__PAQ724I","PAQ724I","Questionnaire","numeric",1,10160,99.85257985257985
"2013-2014","quest__PAQ724J","PAQ724J","Questionnaire","numeric",1,10021,98.48648648648648
"2013-2014","quest__PAQ724K","PAQ724K","Questionnaire","numeric",1,10126,99.51842751842752
"2013-2014","quest__PAQ724L","PAQ724L","Questionnaire","numeric",1,10172,99.97051597051598
"2013-2014","quest__PAQ724M","PAQ724M","Questionnaire","numeric",1,10164,99.89189189189189
"2013-2014","quest__PAQ724N","PAQ724N","Questionnaire","numeric",1,10034,98.61425061425061
"2013-2014","quest__PAQ724O","PAQ724O","Questionnaire","numeric",1,10168,99.93120393120392
"2013-2014","quest__PAQ724P","PAQ724P","Questionnaire","numeric",1,10098,99.24324324324324
"2013-2014","quest__PAQ724Q","PAQ724Q","Questionnaire","numeric",1,9784,96.15724815724815
"2013-2014","quest__PAQ724R","PAQ724R","Questionnaire","numeric",1,10120,99.45945945945947
"2013-2014","quest__PAQ724S","PAQ724S","Questionnaire","numeric",1,9249,90.8992628992629
"2013-2014","quest__PAQ724T","PAQ724T","Questionnaire","numeric",1,10001,98.28992628992629
"2013-2014","quest__PAQ724U","PAQ724U","Questionnaire","numeric",1,10096,99.22358722358723
"2013-2014","quest__PAQ724V","PAQ724V","Questionnaire","numeric",1,9786,96.17690417690417
"2013-2014","quest__PAQ724W","PAQ724W","Questionnaire","numeric",1,9903,97.32678132678133
"2013-2014","quest__PAQ724X","PAQ724X","Questionnaire","numeric",1,10139,99.64619164619165
"2013-2014","quest__PAQ724Y","PAQ724Y","Questionnaire","numeric",1,10150,99.75429975429975
"2013-2014","quest__PAQ724Z","PAQ724Z","Questionnaire","numeric",1,10129,99.54791154791155
"2013-2014","quest__PAQ724AA","PAQ724AA","Questionnaire","numeric",1,9703,95.36117936117935
"2013-2014","quest__PAQ724AB","PAQ724AB","Questionnaire","numeric",1,10068,98.94840294840294
"2013-2014","quest__PAQ724AC","PAQ724AC","Questionnaire","numeric",1,10129,99.54791154791155
"2013-2014","quest__PAQ724AD","PAQ724AD","Questionnaire","numeric",1,9294,91.34152334152334
"2013-2014","quest__PAQ724AE","PAQ724AE","Questionnaire","numeric",1,10010,98.37837837837839
"2013-2014","quest__PAQ724AF","PAQ724AF","Questionnaire","numeric",1,10161,99.86240786240786
"2013-2014","quest__PAQ724CM","PAQ724CM","Questionnaire","numeric",1,10152,99.77395577395576
"2013-2014","quest__PAQ731","PAQ731","Questionnaire","numeric",9,7918,77.81818181818181
"2013-2014","quest__PAD733","PAD733","Questionnaire","numeric",21,9377,92.15724815724816
"2013-2014","quest__PAQ677","PAQ677","Questionnaire","numeric",9,9496,93.32678132678133
"2013-2014","quest__PAQ678","PAQ678","Questionnaire","numeric",8,9496,93.32678132678133
"2013-2014","quest__PAQ740","PAQ740","Questionnaire","numeric",3,9496,93.32678132678133
"2013-2014","quest__PAQ742","PAQ742","Questionnaire","numeric",2,9855,96.85503685503686
"2013-2014","quest__PAQ744","PAQ744","Questionnaire","numeric",2,9496,93.32678132678133
"2013-2014","quest__PAQ746","PAQ746","Questionnaire","numeric",5,9619,94.53562653562653
"2013-2014","quest__PAQ748","PAQ748","Questionnaire","numeric",4,9619,94.53562653562653
"2013-2014","quest__PAQ755","PAQ755","Questionnaire","numeric",2,7918,77.81818181818181
"2013-2014","quest__PAQ759A","PAQ759A","Questionnaire","numeric",2,10055,98.82063882063882
"2013-2014","quest__PAQ759B","PAQ759B","Questionnaire","numeric",1,9922,97.51351351351352
"2013-2014","quest__PAQ759C","PAQ759C","Questionnaire","numeric",1,10171,99.96068796068796
"2013-2014","quest__PAQ759D","PAQ759D","Questionnaire","numeric",1,10123,99.48894348894349
"2013-2014","quest__PAQ759E","PAQ759E","Questionnaire","numeric",1,10041,98.68304668304668
"2013-2014","quest__PAQ759F","PAQ759F","Questionnaire","numeric",1,10170,99.95085995085995
"2013-2014","quest__PAQ759G","PAQ759G","Questionnaire","numeric",1,10135,99.6068796068796
"2013-2014","quest__PAQ759H","PAQ759H","Questionnaire","numeric",1,10164,99.89189189189189
"2013-2014","quest__PAQ759I","PAQ759I","Questionnaire","numeric",1,10166,99.91154791154791
"2013-2014","quest__PAQ759J","PAQ759J","Questionnaire","numeric",1,9956,97.84766584766584
"2013-2014","quest__PAQ759K","PAQ759K","Questionnaire","numeric",1,10133,99.58722358722358
"2013-2014","quest__PAQ759L","PAQ759L","Questionnaire","numeric",1,10150,99.75429975429975
"2013-2014","quest__PAQ759M","PAQ759M","Questionnaire","numeric",1,10098,99.24324324324324
"2013-2014","quest__PAQ759N","PAQ759N","Questionnaire","numeric",1,10126,99.51842751842752
"2013-2014","quest__PAQ759O","PAQ759O","Questionnaire","numeric",1,10147,99.72481572481573
"2013-2014","quest__PAQ759P","PAQ759P","Questionnaire","numeric",1,10119,99.44963144963145
"2013-2014","quest__PAQ759Q","PAQ759Q","Questionnaire","numeric",1,10088,99.14496314496316
"2013-2014","quest__PAQ759R","PAQ759R","Questionnaire","numeric",1,10171,99.96068796068796
"2013-2014","quest__PAQ759S","PAQ759S","Questionnaire","numeric",1,10060,98.86977886977887
"2013-2014","quest__PAQ759T","PAQ759T","Questionnaire","numeric",1,10174,99.990171990172
"2013-2014","quest__PAQ759U","PAQ759U","Questionnaire","numeric",1,10160,99.85257985257985
"2013-2014","quest__PAQ759V","PAQ759V","Questionnaire","numeric",1,10172,99.97051597051598
"2013-2014","quest__PAQ762","PAQ762","Questionnaire","numeric",3,8597,84.4914004914005
"2013-2014","quest__PAQ764","PAQ764","Questionnaire","numeric",6,8708,85.58230958230958
"2013-2014","quest__PAQ766","PAQ766","Questionnaire","numeric",5,8723,85.72972972972973
"2013-2014","quest__PAQ679","PAQ679","Questionnaire","numeric",7,9503,93.3955773955774
"2013-2014","quest__PAQ750","PAQ750","Questionnaire","numeric",7,7925,77.88697788697789
"2013-2014","quest__PAQ770","PAQ770","Questionnaire","numeric",3,7918,77.81818181818181
"2013-2014","quest__PAQ772A","PAQ772A","Questionnaire","numeric",2,10126,99.51842751842752
"2013-2014","quest__PAQ772B","PAQ772B","Questionnaire","numeric",1,10130,99.55773955773955
"2013-2014","quest__PAQ772C","PAQ772C","Questionnaire","numeric",1,10100,99.26289926289927
"2013-2014","quest__PAAQUEX","PAAQUEX","Questionnaire","numeric",2,691,6.791154791154791
"2013-2014","quest__PUQ100","PUQ100","Questionnaire","numeric",3,2364,23.233415233415233
"2013-2014","quest__PUQ110","PUQ110","Questionnaire","numeric",3,2365,23.243243243243246
"2013-2014","quest__RHQ010","RHQ010","Questionnaire","numeric",17,6869,67.5085995085995
"2013-2014","quest__RHQ020","RHQ020","Questionnaire","numeric",5,10150,99.75429975429975
"2013-2014","quest__RHQ031","RHQ031","Questionnaire","numeric",3,6919,68
"2013-2014","quest__RHD043","RHD043","Questionnaire","numeric",6,8752,86.01474201474201
"2013-2014","quest__RHQ060","RHQ060","Questionnaire","numeric",51,8752,86.01474201474201
"2013-2014","quest__RHQ070","RHQ070","Questionnaire","numeric",8,10122,99.47911547911548
"2013-2014","quest__RHQ074","RHQ074","Questionnaire","numeric",2,8246,81.04176904176904
"2013-2014","quest__RHQ076","RHQ076","Questionnaire","numeric",2,8246,81.04176904176904
"2013-2014","quest__RHQ078","RHQ078","Questionnaire","numeric",3,8246,81.04176904176904
"2013-2014","quest__RHQ131","RHQ131","Questionnaire","numeric",4,7543,74.13267813267814
"2013-2014","quest__RHD143","RHD143","Questionnaire","numeric",3,9236,90.77149877149877
"2013-2014","quest__RHQ160","RHQ160","Questionnaire","numeric",19,7982,78.44717444717445
"2013-2014","quest__RHQ162","RHQ162","Questionnaire","numeric",4,7982,78.44717444717445
"2013-2014","quest__RHQ163","RHQ163","Questionnaire","numeric",29,9979,98.07371007371007
"2013-2014","quest__RHQ166","RHQ166","Questionnaire","numeric",14,7999,78.61425061425061
"2013-2014","quest__RHQ169","RHQ169","Questionnaire","numeric",7,8934,87.80343980343982
"2013-2014","quest__RHQ172","RHQ172","Questionnaire","numeric",3,8094,79.54791154791154
"2013-2014","quest__RHD173","RHD173","Questionnaire","numeric",31,9840,96.70761670761671
"2013-2014","quest__RHQ171","RHQ171","Questionnaire","numeric",13,8094,79.54791154791154
"2013-2014","quest__RHD180","RHD180","Questionnaire","numeric",28,8523,83.76412776412776
"2013-2014","quest__RHD190","RHD190","Questionnaire","numeric",33,8121,79.81326781326781
"2013-2014","quest__RHQ197","RHQ197","Questionnaire","numeric",25,10025,98.52579852579852
"2013-2014","quest__RHQ200","RHQ200","Questionnaire","numeric",2,10025,98.52579852579852
"2013-2014","quest__RHD280","RHD280","Questionnaire","numeric",3,7555,74.25061425061426
"2013-2014","quest__RHQ291","RHQ291","Questionnaire","numeric",54,9610,94.44717444717445
"2013-2014","quest__RHQ305","RHQ305","Questionnaire","numeric",3,7554,74.24078624078624
"2013-2014","quest__RHQ332","RHQ332","Questionnaire","numeric",52,9871,97.01228501228502
"2013-2014","quest__RHQ420","RHQ420","Questionnaire","numeric",3,6922,68.02948402948404
"2013-2014","quest__RHQ540","RHQ540","Questionnaire","numeric",3,7546,74.16216216216216
"2013-2014","quest__RHQ542A","RHQ542A","Questionnaire","numeric",2,9767,95.99017199017199
"2013-2014","quest__RHQ542B","RHQ542B","Questionnaire","numeric",1,10112,99.38083538083539
"2013-2014","quest__RHQ542C","RHQ542C","Questionnaire","numeric",1,10063,98.8992628992629
"2013-2014","quest__RHQ542D","RHQ542D","Questionnaire","numeric",1,10160,99.85257985257985
"2013-2014","quest__RHQ554","RHQ554","Questionnaire","numeric",3,9768,96
"2013-2014","quest__RHQ560Q","RHQ560Q","Questionnaire","numeric",35,9880,97.1007371007371
"2013-2014","quest__RHQ560U","RHQ560U","Questionnaire","numeric",2,9886,97.15970515970515
"2013-2014","quest__RHQ570","RHQ570","Questionnaire","numeric",3,9768,96
"2013-2014","quest__RHQ576Q","RHQ576Q","Questionnaire","numeric",15,10095,99.21375921375922
"2013-2014","quest__RHQ576U","RHQ576U","Questionnaire","numeric",2,10097,99.23341523341523
"2013-2014","quest__RHQ580","RHQ580","Questionnaire","numeric",3,10112,99.38083538083539
"2013-2014","quest__RHQ586Q","RHQ586Q","Questionnaire","numeric",10,10136,99.61670761670761
"2013-2014","quest__RHQ586U","RHQ586U","Questionnaire","numeric",2,10138,99.63636363636364
"2013-2014","quest__RHQ596","RHQ596","Questionnaire","numeric",3,10112,99.38083538083539
"2013-2014","quest__RHQ602Q","RHQ602Q","Questionnaire","numeric",7,10163,99.88206388206389
"2013-2014","quest__RHQ602U","RHQ602U","Questionnaire","numeric",2,10163,99.88206388206389
"2013-2014","quest__RXQ510","RXQ510","Questionnaire","numeric",4,6360,62.5061425061425
"2013-2014","quest__RXQ515","RXQ515","Questionnaire","numeric",4,8891,87.38083538083538
"2013-2014","quest__RXQ520","RXQ520","Questionnaire","numeric",4,7644,75.12530712530713
"2013-2014","quest__RXQ525G","RXQ525G","Questionnaire","numeric",4,9042,88.86486486486487
"2013-2014","quest__RXQ525Q","RXQ525Q","Questionnaire","numeric",6,10079,99.05651105651106
"2013-2014","quest__RXQ525U","RXQ525U","Questionnaire","numeric",2,10080,99.06633906633907
"2013-2014","quest__RXD530","RXD530","Questionnaire","numeric",13,9042,88.86486486486487
"2013-2014","quest__SLD010H","SLD010H","Questionnaire","numeric",12,3714,36.501228501228496
"2013-2014","quest__SLQ050","SLQ050","Questionnaire","numeric",3,3711,36.47174447174447
"2013-2014","quest__SLQ060","SLQ060","Questionnaire","numeric",3,3711,36.47174447174447
"2013-2014","quest__SMQ020","SMQ020","Questionnaire","numeric",3,4062,39.921375921375926
"2013-2014","quest__SMD030","SMD030","Questionnaire","numeric",45,7596,74.65356265356266
"2013-2014","quest__SMQ040","SMQ040","Questionnaire","numeric",3,7596,74.65356265356266
"2013-2014","quest__SMQ050Q","SMQ050Q","Questionnaire","numeric",52,8828,86.76167076167076
"2013-2014","quest__SMQ050U","SMQ050U","Questionnaire","numeric",4,8885,87.32186732186732
"2013-2014","quest__SMD055","SMD055","Questionnaire","numeric",68,8960,88.05896805896806
"2013-2014","quest__SMD057","SMD057","Questionnaire","numeric",41,8828,86.76167076167076
"2013-2014","quest__SMQ078","SMQ078","Questionnaire","numeric",7,9176,90.18181818181819
"2013-2014","quest__SMD641","SMD641","Questionnaire","numeric",28,8859,87.06633906633907
"2013-2014","quest__SMD650","SMD650","Questionnaire","numeric",29,8927,87.73464373464374
"2013-2014","quest__SMD093","SMD093","Questionnaire","numeric",4,8943,87.89189189189189
"2013-2014","quest__SMDUPCA","SMDUPCA","Questionnaire","character",208,9359,91.98034398034397
"2013-2014","quest__SMD100BR","SMD100BR","Questionnaire","character",130,9083,89.26781326781327
"2013-2014","quest__SMD100FL","SMD100FL","Questionnaire","numeric",2,9084,89.27764127764128
"2013-2014","quest__SMD100MN","SMD100MN","Questionnaire","numeric",2,9083,89.26781326781327
"2013-2014","quest__SMD100LN","SMD100LN","Questionnaire","numeric",4,9083,89.26781326781327
"2013-2014","quest__SMD100TR","SMD100TR","Questionnaire","numeric",16,9347,91.86240786240786
"2013-2014","quest__SMD100NI","SMD100NI","Questionnaire","numeric",15,9347,91.86240786240786
"2013-2014","quest__SMD100CO","SMD100CO","Questionnaire","numeric",17,9347,91.86240786240786
"2013-2014","quest__SMQ621","SMQ621","Questionnaire","numeric",10,9168,90.10319410319411
"2013-2014","quest__SMD630","SMD630","Questionnaire","numeric",11,10092,99.18427518427518
"2013-2014","quest__SMQ661","SMQ661","Questionnaire","numeric",6,10146,99.71498771498771
"2013-2014","quest__SMQ665A","SMQ665A","Questionnaire","numeric",5,10162,99.87223587223588
"2013-2014","quest__SMQ665B","SMQ665B","Questionnaire","numeric",3,10172,99.97051597051598
"2013-2014","quest__SMQ665C","SMQ665C","Questionnaire","numeric",1,10166,99.91154791154791
"2013-2014","quest__SMQ665D","SMQ665D","Questionnaire","numeric",2,10173,99.98034398034397
"2013-2014","quest__SMQ670","SMQ670","Questionnaire","numeric",2,8914,87.6068796068796
"2013-2014","quest__SMQ848","SMQ848","Questionnaire","numeric",13,9592,94.27027027027027
"2013-2014","quest__SMQ852Q","SMQ852Q","Questionnaire","numeric",25,9595,94.2997542997543
"2013-2014","quest__SMQ852U","SMQ852U","Questionnaire","numeric",3,9598,94.32923832923834
"2013-2014","quest__SMAQUEX2","SMAQUEX2","Questionnaire","numeric",2,3007,29.552825552825553
"2013-2014","quest__SMD460","SMD460","Questionnaire","numeric",6,116,1.1400491400491402
"2013-2014","quest__SMD470","SMD470","Questionnaire","numeric",4,7723,75.9017199017199
"2013-2014","quest__SMD480","SMD480","Questionnaire","numeric",9,8868,87.15479115479116
"2013-2014","quest__SMQ856","SMQ856","Questionnaire","numeric",3,4062,39.921375921375926
"2013-2014","quest__SMQ858","SMQ858","Questionnaire","numeric",2,6994,68.73710073710075
"2013-2014","quest__SMQ860","SMQ860","Questionnaire","numeric",3,70,0.687960687960688
"2013-2014","quest__SMQ862","SMQ862","Questionnaire","numeric",3,5378,52.85503685503685
"2013-2014","quest__SMQ866","SMQ866","Questionnaire","numeric",2,4062,39.921375921375926
"2013-2014","quest__SMQ868","SMQ868","Questionnaire","numeric",2,9495,93.31695331695332
"2013-2014","quest__SMQ870","SMQ870","Questionnaire","numeric",2,70,0.687960687960688
"2013-2014","quest__SMQ872","SMQ872","Questionnaire","numeric",3,1744,17.14004914004914
"2013-2014","quest__SMQ874","SMQ874","Questionnaire","numeric",2,70,0.687960687960688
"2013-2014","quest__SMQ876","SMQ876","Questionnaire","numeric",3,5057,49.7002457002457
"2013-2014","quest__SMQ878","SMQ878","Questionnaire","numeric",3,70,0.687960687960688
"2013-2014","quest__SMQ880","SMQ880","Questionnaire","numeric",3,4497,44.1965601965602
"2013-2014","quest__SMQ681","SMQ681","Questionnaire","numeric",3,3745,36.8058968058968
"2013-2014","quest__SMQ690A","SMQ690A","Questionnaire","numeric",1,9056,89.002457002457
"2013-2014","quest__SMQ710","SMQ710","Questionnaire","numeric",5,9056,89.002457002457
"2013-2014","quest__SMQ720","SMQ720","Questionnaire","numeric",27,9056,89.002457002457
"2013-2014","quest__SMQ725","SMQ725","Questionnaire","numeric",3,9056,89.002457002457
"2013-2014","quest__SMQ690B","SMQ690B","Questionnaire","numeric",1,10153,99.78378378378379
"2013-2014","quest__SMQ740","SMQ740","Questionnaire","numeric",5,10153,99.78378378378379
"2013-2014","quest__SMQ690C","SMQ690C","Questionnaire","numeric",1,10010,98.37837837837839
"2013-2014","quest__SMQ770","SMQ770","Questionnaire","numeric",5,10010,98.37837837837839
"2013-2014","quest__SMQ690G","SMQ690G","Questionnaire","numeric",1,10116,99.42014742014742
"2013-2014","quest__SMQ845","SMQ845","Questionnaire","numeric",5,10116,99.42014742014742
"2013-2014","quest__SMQ690H","SMQ690H","Questionnaire","numeric",1,10050,98.77149877149877
"2013-2014","quest__SMQ849","SMQ849","Questionnaire","numeric",5,10050,98.77149877149877
"2013-2014","quest__SMQ851","SMQ851","Questionnaire","numeric",3,3745,36.8058968058968
"2013-2014","quest__SMQ690D","SMQ690D","Questionnaire","numeric",1,10123,99.48894348894349
"2013-2014","quest__SMQ800","SMQ800","Questionnaire","numeric",5,10123,99.48894348894349
"2013-2014","quest__SMQ690E","SMQ690E","Questionnaire","numeric",1,10121,99.46928746928747
"2013-2014","quest__SMQ817","SMQ817","Questionnaire","numeric",5,10121,99.46928746928747
"2013-2014","quest__SMQ690I","SMQ690I","Questionnaire","numeric",1,10172,99.97051597051598
"2013-2014","quest__SMQ857","SMQ857","Questionnaire","numeric",2,10172,99.97051597051598
"2013-2014","quest__SMQ690J","SMQ690J","Questionnaire","numeric",0,10175,100
"2013-2014","quest__SMQ861","SMQ861","Questionnaire","numeric",0,10175,100
"2013-2014","quest__SMQ863","SMQ863","Questionnaire","numeric",2,4752,46.7027027027027
"2013-2014","quest__SMQ690F","SMQ690F","Questionnaire","numeric",1,10151,99.76412776412776
"2013-2014","quest__SMQ830","SMQ830","Questionnaire","numeric",5,10151,99.76412776412776
"2013-2014","quest__SMQ840","SMQ840","Questionnaire","numeric",3,10151,99.76412776412776
"2013-2014","quest__SMDANY","SMDANY","Questionnaire","numeric",2,4702,46.21130221130221
"2013-2014","quest__SXD021","SXD021","Questionnaire","numeric",3,5649,55.518427518427515
"2013-2014","quest__SXQ800","SXQ800","Questionnaire","numeric",3,7977,78.3980343980344
"2013-2014","quest__SXQ803","SXQ803","Questionnaire","numeric",4,7977,78.3980343980344
"2013-2014","quest__SXQ806","SXQ806","Questionnaire","numeric",4,7977,78.3980343980344
"2013-2014","quest__SXQ809","SXQ809","Questionnaire","numeric",4,7977,78.3980343980344
"2013-2014","quest__SXQ700","SXQ700","Questionnaire","numeric",4,7836,77.012285012285
"2013-2014","quest__SXQ703","SXQ703","Questionnaire","numeric",3,7837,77.02211302211303
"2013-2014","quest__SXQ706","SXQ706","Questionnaire","numeric",4,7837,77.02211302211303
"2013-2014","quest__SXQ709","SXQ709","Questionnaire","numeric",4,7837,77.02211302211303
"2013-2014","quest__SXD031","SXD031","Questionnaire","numeric",36,5882,57.80835380835381
"2013-2014","quest__SXD171","SXD171","Questionnaire","numeric",92,7978,78.40786240786241
"2013-2014","quest__SXD510","SXD510","Questionnaire","numeric",25,8380,82.35872235872236
"2013-2014","quest__SXQ824","SXQ824","Questionnaire","numeric",81,8552,84.04914004914005
"2013-2014","quest__SXQ827","SXQ827","Questionnaire","numeric",28,8553,84.05896805896806
"2013-2014","quest__SXD633","SXD633","Questionnaire","numeric",45,8587,84.3931203931204
"2013-2014","quest__SXQ636","SXQ636","Questionnaire","numeric",52,8587,84.3931203931204
"2013-2014","quest__SXQ639","SXQ639","Questionnaire","numeric",17,8587,84.3931203931204
"2013-2014","quest__SXD642","SXD642","Questionnaire","numeric",80,8981,88.26535626535626
"2013-2014","quest__SXQ410","SXQ410","Questionnaire","numeric",26,10060,98.86977886977887
"2013-2014","quest__SXQ550","SXQ550","Questionnaire","numeric",12,10079,99.05651105651106
"2013-2014","quest__SXQ836","SXQ836","Questionnaire","numeric",25,10060,98.86977886977887
"2013-2014","quest__SXQ841","SXQ841","Questionnaire","numeric",12,10101,99.27272727272727
"2013-2014","quest__SXQ853","SXQ853","Questionnaire","numeric",2,10060,98.86977886977887
"2013-2014","quest__SXD621","SXD621","Questionnaire","numeric",43,8593,84.45208845208845
"2013-2014","quest__SXQ624","SXQ624","Questionnaire","numeric",41,8593,84.45208845208845
"2013-2014","quest__SXQ627","SXQ627","Questionnaire","numeric",14,8606,84.57985257985257
"2013-2014","quest__SXD630","SXD630","Questionnaire","numeric",75,9078,89.21867321867322
"2013-2014","quest__SXQ645","SXQ645","Questionnaire","numeric",7,7922,77.85749385749385
"2013-2014","quest__SXQ648","SXQ648","Questionnaire","numeric",3,7142,70.1916461916462
"2013-2014","quest__SXQ610","SXQ610","Questionnaire","numeric",9,7154,70.30958230958231
"2013-2014","quest__SXQ251","SXQ251","Questionnaire","numeric",7,7249,71.24324324324324
"2013-2014","quest__SXQ590","SXQ590","Questionnaire","numeric",10,9245,90.85995085995086
"2013-2014","quest__SXQ600","SXQ600","Questionnaire","numeric",11,9245,90.85995085995086
"2013-2014","quest__SXD101","SXD101","Questionnaire","numeric",51,7836,77.012285012285
"2013-2014","quest__SXD450","SXD450","Questionnaire","numeric",15,8273,81.3071253071253
"2013-2014","quest__SXQ724","SXQ724","Questionnaire","numeric",48,8396,82.51597051597052
"2013-2014","quest__SXQ727","SXQ727","Questionnaire","numeric",17,8396,82.51597051597052
"2013-2014","quest__SXQ130","SXQ130","Questionnaire","numeric",17,9983,98.11302211302211
"2013-2014","quest__SXQ490","SXQ490","Questionnaire","numeric",8,9983,98.11302211302211
"2013-2014","quest__SXQ741","SXQ741","Questionnaire","numeric",2,9983,98.11302211302211
"2013-2014","quest__SXQ753","SXQ753","Questionnaire","numeric",4,8377,82.32923832923834
"2013-2014","quest__SXQ260","SXQ260","Questionnaire","numeric",4,6695,65.7985257985258
"2013-2014","quest__SXQ265","SXQ265","Questionnaire","numeric",3,6695,65.7985257985258
"2013-2014","quest__SXQ267","SXQ267","Questionnaire","numeric",27,10048,98.75184275184276
"2013-2014","quest__SXQ270","SXQ270","Questionnaire","numeric",3,6695,65.7985257985258
"2013-2014","quest__SXQ272","SXQ272","Questionnaire","numeric",4,6695,65.7985257985258
"2013-2014","quest__SXQ280","SXQ280","Questionnaire","numeric",4,8493,83.46928746928747
"2013-2014","quest__SXQ292","SXQ292","Questionnaire","numeric",7,8385,82.40786240786241
"2013-2014","quest__SXQ294","SXQ294","Questionnaire","numeric",7,8276,81.33660933660933
"2013-2014","quest__WHD010","WHD010","Questionnaire","numeric",33,3736,36.71744471744472
"2013-2014","quest__WHD020","WHD020","Questionnaire","numeric",262,3745,36.8058968058968
"2013-2014","quest__WHQ030","WHQ030","Questionnaire","numeric",4,3711,36.47174447174447
"2013-2014","quest__WHQ040","WHQ040","Questionnaire","numeric",5,3711,36.47174447174447
"2013-2014","quest__WHD050","WHD050","Questionnaire","numeric",270,3753,36.88452088452088
"2013-2014","quest__WHQ060","WHQ060","Questionnaire","numeric",3,8936,87.82309582309583
"2013-2014","quest__WHQ070","WHQ070","Questionnaire","numeric",3,4501,44.235872235872236
"2013-2014","quest__WHD080A","WHD080A","Questionnaire","numeric",1,8482,83.36117936117937
"2013-2014","quest__WHD080B","WHD080B","Questionnaire","numeric",1,9292,91.32186732186732
"2013-2014","quest__WHD080C","WHD080C","Questionnaire","numeric",1,9373,92.11793611793611
"2013-2014","quest__WHD080D","WHD080D","Questionnaire","numeric",1,8345,82.01474201474201
"2013-2014","quest__WHD080E","WHD080E","Questionnaire","numeric",1,9776,96.07862407862407
"2013-2014","quest__WHD080F","WHD080F","Questionnaire","numeric",1,9942,97.71007371007371
"2013-2014","quest__WHD080G","WHD080G","Questionnaire","numeric",1,10060,98.86977886977887
"2013-2014","quest__WHD080H","WHD080H","Questionnaire","numeric",1,10061,98.87960687960688
"2013-2014","quest__WHD080I","WHD080I","Questionnaire","numeric",1,10091,99.17444717444718
"2013-2014","quest__WHD080J","WHD080J","Questionnaire","numeric",1,9975,98.03439803439802
"2013-2014","quest__WHD080K","WHD080K","Questionnaire","numeric",1,10149,99.74447174447174
"2013-2014","quest__WHD080M","WHD080M","Questionnaire","numeric",1,9142,89.84766584766585
"2013-2014","quest__WHD080N","WHD080N","Questionnaire","numeric",1,10000,98.28009828009829
"2013-2014","quest__WHD080O","WHD080O","Questionnaire","numeric",1,9486,93.22850122850123
"2013-2014","quest__WHD080P","WHD080P","Questionnaire","numeric",1,10156,99.81326781326781
"2013-2014","quest__WHD080Q","WHD080Q","Questionnaire","numeric",1,9054,88.98280098280098
"2013-2014","quest__WHD080R","WHD080R","Questionnaire","numeric",1,9153,89.95577395577395
"2013-2014","quest__WHD080S","WHD080S","Questionnaire","numeric",1,9232,90.73218673218673
"2013-2014","quest__WHD080T","WHD080T","Questionnaire","numeric",1,9179,90.21130221130221
"2013-2014","quest__WHD080U","WHD080U","Questionnaire","numeric",1,10160,99.85257985257985
"2013-2014","quest__WHD080L","WHD080L","Questionnaire","numeric",1,10146,99.71498771498771
"2013-2014","quest__WHD110","WHD110","Questionnaire","numeric",204,5996,58.92874692874693
"2013-2014","quest__WHD120","WHD120","Questionnaire","numeric",175,5151,50.62407862407863
"2013-2014","quest__WHD130","WHD130","Questionnaire","numeric",31,7410,72.82555282555283
"2013-2014","quest__WHD140","WHD140","Questionnaire","numeric",292,4072,40.01965601965602
"2013-2014","quest__WHQ150","WHQ150","Questionnaire","numeric",72,4155,40.83538083538084
"2013-2014","quest__WHQ030M","WHQ030M","Questionnaire","numeric",4,8697,85.47420147420148
"2013-2014","quest__WHQ500","WHQ500","Questionnaire","numeric",6,8697,85.47420147420148
"2013-2014","quest__WHQ520","WHQ520","Questionnaire","numeric",4,8697,85.47420147420148
"2013-2014","quest__SMAQUEX","SMAQUEX","Questionnaire","numeric",3,33,0.3243243243243243
"2013-2014","mort__ELIGSTAT","ELIGSTAT","Linked Mortality","integer",3,0,0
"2013-2014","mort__MORTSTAT","MORTSTAT","Linked Mortality","integer",2,4075,40.04914004914005
"2013-2014","mort__UCOD_LEADING","UCOD_LEADING","Linked Mortality","integer",10,9708,95.41031941031942
"2013-2014","mort__DIABETES","DIABETES","Linked Mortality","integer",2,9708,95.41031941031942
"2013-2014","mort__HYPERTEN","HYPERTEN","Linked Mortality","integer",2,9708,95.41031941031942
"2013-2014","mort__PERMTH_INT","PERMTH_INT","Linked Mortality","integer",85,4075,40.04914004914005
"2013-2014","mort__PERMTH_EXM","PERMTH_EXM","Linked Mortality","integer",86,4262,41.88697788697789
"2013-2014","mort__event","event","Linked Mortality","integer",2,4075,40.04914004914005
"2013-2014","mort__followup_months_interview","followup_months_interview","Linked Mortality","integer",85,4075,40.04914004914005
"2013-2014","mort__followup_months_exam","followup_months_exam","Linked Mortality","integer",86,4262,41.88697788697789
"2013-2014","mort__followup_years_interview","followup_years_interview","Linked Mortality","numeric",85,4075,40.04914004914005
"2013-2014","mort__followup_years_exam","followup_years_exam","Linked Mortality","numeric",86,4262,41.88697788697789
