"variable","original_variable","module","n_total","n_missing","pct_missing","n_observed","initial_reading"
"exam__BMIHEAD","BMIHEAD","Examination",10175,10175,100,0,"La ausencia bruta combina no participación en MEC, restricciones de edad y ausencia de la medición."
"quest__MCQ240I","MCQ240I","Questionnaire",10175,10175,100,0,"La ausencia bruta puede responder a edad, patrones de salto, no aplicabilidad o no respuesta."
"quest__MCQ240R","MCQ240R","Questionnaire",10175,10175,100,0,"La ausencia bruta puede responder a edad, patrones de salto, no aplicabilidad o no respuesta."
"quest__SMQ690J","SMQ690J","Questionnaire",10175,10175,100,0,"La ausencia bruta puede responder a edad, patrones de salto, no aplicabilidad o no respuesta."
"quest__SMQ861","SMQ861","Questionnaire",10175,10175,100,0,"La ausencia bruta puede responder a edad, patrones de salto, no aplicabilidad o no respuesta."
"quest__MCQ240V","MCQ240V","Questionnaire",10175,10174,99.99017199017199,1,"La ausencia bruta puede responder a edad, patrones de salto, no aplicabilidad o no respuesta."
"quest__OSD030BG","OSD030BG","Questionnaire",10175,10174,99.99017199017199,1,"La ausencia bruta puede responder a edad, patrones de salto, no aplicabilidad o no respuesta."
"quest__OSD030BH","OSD030BH","Questionnaire",10175,10174,99.99017199017199,1,"La ausencia bruta puede responder a edad, patrones de salto, no aplicabilidad o no respuesta."
"quest__OSD030BI","OSD030BI","Questionnaire",10175,10174,99.99017199017199,1,"La ausencia bruta puede responder a edad, patrones de salto, no aplicabilidad o no respuesta."
"quest__OSD030BJ","OSD030BJ","Questionnaire",10175,10174,99.99017199017199,1,"La ausencia bruta puede responder a edad, patrones de salto, no aplicabilidad o no respuesta."
"quest__OSD050CB","OSD050CB","Questionnaire",10175,10174,99.99017199017199,1,"La ausencia bruta puede responder a edad, patrones de salto, no aplicabilidad o no respuesta."
"quest__OSQ040BG","OSQ040BG","Questionnaire",10175,10174,99.99017199017199,1,"La ausencia bruta puede responder a edad, patrones de salto, no aplicabilidad o no respuesta."
"quest__OSQ040BH","OSQ040BH","Questionnaire",10175,10174,99.99017199017199,1,"La ausencia bruta puede responder a edad, patrones de salto, no aplicabilidad o no respuesta."
"quest__OSQ040BI","OSQ040BI","Questionnaire",10175,10174,99.99017199017199,1,"La ausencia bruta puede responder a edad, patrones de salto, no aplicabilidad o no respuesta."
"quest__OSQ040BJ","OSQ040BJ","Questionnaire",10175,10174,99.99017199017199,1,"La ausencia bruta puede responder a edad, patrones de salto, no aplicabilidad o no respuesta."
"quest__PAQ759T","PAQ759T","Questionnaire",10175,10174,99.99017199017199,1,"La ausencia bruta puede responder a edad, patrones de salto, no aplicabilidad o no respuesta."
"quest__MCQ230D","MCQ230D","Questionnaire",10175,10173,99.98034398034397,2,"La ausencia bruta puede responder a edad, patrones de salto, no aplicabilidad o no respuesta."
"quest__MCQ240C","MCQ240C","Questionnaire",10175,10173,99.98034398034397,2,"La ausencia bruta puede responder a edad, patrones de salto, no aplicabilidad o no respuesta."
"quest__MCQ240H","MCQ240H","Questionnaire",10175,10173,99.98034398034397,2,"La ausencia bruta puede responder a edad, patrones de salto, no aplicabilidad o no respuesta."
"quest__OSD030AC","OSD030AC","Questionnaire",10175,10173,99.98034398034397,2,"La ausencia bruta puede responder a edad, patrones de salto, no aplicabilidad o no respuesta."
"quest__OSD030BE","OSD030BE","Questionnaire",10175,10173,99.98034398034397,2,"La ausencia bruta puede responder a edad, patrones de salto, no aplicabilidad o no respuesta."
"quest__OSD030BF","OSD030BF","Questionnaire",10175,10173,99.98034398034397,2,"La ausencia bruta puede responder a edad, patrones de salto, no aplicabilidad o no respuesta."
"quest__OSD030CC","OSD030CC","Questionnaire",10175,10173,99.98034398034397,2,"La ausencia bruta puede responder a edad, patrones de salto, no aplicabilidad o no respuesta."
"quest__OSD050AC","OSD050AC","Questionnaire",10175,10173,99.98034398034397,2,"La ausencia bruta puede responder a edad, patrones de salto, no aplicabilidad o no respuesta."
"quest__OSD050BC","OSD050BC","Questionnaire",10175,10173,99.98034398034397,2,"La ausencia bruta puede responder a edad, patrones de salto, no aplicabilidad o no respuesta."
"quest__OSD050BD","OSD050BD","Questionnaire",10175,10173,99.98034398034397,2,"La ausencia bruta puede responder a edad, patrones de salto, no aplicabilidad o no respuesta."
"quest__OSD110G","OSD110G","Questionnaire",10175,10173,99.98034398034397,2,"La ausencia bruta puede responder a edad, patrones de salto, no aplicabilidad o no respuesta."
"quest__OSQ040AC","OSQ040AC","Questionnaire",10175,10173,99.98034398034397,2,"La ausencia bruta puede responder a edad, patrones de salto, no aplicabilidad o no respuesta."
"quest__OSQ040BE","OSQ040BE","Questionnaire",10175,10173,99.98034398034397,2,"La ausencia bruta puede responder a edad, patrones de salto, no aplicabilidad o no respuesta."
"quest__OSQ040BF","OSQ040BF","Questionnaire",10175,10173,99.98034398034397,2,"La ausencia bruta puede responder a edad, patrones de salto, no aplicabilidad o no respuesta."
"quest__OSQ040CC","OSQ040CC","Questionnaire",10175,10173,99.98034398034397,2,"La ausencia bruta puede responder a edad, patrones de salto, no aplicabilidad o no respuesta."
"quest__OSQ090H","OSQ090H","Questionnaire",10175,10173,99.98034398034397,2,"La ausencia bruta puede responder a edad, patrones de salto, no aplicabilidad o no respuesta."
"quest__OSQ100G","OSQ100G","Questionnaire",10175,10173,99.98034398034397,2,"La ausencia bruta puede responder a edad, patrones de salto, no aplicabilidad o no respuesta."
"quest__OSQ120H","OSQ120H","Questionnaire",10175,10173,99.98034398034397,2,"La ausencia bruta puede responder a edad, patrones de salto, no aplicabilidad o no respuesta."
"quest__SMQ665D","SMQ665D","Questionnaire",10175,10173,99.98034398034397,2,"La ausencia bruta puede responder a edad, patrones de salto, no aplicabilidad o no respuesta."
"quest__CDQ009H","CDQ009H","Questionnaire",10175,10172,99.97051597051598,3,"La ausencia bruta puede responder a edad, patrones de salto, no aplicabilidad o no respuesta."
"quest__DIQ175W","DIQ175W","Questionnaire",10175,10172,99.97051597051598,3,"La ausencia bruta puede responder a edad, patrones de salto, no aplicabilidad o no respuesta."
"quest__MCQ240AA","MCQ240AA","Questionnaire",10175,10172,99.97051597051598,3,"La ausencia bruta puede responder a edad, patrones de salto, no aplicabilidad o no respuesta."
"quest__MCQ240D","MCQ240D","Questionnaire",10175,10172,99.97051597051598,3,"La ausencia bruta puede responder a edad, patrones de salto, no aplicabilidad o no respuesta."
"quest__MCQ240T","MCQ240T","Questionnaire",10175,10172,99.97051597051598,3,"La ausencia bruta puede responder a edad, patrones de salto, no aplicabilidad o no respuesta."
"quest__MCQ240Y","MCQ240Y","Questionnaire",10175,10172,99.97051597051598,3,"La ausencia bruta puede responder a edad, patrones de salto, no aplicabilidad o no respuesta."
"quest__MCQ240Z","MCQ240Z","Questionnaire",10175,10172,99.97051597051598,3,"La ausencia bruta puede responder a edad, patrones de salto, no aplicabilidad o no respuesta."
"quest__OSD110E","OSD110E","Questionnaire",10175,10172,99.97051597051598,3,"La ausencia bruta puede responder a edad, patrones de salto, no aplicabilidad o no respuesta."
"quest__OSQ100E","OSQ100E","Questionnaire",10175,10172,99.97051597051598,3,"La ausencia bruta puede responder a edad, patrones de salto, no aplicabilidad o no respuesta."
"quest__PAQ724L","PAQ724L","Questionnaire",10175,10172,99.97051597051598,3,"La ausencia bruta puede responder a edad, patrones de salto, no aplicabilidad o no respuesta."
"quest__PAQ759V","PAQ759V","Questionnaire",10175,10172,99.97051597051598,3,"La ausencia bruta puede responder a edad, patrones de salto, no aplicabilidad o no respuesta."
"quest__SMQ665B","SMQ665B","Questionnaire",10175,10172,99.97051597051598,3,"La ausencia bruta puede responder a edad, patrones de salto, no aplicabilidad o no respuesta."
"quest__SMQ690I","SMQ690I","Questionnaire",10175,10172,99.97051597051598,3,"La ausencia bruta puede responder a edad, patrones de salto, no aplicabilidad o no respuesta."
"quest__SMQ857","SMQ857","Questionnaire",10175,10172,99.97051597051598,3,"La ausencia bruta puede responder a edad, patrones de salto, no aplicabilidad o no respuesta."
"quest__DUQ380D","DUQ380D","Questionnaire",10175,10171,99.96068796068796,4,"La ausencia bruta puede responder a edad, patrones de salto, no aplicabilidad o no respuesta."
"quest__MCQ230C","MCQ230C","Questionnaire",10175,10171,99.96068796068796,4,"La ausencia bruta puede responder a edad, patrones de salto, no aplicabilidad o no respuesta."
"quest__MCQ240B","MCQ240B","Questionnaire",10175,10171,99.96068796068796,4,"La ausencia bruta puede responder a edad, patrones de salto, no aplicabilidad o no respuesta."
"quest__MCQ240DK","MCQ240DK","Questionnaire",10175,10171,99.96068796068796,4,"La ausencia bruta puede responder a edad, patrones de salto, no aplicabilidad o no respuesta."
"quest__MCQ240K","MCQ240K","Questionnaire",10175,10171,99.96068796068796,4,"La ausencia bruta puede responder a edad, patrones de salto, no aplicabilidad o no respuesta."
"quest__MCQ240Q","MCQ240Q","Questionnaire",10175,10171,99.96068796068796,4,"La ausencia bruta puede responder a edad, patrones de salto, no aplicabilidad o no respuesta."
"quest__OSQ090G","OSQ090G","Questionnaire",10175,10171,99.96068796068796,4,"La ausencia bruta puede responder a edad, patrones de salto, no aplicabilidad o no respuesta."
"quest__OSQ120G","OSQ120G","Questionnaire",10175,10171,99.96068796068796,4,"La ausencia bruta puede responder a edad, patrones de salto, no aplicabilidad o no respuesta."
"quest__OSQ220","OSQ220","Questionnaire",10175,10171,99.96068796068796,4,"La ausencia bruta puede responder a edad, patrones de salto, no aplicabilidad o no respuesta."
"quest__PAQ759C","PAQ759C","Questionnaire",10175,10171,99.96068796068796,4,"La ausencia bruta puede responder a edad, patrones de salto, no aplicabilidad o no respuesta."
"quest__PAQ759R","PAQ759R","Questionnaire",10175,10171,99.96068796068796,4,"La ausencia bruta puede responder a edad, patrones de salto, no aplicabilidad o no respuesta."
"quest__MCQ240L","MCQ240L","Questionnaire",10175,10170,99.95085995085995,5,"La ausencia bruta puede responder a edad, patrones de salto, no aplicabilidad o no respuesta."
"quest__MCQ240M","MCQ240M","Questionnaire",10175,10170,99.95085995085995,5,"La ausencia bruta puede responder a edad, patrones de salto, no aplicabilidad o no respuesta."
"quest__OHQ780F","OHQ780F","Questionnaire",10175,10170,99.95085995085995,5,"La ausencia bruta puede responder a edad, patrones de salto, no aplicabilidad o no respuesta."
"quest__OSD030BD","OSD030BD","Questionnaire",10175,10170,99.95085995085995,5,"La ausencia bruta puede responder a edad, patrones de salto, no aplicabilidad o no respuesta."
"quest__OSQ040BD","OSQ040BD","Questionnaire",10175,10170,99.95085995085995,5,"La ausencia bruta puede responder a edad, patrones de salto, no aplicabilidad o no respuesta."
"quest__OSQ090F","OSQ090F","Questionnaire",10175,10170,99.95085995085995,5,"La ausencia bruta puede responder a edad, patrones de salto, no aplicabilidad o no respuesta."
"quest__OSQ120F","OSQ120F","Questionnaire",10175,10170,99.95085995085995,5,"La ausencia bruta puede responder a edad, patrones de salto, no aplicabilidad o no respuesta."
"quest__PAQ759F","PAQ759F","Questionnaire",10175,10170,99.95085995085995,5,"La ausencia bruta puede responder a edad, patrones de salto, no aplicabilidad o no respuesta."
"quest__DIQ175X","DIQ175X","Questionnaire",10175,10169,99.94103194103194,6,"La ausencia bruta puede responder a edad, patrones de salto, no aplicabilidad o no respuesta."
"quest__PAQ724O","PAQ724O","Questionnaire",10175,10168,99.93120393120392,7,"La ausencia bruta puede responder a edad, patrones de salto, no aplicabilidad o no respuesta."
"quest__CDQ009G","CDQ009G","Questionnaire",10175,10167,99.92137592137593,8,"La ausencia bruta puede responder a edad, patrones de salto, no aplicabilidad o no respuesta."
"quest__CSQ120C","CSQ120C","Questionnaire",10175,10167,99.92137592137593,8,"La ausencia bruta puede responder a edad, patrones de salto, no aplicabilidad o no respuesta."
"quest__DUQ320","DUQ320","Questionnaire",10175,10167,99.92137592137593,8,"La ausencia bruta puede responder a edad, patrones de salto, no aplicabilidad o no respuesta."
"quest__HIQ031AA","HIQ031AA","Questionnaire",10175,10167,99.92137592137593,8,"La ausencia bruta puede responder a edad, patrones de salto, no aplicabilidad o no respuesta."
"quest__OSD110D","OSD110D","Questionnaire",10175,10167,99.92137592137593,8,"La ausencia bruta puede responder a edad, patrones de salto, no aplicabilidad o no respuesta."
"quest__OSQ100D","OSQ100D","Questionnaire",10175,10167,99.92137592137593,8,"La ausencia bruta puede responder a edad, patrones de salto, no aplicabilidad o no respuesta."
"quest__OSD030CB","OSD030CB","Questionnaire",10175,10166,99.91154791154791,9,"La ausencia bruta puede responder a edad, patrones de salto, no aplicabilidad o no respuesta."
"quest__OSD050AB","OSD050AB","Questionnaire",10175,10166,99.91154791154791,9,"La ausencia bruta puede responder a edad, patrones de salto, no aplicabilidad o no respuesta."
"quest__OSD050BB","OSD050BB","Questionnaire",10175,10166,99.91154791154791,9,"La ausencia bruta puede responder a edad, patrones de salto, no aplicabilidad o no respuesta."
"quest__OSQ040CB","OSQ040CB","Questionnaire",10175,10166,99.91154791154791,9,"La ausencia bruta puede responder a edad, patrones de salto, no aplicabilidad o no respuesta."
"quest__PAQ759I","PAQ759I","Questionnaire",10175,10166,99.91154791154791,9,"La ausencia bruta puede responder a edad, patrones de salto, no aplicabilidad o no respuesta."
"quest__SMQ665C","SMQ665C","Questionnaire",10175,10166,99.91154791154791,9,"La ausencia bruta puede responder a edad, patrones de salto, no aplicabilidad o no respuesta."
"quest__HIQ031G","HIQ031G","Questionnaire",10175,10165,99.9017199017199,10,"La ausencia bruta puede responder a edad, patrones de salto, no aplicabilidad o no respuesta."
"quest__MCQ240S","MCQ240S","Questionnaire",10175,10165,99.9017199017199,10,"La ausencia bruta puede responder a edad, patrones de salto, no aplicabilidad o no respuesta."
"quest__PAQ724G","PAQ724G","Questionnaire",10175,10165,99.9017199017199,10,"La ausencia bruta puede responder a edad, patrones de salto, no aplicabilidad o no respuesta."
"quest__CSQ120A","CSQ120A","Questionnaire",10175,10164,99.89189189189189,11,"La ausencia bruta puede responder a edad, patrones de salto, no aplicabilidad o no respuesta."
"quest__DBQ073D","DBQ073D","Questionnaire",10175,10164,99.89189189189189,11,"La ausencia bruta puede responder a edad, patrones de salto, no aplicabilidad o no respuesta."
"quest__HIQ031C","HIQ031C","Questionnaire",10175,10164,99.89189189189189,11,"La ausencia bruta puede responder a edad, patrones de salto, no aplicabilidad o no respuesta."
"quest__MCQ240A","MCQ240A","Questionnaire",10175,10164,99.89189189189189,11,"La ausencia bruta puede responder a edad, patrones de salto, no aplicabilidad o no respuesta."
"quest__MCQ240O","MCQ240O","Questionnaire",10175,10164,99.89189189189189,11,"La ausencia bruta puede responder a edad, patrones de salto, no aplicabilidad o no respuesta."
"quest__OSD030AB","OSD030AB","Questionnaire",10175,10164,99.89189189189189,11,"La ausencia bruta puede responder a edad, patrones de salto, no aplicabilidad o no respuesta."
"quest__OSQ040AB","OSQ040AB","Questionnaire",10175,10164,99.89189189189189,11,"La ausencia bruta puede responder a edad, patrones de salto, no aplicabilidad o no respuesta."
"quest__PAQ724M","PAQ724M","Questionnaire",10175,10164,99.89189189189189,11,"La ausencia bruta puede responder a edad, patrones de salto, no aplicabilidad o no respuesta."
"quest__PAQ759H","PAQ759H","Questionnaire",10175,10164,99.89189189189189,11,"La ausencia bruta puede responder a edad, patrones de salto, no aplicabilidad o no respuesta."
"quest__DIQ175V","DIQ175V","Questionnaire",10175,10163,99.88206388206389,12,"La ausencia bruta puede responder a edad, patrones de salto, no aplicabilidad o no respuesta."
"quest__DUQ380E","DUQ380E","Questionnaire",10175,10163,99.88206388206389,12,"La ausencia bruta puede responder a edad, patrones de salto, no aplicabilidad o no respuesta."
"quest__MCQ240BB","MCQ240BB","Questionnaire",10175,10163,99.88206388206389,12,"La ausencia bruta puede responder a edad, patrones de salto, no aplicabilidad o no respuesta."
"quest__MCQ240J","MCQ240J","Questionnaire",10175,10163,99.88206388206389,12,"La ausencia bruta puede responder a edad, patrones de salto, no aplicabilidad o no respuesta."
"quest__OSQ090E","OSQ090E","Questionnaire",10175,10163,99.88206388206389,12,"La ausencia bruta puede responder a edad, patrones de salto, no aplicabilidad o no respuesta."
"quest__OSQ120E","OSQ120E","Questionnaire",10175,10163,99.88206388206389,12,"La ausencia bruta puede responder a edad, patrones de salto, no aplicabilidad o no respuesta."
"quest__RHQ602Q","RHQ602Q","Questionnaire",10175,10163,99.88206388206389,12,"La ausencia bruta puede responder a edad, patrones de salto, no aplicabilidad o no respuesta."
"quest__RHQ602U","RHQ602U","Questionnaire",10175,10163,99.88206388206389,12,"La ausencia bruta puede responder a edad, patrones de salto, no aplicabilidad o no respuesta."
"quest__SMQ665A","SMQ665A","Questionnaire",10175,10162,99.87223587223588,13,"La ausencia bruta puede responder a edad, patrones de salto, no aplicabilidad o no respuesta."
"quest__CDQ009A","CDQ009A","Questionnaire",10175,10161,99.86240786240786,14,"La ausencia bruta puede responder a edad, patrones de salto, no aplicabilidad o no respuesta."
"quest__OSD030BC","OSD030BC","Questionnaire",10175,10161,99.86240786240786,14,"La ausencia bruta puede responder a edad, patrones de salto, no aplicabilidad o no respuesta."
"quest__OSQ040BC","OSQ040BC","Questionnaire",10175,10161,99.86240786240786,14,"La ausencia bruta puede responder a edad, patrones de salto, no aplicabilidad o no respuesta."
"quest__OSQ190","OSQ190","Questionnaire",10175,10161,99.86240786240786,14,"La ausencia bruta puede responder a edad, patrones de salto, no aplicabilidad o no respuesta."
"quest__PAQ724AF","PAQ724AF","Questionnaire",10175,10161,99.86240786240786,14,"La ausencia bruta puede responder a edad, patrones de salto, no aplicabilidad o no respuesta."
"quest__PAQ724I","PAQ724I","Questionnaire",10175,10160,99.85257985257985,15,"La ausencia bruta puede responder a edad, patrones de salto, no aplicabilidad o no respuesta."
"quest__PAQ759U","PAQ759U","Questionnaire",10175,10160,99.85257985257985,15,"La ausencia bruta puede responder a edad, patrones de salto, no aplicabilidad o no respuesta."
"quest__RHQ542D","RHQ542D","Questionnaire",10175,10160,99.85257985257985,15,"La ausencia bruta puede responder a edad, patrones de salto, no aplicabilidad o no respuesta."
"quest__WHD080U","WHD080U","Questionnaire",10175,10160,99.85257985257985,15,"La ausencia bruta puede responder a edad, patrones de salto, no aplicabilidad o no respuesta."
"quest__ACD011B","ACD011B","Questionnaire",10175,10159,99.84275184275184,16,"La ausencia bruta puede responder a edad, patrones de salto, no aplicabilidad o no respuesta."
"quest__MCQ240CC","MCQ240CC","Questionnaire",10175,10157,99.82309582309583,18,"La ausencia bruta puede responder a edad, patrones de salto, no aplicabilidad o no respuesta."
"quest__CSQ120F","CSQ120F","Questionnaire",10175,10156,99.81326781326781,19,"La ausencia bruta puede responder a edad, patrones de salto, no aplicabilidad o no respuesta."
"quest__OSD050CA","OSD050CA","Questionnaire",10175,10156,99.81326781326781,19,"La ausencia bruta puede responder a edad, patrones de salto, no aplicabilidad o no respuesta."
"quest__WHD080P","WHD080P","Questionnaire",10175,10156,99.81326781326781,19,"La ausencia bruta puede responder a edad, patrones de salto, no aplicabilidad o no respuesta."
"quest__DIQ175R","DIQ175R","Questionnaire",10175,10155,99.8034398034398,20,"La ausencia bruta puede responder a edad, patrones de salto, no aplicabilidad o no respuesta."
"quest__OSD110C","OSD110C","Questionnaire",10175,10155,99.8034398034398,20,"La ausencia bruta puede responder a edad, patrones de salto, no aplicabilidad o no respuesta."
"quest__OSQ100C","OSQ100C","Questionnaire",10175,10155,99.8034398034398,20,"La ausencia bruta puede responder a edad, patrones de salto, no aplicabilidad o no respuesta."
"quest__DIQ175F","DIQ175F","Questionnaire",10175,10154,99.79361179361179,21,"La ausencia bruta puede responder a edad, patrones de salto, no aplicabilidad o no respuesta."
"quest__MCQ240N","MCQ240N","Questionnaire",10175,10154,99.79361179361179,21,"La ausencia bruta puede responder a edad, patrones de salto, no aplicabilidad o no respuesta."
"quest__OHQ780E","OHQ780E","Questionnaire",10175,10154,99.79361179361179,21,"La ausencia bruta puede responder a edad, patrones de salto, no aplicabilidad o no respuesta."
"quest__SMQ690B","SMQ690B","Questionnaire",10175,10153,99.78378378378379,22,"La ausencia bruta puede responder a edad, patrones de salto, no aplicabilidad o no respuesta."
"quest__SMQ740","SMQ740","Questionnaire",10175,10153,99.78378378378379,22,"La ausencia bruta puede responder a edad, patrones de salto, no aplicabilidad o no respuesta."
"quest__CSQ120B","CSQ120B","Questionnaire",10175,10152,99.77395577395578,23,"La ausencia bruta puede responder a edad, patrones de salto, no aplicabilidad o no respuesta."
"quest__PAQ724CM","PAQ724CM","Questionnaire",10175,10152,99.77395577395578,23,"La ausencia bruta puede responder a edad, patrones de salto, no aplicabilidad o no respuesta."
"quest__SMQ690F","SMQ690F","Questionnaire",10175,10151,99.76412776412776,24,"La ausencia bruta puede responder a edad, patrones de salto, no aplicabilidad o no respuesta."
"quest__SMQ830","SMQ830","Questionnaire",10175,10151,99.76412776412776,24,"La ausencia bruta puede responder a edad, patrones de salto, no aplicabilidad o no respuesta."
"quest__SMQ840","SMQ840","Questionnaire",10175,10151,99.76412776412776,24,"La ausencia bruta puede responder a edad, patrones de salto, no aplicabilidad o no respuesta."
"quest__OHQ780D","OHQ780D","Questionnaire",10175,10150,99.75429975429975,25,"La ausencia bruta puede responder a edad, patrones de salto, no aplicabilidad o no respuesta."
"quest__PAQ724Y","PAQ724Y","Questionnaire",10175,10150,99.75429975429975,25,"La ausencia bruta puede responder a edad, patrones de salto, no aplicabilidad o no respuesta."
"quest__PAQ759L","PAQ759L","Questionnaire",10175,10150,99.75429975429975,25,"La ausencia bruta puede responder a edad, patrones de salto, no aplicabilidad o no respuesta."
"quest__RHQ020","RHQ020","Questionnaire",10175,10150,99.75429975429975,25,"La ausencia bruta puede responder a edad, patrones de salto, no aplicabilidad o no respuesta."
"quest__CDQ009B","CDQ009B","Questionnaire",10175,10149,99.74447174447174,26,"La ausencia bruta puede responder a edad, patrones de salto, no aplicabilidad o no respuesta."
"quest__WHD080K","WHD080K","Questionnaire",10175,10149,99.74447174447174,26,"La ausencia bruta puede responder a edad, patrones de salto, no aplicabilidad o no respuesta."
"quest__MCQ240G","MCQ240G","Questionnaire",10175,10147,99.72481572481573,28,"La ausencia bruta puede responder a edad, patrones de salto, no aplicabilidad o no respuesta."
"quest__PAQ759O","PAQ759O","Questionnaire",10175,10147,99.72481572481573,28,"La ausencia bruta puede responder a edad, patrones de salto, no aplicabilidad o no respuesta."
"quest__CDQ009C","CDQ009C","Questionnaire",10175,10146,99.71498771498771,29,"La ausencia bruta puede responder a edad, patrones de salto, no aplicabilidad o no respuesta."
"quest__DBQ073E","DBQ073E","Questionnaire",10175,10146,99.71498771498771,29,"La ausencia bruta puede responder a edad, patrones de salto, no aplicabilidad o no respuesta."
"quest__SMQ661","SMQ661","Questionnaire",10175,10146,99.71498771498771,29,"La ausencia bruta puede responder a edad, patrones de salto, no aplicabilidad o no respuesta."
"quest__WHD080L","WHD080L","Questionnaire",10175,10146,99.71498771498771,29,"La ausencia bruta puede responder a edad, patrones de salto, no aplicabilidad o no respuesta."
"quest__DIQ175S","DIQ175S","Questionnaire",10175,10145,99.7051597051597,30,"La ausencia bruta puede responder a edad, patrones de salto, no aplicabilidad o no respuesta."
"quest__DUQ360","DUQ360","Questionnaire",10175,10145,99.7051597051597,30,"La ausencia bruta puede responder a edad, patrones de salto, no aplicabilidad o no respuesta."
"quest__OSQ160B","OSQ160B","Questionnaire",10175,10145,99.7051597051597,30,"La ausencia bruta puede responder a edad, patrones de salto, no aplicabilidad o no respuesta."
"exam__BMIRECUM","BMIRECUM","Examination",10175,10144,99.69533169533169,31,"La ausencia bruta combina no participación en MEC, restricciones de edad y ausencia de la medición."
"quest__DBQ073C","DBQ073C","Questionnaire",10175,10144,99.69533169533169,31,"La ausencia bruta puede responder a edad, patrones de salto, no aplicabilidad o no respuesta."
"quest__DBQ073U","DBQ073U","Questionnaire",10175,10144,99.69533169533169,31,"La ausencia bruta puede responder a edad, patrones de salto, no aplicabilidad o no respuesta."
"quest__MCQ240DD","MCQ240DD","Questionnaire",10175,10142,99.67567567567568,33,"La ausencia bruta puede responder a edad, patrones de salto, no aplicabilidad o no respuesta."
"lab__LBXEMA","LBXEMA","Labs",10175,10141,99.66584766584766,34,"La ausencia bruta combina no participación, restricciones de edad, submuestras y ausencia de la determinación."
"quest__OHQ780J","OHQ780J","Questionnaire",10175,10140,99.65601965601965,35,"La ausencia bruta puede responder a edad, patrones de salto, no aplicabilidad o no respuesta."
"quest__CDQ009E","CDQ009E","Questionnaire",10175,10139,99.64619164619165,36,"La ausencia bruta puede responder a edad, patrones de salto, no aplicabilidad o no respuesta."
"quest__OSQ090D","OSQ090D","Questionnaire",10175,10139,99.64619164619165,36,"La ausencia bruta puede responder a edad, patrones de salto, no aplicabilidad o no respuesta."
"quest__OSQ120D","OSQ120D","Questionnaire",10175,10139,99.64619164619165,36,"La ausencia bruta puede responder a edad, patrones de salto, no aplicabilidad o no respuesta."
"quest__PAQ724X","PAQ724X","Questionnaire",10175,10139,99.64619164619165,36,"La ausencia bruta puede responder a edad, patrones de salto, no aplicabilidad o no respuesta."
"lab__PHAANTHR","PHAANTHR","Labs",10175,10138,99.63636363636364,37,"La ausencia bruta combina no participación, restricciones de edad, submuestras y ausencia de la determinación."
"lab__PHAANTMN","PHAANTMN","Labs",10175,10138,99.63636363636364,37,"La ausencia bruta combina no participación, restricciones de edad, submuestras y ausencia de la determinación."
"quest__MCQ240F","MCQ240F","Questionnaire",10175,10138,99.63636363636364,37,"La ausencia bruta puede responder a edad, patrones de salto, no aplicabilidad o no respuesta."
"quest__RHQ586U","RHQ586U","Questionnaire",10175,10138,99.63636363636364,37,"La ausencia bruta puede responder a edad, patrones de salto, no aplicabilidad o no respuesta."
"quest__MCQ151","MCQ151","Questionnaire",10175,10137,99.62653562653563,38,"La ausencia bruta puede responder a edad, patrones de salto, no aplicabilidad o no respuesta."
"quest__DIQ175K","DIQ175K","Questionnaire",10175,10136,99.61670761670761,39,"La ausencia bruta puede responder a edad, patrones de salto, no aplicabilidad o no respuesta."
"quest__RHQ586Q","RHQ586Q","Questionnaire",10175,10136,99.61670761670761,39,"La ausencia bruta puede responder a edad, patrones de salto, no aplicabilidad o no respuesta."
"quest__DIQ175L","DIQ175L","Questionnaire",10175,10135,99.6068796068796,40,"La ausencia bruta puede responder a edad, patrones de salto, no aplicabilidad o no respuesta."
"quest__PAQ759G","PAQ759G","Questionnaire",10175,10135,99.6068796068796,40,"La ausencia bruta puede responder a edad, patrones de salto, no aplicabilidad o no respuesta."
"lab__PHAALCHR","PHAALCHR","Labs",10175,10133,99.58722358722359,42,"La ausencia bruta combina no participación, restricciones de edad, submuestras y ausencia de la determinación."
"lab__PHAALCMN","PHAALCMN","Labs",10175,10133,99.58722358722359,42,"La ausencia bruta combina no participación, restricciones de edad, submuestras y ausencia de la determinación."
"quest__MCQ240P","MCQ240P","Questionnaire",10175,10133,99.58722358722359,42,"La ausencia bruta puede responder a edad, patrones de salto, no aplicabilidad o no respuesta."
"quest__PAQ724E","PAQ724E","Questionnaire",10175,10133,99.58722358722359,42,"La ausencia bruta puede responder a edad, patrones de salto, no aplicabilidad o no respuesta."
"quest__PAQ759K","PAQ759K","Questionnaire",10175,10133,99.58722358722359,42,"La ausencia bruta puede responder a edad, patrones de salto, no aplicabilidad o no respuesta."
"quest__DUQ280","DUQ280","Questionnaire",10175,10130,99.55773955773955,45,"La ausencia bruta puede responder a edad, patrones de salto, no aplicabilidad o no respuesta."
"quest__OHQ780H","OHQ780H","Questionnaire",10175,10130,99.55773955773955,45,"La ausencia bruta puede responder a edad, patrones de salto, no aplicabilidad o no respuesta."
"quest__PAQ772B","PAQ772B","Questionnaire",10175,10130,99.55773955773955,45,"La ausencia bruta puede responder a edad, patrones de salto, no aplicabilidad o no respuesta."
"quest__PAQ724AC","PAQ724AC","Questionnaire",10175,10129,99.54791154791155,46,"La ausencia bruta puede responder a edad, patrones de salto, no aplicabilidad o no respuesta."
"quest__PAQ724Z","PAQ724Z","Questionnaire",10175,10129,99.54791154791155,46,"La ausencia bruta puede responder a edad, patrones de salto, no aplicabilidad o no respuesta."
"quest__CSQ120H","CSQ120H","Questionnaire",10175,10128,99.53808353808354,47,"La ausencia bruta puede responder a edad, patrones de salto, no aplicabilidad o no respuesta."
"quest__DUQ380C","DUQ380C","Questionnaire",10175,10128,99.53808353808354,47,"La ausencia bruta puede responder a edad, patrones de salto, no aplicabilidad o no respuesta."
"quest__OHQ780I","OHQ780I","Questionnaire",10175,10128,99.53808353808354,47,"La ausencia bruta puede responder a edad, patrones de salto, no aplicabilidad o no respuesta."
"quest__OSD030BB","OSD030BB","Questionnaire",10175,10126,99.51842751842752,49,"La ausencia bruta puede responder a edad, patrones de salto, no aplicabilidad o no respuesta."
"quest__OSQ040BB","OSQ040BB","Questionnaire",10175,10126,99.51842751842752,49,"La ausencia bruta puede responder a edad, patrones de salto, no aplicabilidad o no respuesta."
"quest__PAQ724K","PAQ724K","Questionnaire",10175,10126,99.51842751842752,49,"La ausencia bruta puede responder a edad, patrones de salto, no aplicabilidad o no respuesta."
"quest__PAQ759N","PAQ759N","Questionnaire",10175,10126,99.51842751842752,49,"La ausencia bruta puede responder a edad, patrones de salto, no aplicabilidad o no respuesta."
"quest__PAQ772A","PAQ772A","Questionnaire",10175,10126,99.51842751842752,49,"La ausencia bruta puede responder a edad, patrones de salto, no aplicabilidad o no respuesta."
"quest__DIQ175N","DIQ175N","Questionnaire",10175,10124,99.4987714987715,51,"La ausencia bruta puede responder a edad, patrones de salto, no aplicabilidad o no respuesta."
"quest__CDQ009F","CDQ009F","Questionnaire",10175,10123,99.48894348894349,52,"La ausencia bruta puede responder a edad, patrones de salto, no aplicabilidad o no respuesta."
"quest__OSD050AA","OSD050AA","Questionnaire",10175,10123,99.48894348894349,52,"La ausencia bruta puede responder a edad, patrones de salto, no aplicabilidad o no respuesta."
"quest__PAQ759D","PAQ759D","Questionnaire",10175,10123,99.48894348894349,52,"La ausencia bruta puede responder a edad, patrones de salto, no aplicabilidad o no respuesta."
"quest__SMQ690D","SMQ690D","Questionnaire",10175,10123,99.48894348894349,52,"La ausencia bruta puede responder a edad, patrones de salto, no aplicabilidad o no respuesta."
"quest__SMQ800","SMQ800","Questionnaire",10175,10123,99.48894348894349,52,"La ausencia bruta puede responder a edad, patrones de salto, no aplicabilidad o no respuesta."
"quest__HIQ031E","HIQ031E","Questionnaire",10175,10122,99.47911547911548,53,"La ausencia bruta puede responder a edad, patrones de salto, no aplicabilidad o no respuesta."
"quest__RHQ070","RHQ070","Questionnaire",10175,10122,99.47911547911548,53,"La ausencia bruta puede responder a edad, patrones de salto, no aplicabilidad o no respuesta."
"quest__SMQ690E","SMQ690E","Questionnaire",10175,10121,99.46928746928747,54,"La ausencia bruta puede responder a edad, patrones de salto, no aplicabilidad o no respuesta."
"quest__SMQ817","SMQ817","Questionnaire",10175,10121,99.46928746928747,54,"La ausencia bruta puede responder a edad, patrones de salto, no aplicabilidad o no respuesta."
"quest__DUQ380B","DUQ380B","Questionnaire",10175,10120,99.45945945945945,55,"La ausencia bruta puede responder a edad, patrones de salto, no aplicabilidad o no respuesta."
"quest__PAQ724R","PAQ724R","Questionnaire",10175,10120,99.45945945945945,55,"La ausencia bruta puede responder a edad, patrones de salto, no aplicabilidad o no respuesta."
"quest__CSQ120G","CSQ120G","Questionnaire",10175,10119,99.44963144963145,56,"La ausencia bruta puede responder a edad, patrones de salto, no aplicabilidad o no respuesta."
"quest__DIQ175T","DIQ175T","Questionnaire",10175,10119,99.44963144963145,56,"La ausencia bruta puede responder a edad, patrones de salto, no aplicabilidad o no respuesta."
"quest__DUQ380A","DUQ380A","Questionnaire",10175,10119,99.44963144963145,56,"La ausencia bruta puede responder a edad, patrones de salto, no aplicabilidad o no respuesta."
"quest__PAQ759P","PAQ759P","Questionnaire",10175,10119,99.44963144963145,56,"La ausencia bruta puede responder a edad, patrones de salto, no aplicabilidad o no respuesta."
"quest__MCQ240X","MCQ240X","Questionnaire",10175,10118,99.43980343980344,57,"La ausencia bruta puede responder a edad, patrones de salto, no aplicabilidad o no respuesta."
"quest__SMQ690G","SMQ690G","Questionnaire",10175,10116,99.42014742014742,59,"La ausencia bruta puede responder a edad, patrones de salto, no aplicabilidad o no respuesta."
"quest__SMQ845","SMQ845","Questionnaire",10175,10116,99.42014742014742,59,"La ausencia bruta puede responder a edad, patrones de salto, no aplicabilidad o no respuesta."
"quest__CSQ120E","CSQ120E","Questionnaire",10175,10114,99.4004914004914,61,"La ausencia bruta puede responder a edad, patrones de salto, no aplicabilidad o no respuesta."
"quest__ECQ090","ECQ090","Questionnaire",10175,10114,99.4004914004914,61,"La ausencia bruta puede responder a edad, patrones de salto, no aplicabilidad o no respuesta."
"quest__FSD132","FSD132","Questionnaire",10175,10114,99.4004914004914,61,"La ausencia bruta puede responder a edad, patrones de salto, no aplicabilidad o no respuesta."
"quest__MCQ230B","MCQ230B","Questionnaire",10175,10114,99.4004914004914,61,"La ausencia bruta puede responder a edad, patrones de salto, no aplicabilidad o no respuesta."
"quest__RHQ542B","RHQ542B","Questionnaire",10175,10112,99.38083538083538,63,"La ausencia bruta puede responder a edad, patrones de salto, no aplicabilidad o no respuesta."
"quest__RHQ580","RHQ580","Questionnaire",10175,10112,99.38083538083538,63,"La ausencia bruta puede responder a edad, patrones de salto, no aplicabilidad o no respuesta."
"quest__RHQ596","RHQ596","Questionnaire",10175,10112,99.38083538083538,63,"La ausencia bruta puede responder a edad, patrones de salto, no aplicabilidad o no respuesta."
"quest__OHQ780B","OHQ780B","Questionnaire",10175,10110,99.36117936117937,65,"La ausencia bruta puede responder a edad, patrones de salto, no aplicabilidad o no respuesta."
"quest__HEQ020","HEQ020","Questionnaire",10175,10109,99.35135135135135,66,"La ausencia bruta puede responder a edad, patrones de salto, no aplicabilidad o no respuesta."
"lab__LBXHCG","LBXHCG","Labs",10175,10108,99.34152334152334,67,"La ausencia bruta combina no participación, restricciones de edad, submuestras y ausencia de la determinación."
"quest__MCQ240U","MCQ240U","Questionnaire",10175,10107,99.33169533169533,68,"La ausencia bruta puede responder a edad, patrones de salto, no aplicabilidad o no respuesta."
"quest__DIQ175P","DIQ175P","Questionnaire",10175,10106,99.32186732186732,69,"La ausencia bruta puede responder a edad, patrones de salto, no aplicabilidad o no respuesta."
"quest__DIQ175I","DIQ175I","Questionnaire",10175,10105,99.31203931203932,70,"La ausencia bruta puede responder a edad, patrones de salto, no aplicabilidad o no respuesta."
"quest__OSD110B","OSD110B","Questionnaire",10175,10104,99.3022113022113,71,"La ausencia bruta puede responder a edad, patrones de salto, no aplicabilidad o no respuesta."
"quest__OSQ100B","OSQ100B","Questionnaire",10175,10104,99.3022113022113,71,"La ausencia bruta puede responder a edad, patrones de salto, no aplicabilidad o no respuesta."
"quest__FSD660ZW","FSD660ZW","Questionnaire",10175,10103,99.29238329238329,72,"La ausencia bruta puede responder a edad, patrones de salto, no aplicabilidad o no respuesta."
"quest__FSD670ZW","FSD670ZW","Questionnaire",10175,10103,99.29238329238329,72,"La ausencia bruta puede responder a edad, patrones de salto, no aplicabilidad o no respuesta."
"quest__DIQ175U","DIQ175U","Questionnaire",10175,10102,99.28255528255528,73,"La ausencia bruta puede responder a edad, patrones de salto, no aplicabilidad o no respuesta."
"exam__CSQ260D","CSQ260D","Examination",10175,10101,99.27272727272727,74,"La ausencia bruta combina no participación en MEC, restricciones de edad y ausencia de la medición."
"quest__OSD050BA","OSD050BA","Questionnaire",10175,10101,99.27272727272727,74,"La ausencia bruta puede responder a edad, patrones de salto, no aplicabilidad o no respuesta."
"quest__SXQ841","SXQ841","Questionnaire",10175,10101,99.27272727272727,74,"La ausencia bruta puede responder a edad, patrones de salto, no aplicabilidad o no respuesta."
"quest__PAQ772C","PAQ772C","Questionnaire",10175,10100,99.26289926289927,75,"La ausencia bruta puede responder a edad, patrones de salto, no aplicabilidad o no respuesta."
"quest__HEQ040","HEQ040","Questionnaire",10175,10099,99.25307125307125,76,"La ausencia bruta puede responder a edad, patrones de salto, no aplicabilidad o no respuesta."
"quest__OHQ780G","OHQ780G","Questionnaire",10175,10099,99.25307125307125,76,"La ausencia bruta puede responder a edad, patrones de salto, no aplicabilidad o no respuesta."
"quest__OSD030CA","OSD030CA","Questionnaire",10175,10099,99.25307125307125,76,"La ausencia bruta puede responder a edad, patrones de salto, no aplicabilidad o no respuesta."
"quest__OSQ040CA","OSQ040CA","Questionnaire",10175,10099,99.25307125307125,76,"La ausencia bruta puede responder a edad, patrones de salto, no aplicabilidad o no respuesta."
"quest__OSQ020C","OSQ020C","Questionnaire",10175,10098,99.24324324324324,77,"La ausencia bruta puede responder a edad, patrones de salto, no aplicabilidad o no respuesta."
"quest__PAQ724P","PAQ724P","Questionnaire",10175,10098,99.24324324324324,77,"La ausencia bruta puede responder a edad, patrones de salto, no aplicabilidad o no respuesta."
"quest__PAQ759M","PAQ759M","Questionnaire",10175,10098,99.24324324324324,77,"La ausencia bruta puede responder a edad, patrones de salto, no aplicabilidad o no respuesta."
"quest__RHQ576U","RHQ576U","Questionnaire",10175,10097,99.23341523341523,78,"La ausencia bruta puede responder a edad, patrones de salto, no aplicabilidad o no respuesta."
"quest__OHQ590Q","OHQ590Q","Questionnaire",10175,10096,99.22358722358722,79,"La ausencia bruta puede responder a edad, patrones de salto, no aplicabilidad o no respuesta."
"quest__OHQ590U","OHQ590U","Questionnaire",10175,10096,99.22358722358722,79,"La ausencia bruta puede responder a edad, patrones de salto, no aplicabilidad o no respuesta."
"quest__PAQ724U","PAQ724U","Questionnaire",10175,10096,99.22358722358722,79,"La ausencia bruta puede responder a edad, patrones de salto, no aplicabilidad o no respuesta."
"quest__CDQ009D","CDQ009D","Questionnaire",10175,10095,99.21375921375922,80,"La ausencia bruta puede responder a edad, patrones de salto, no aplicabilidad o no respuesta."
"quest__DUQ300","DUQ300","Questionnaire",10175,10095,99.21375921375922,80,"La ausencia bruta puede responder a edad, patrones de salto, no aplicabilidad o no respuesta."
"quest__DUQ310Q","DUQ310Q","Questionnaire",10175,10095,99.21375921375922,80,"La ausencia bruta puede responder a edad, patrones de salto, no aplicabilidad o no respuesta."
"quest__DUQ310U","DUQ310U","Questionnaire",10175,10095,99.21375921375922,80,"La ausencia bruta puede responder a edad, patrones de salto, no aplicabilidad o no respuesta."
"quest__OSQ090C","OSQ090C","Questionnaire",10175,10095,99.21375921375922,80,"La ausencia bruta puede responder a edad, patrones de salto, no aplicabilidad o no respuesta."
"quest__OSQ120C","OSQ120C","Questionnaire",10175,10095,99.21375921375922,80,"La ausencia bruta puede responder a edad, patrones de salto, no aplicabilidad o no respuesta."
"quest__RHQ576Q","RHQ576Q","Questionnaire",10175,10095,99.21375921375922,80,"La ausencia bruta puede responder a edad, patrones de salto, no aplicabilidad o no respuesta."
"quest__OSQ210","OSQ210","Questionnaire",10175,10094,99.2039312039312,81,"La ausencia bruta puede responder a edad, patrones de salto, no aplicabilidad o no respuesta."
"quest__CSQ120D","CSQ120D","Questionnaire",10175,10093,99.19410319410319,82,"La ausencia bruta puede responder a edad, patrones de salto, no aplicabilidad o no respuesta."
"quest__OSD030AA","OSD030AA","Questionnaire",10175,10093,99.19410319410319,82,"La ausencia bruta puede responder a edad, patrones de salto, no aplicabilidad o no respuesta."
"quest__OSQ040AA","OSQ040AA","Questionnaire",10175,10093,99.19410319410319,82,"La ausencia bruta puede responder a edad, patrones de salto, no aplicabilidad o no respuesta."
"quest__OSQ020A","OSQ020A","Questionnaire",10175,10092,99.18427518427518,83,"La ausencia bruta puede responder a edad, patrones de salto, no aplicabilidad o no respuesta."
"quest__SMD630","SMD630","Questionnaire",10175,10092,99.18427518427518,83,"La ausencia bruta puede responder a edad, patrones de salto, no aplicabilidad o no respuesta."
"quest__WHD080I","WHD080I","Questionnaire",10175,10091,99.17444717444718,84,"La ausencia bruta puede responder a edad, patrones de salto, no aplicabilidad o no respuesta."
"quest__DIQ175O","DIQ175O","Questionnaire",10175,10090,99.16461916461917,85,"La ausencia bruta puede responder a edad, patrones de salto, no aplicabilidad o no respuesta."
"lab__PHASUPHR","PHASUPHR","Labs",10175,10089,99.15479115479116,86,"La ausencia bruta combina no participación, restricciones de edad, submuestras y ausencia de la determinación."
"lab__PHASUPMN","PHASUPMN","Labs",10175,10089,99.15479115479116,86,"La ausencia bruta combina no participación, restricciones de edad, submuestras y ausencia de la determinación."
"quest__OHQ780K","OHQ780K","Questionnaire",10175,10088,99.14496314496314,87,"La ausencia bruta puede responder a edad, patrones de salto, no aplicabilidad o no respuesta."
"quest__PAQ759Q","PAQ759Q","Questionnaire",10175,10088,99.14496314496314,87,"La ausencia bruta puede responder a edad, patrones de salto, no aplicabilidad o no respuesta."
"quest__ECQ080","ECQ080","Questionnaire",10175,10087,99.13513513513513,88,"La ausencia bruta puede responder a edad, patrones de salto, no aplicabilidad o no respuesta."
"quest__DIQ175M","DIQ175M","Questionnaire",10175,10084,99.1056511056511,91,"La ausencia bruta puede responder a edad, patrones de salto, no aplicabilidad o no respuesta."
"quest__DIQ175E","DIQ175E","Questionnaire",10175,10083,99.09582309582309,92,"La ausencia bruta puede responder a edad, patrones de salto, no aplicabilidad o no respuesta."
"quest__DUQ420","DUQ420","Questionnaire",10175,10080,99.06633906633907,95,"La ausencia bruta puede responder a edad, patrones de salto, no aplicabilidad o no respuesta."
"quest__MCQ180G","MCQ180G","Questionnaire",10175,10080,99.06633906633907,95,"La ausencia bruta puede responder a edad, patrones de salto, no aplicabilidad o no respuesta."
"quest__RXQ525U","RXQ525U","Questionnaire",10175,10080,99.06633906633907,95,"La ausencia bruta puede responder a edad, patrones de salto, no aplicabilidad o no respuesta."
"quest__RXQ525Q","RXQ525Q","Questionnaire",10175,10079,99.05651105651106,96,"La ausencia bruta puede responder a edad, patrones de salto, no aplicabilidad o no respuesta."
"quest__SXQ550","SXQ550","Questionnaire",10175,10079,99.05651105651106,96,"La ausencia bruta puede responder a edad, patrones de salto, no aplicabilidad o no respuesta."
"lab__URDFLOW3","URDFLOW3","Labs",10175,10076,99.02702702702703,99,"La ausencia bruta combina no participación, restricciones de edad, submuestras y ausencia de la determinación."
"lab__URXVOL3","URXVOL3","Labs",10175,10076,99.02702702702703,99,"La ausencia bruta combina no participación, restricciones de edad, submuestras y ausencia de la determinación."
"quest__MCQ240E","MCQ240E","Questionnaire",10175,10074,99.007371007371,101,"La ausencia bruta puede responder a edad, patrones de salto, no aplicabilidad o no respuesta."
"quest__DIQ175Q","DIQ175Q","Questionnaire",10175,10073,98.997542997543,102,"La ausencia bruta puede responder a edad, patrones de salto, no aplicabilidad o no respuesta."
"exam__CSQ260I","CSQ260I","Examination",10175,10070,98.96805896805897,105,"La ausencia bruta combina no participación en MEC, restricciones de edad y ausencia de la medición."
"quest__DUQ390","DUQ390","Questionnaire",10175,10070,98.96805896805897,105,"La ausencia bruta puede responder a edad, patrones de salto, no aplicabilidad o no respuesta."
"quest__DUQ400Q","DUQ400Q","Questionnaire",10175,10070,98.96805896805897,105,"La ausencia bruta puede responder a edad, patrones de salto, no aplicabilidad o no respuesta."
"quest__DUQ400U","DUQ400U","Questionnaire",10175,10070,98.96805896805897,105,"La ausencia bruta puede responder a edad, patrones de salto, no aplicabilidad o no respuesta."
"quest__DUQ410","DUQ410","Questionnaire",10175,10070,98.96805896805897,105,"La ausencia bruta puede responder a edad, patrones de salto, no aplicabilidad o no respuesta."
"quest__MCQ240W","MCQ240W","Questionnaire",10175,10070,98.96805896805897,105,"La ausencia bruta puede responder a edad, patrones de salto, no aplicabilidad o no respuesta."
"quest__PFQ033","PFQ033","Questionnaire",10175,10070,98.96805896805897,105,"La ausencia bruta puede responder a edad, patrones de salto, no aplicabilidad o no respuesta."
"quest__DIQ175J","DIQ175J","Questionnaire",10175,10068,98.94840294840294,107,"La ausencia bruta puede responder a edad, patrones de salto, no aplicabilidad o no respuesta."
"quest__PAQ724AB","PAQ724AB","Questionnaire",10175,10068,98.94840294840294,107,"La ausencia bruta puede responder a edad, patrones de salto, no aplicabilidad o no respuesta."
"quest__DIQ175C","DIQ175C","Questionnaire",10175,10063,98.8992628992629,112,"La ausencia bruta puede responder a edad, patrones de salto, no aplicabilidad o no respuesta."
"quest__RHQ542C","RHQ542C","Questionnaire",10175,10063,98.8992628992629,112,"La ausencia bruta puede responder a edad, patrones de salto, no aplicabilidad o no respuesta."
"quest__WHD080H","WHD080H","Questionnaire",10175,10061,98.87960687960688,114,"La ausencia bruta puede responder a edad, patrones de salto, no aplicabilidad o no respuesta."
"quest__PAQ759S","PAQ759S","Questionnaire",10175,10060,98.86977886977887,115,"La ausencia bruta puede responder a edad, patrones de salto, no aplicabilidad o no respuesta."
"quest__SXQ410","SXQ410","Questionnaire",10175,10060,98.86977886977887,115,"La ausencia bruta puede responder a edad, patrones de salto, no aplicabilidad o no respuesta."
"quest__SXQ836","SXQ836","Questionnaire",10175,10060,98.86977886977887,115,"La ausencia bruta puede responder a edad, patrones de salto, no aplicabilidad o no respuesta."
"quest__SXQ853","SXQ853","Questionnaire",10175,10060,98.86977886977887,115,"La ausencia bruta puede responder a edad, patrones de salto, no aplicabilidad o no respuesta."
"quest__WHD080G","WHD080G","Questionnaire",10175,10060,98.86977886977887,115,"La ausencia bruta puede responder a edad, patrones de salto, no aplicabilidad o no respuesta."
"quest__OHQ585U","OHQ585U","Questionnaire",10175,10058,98.85012285012284,117,"La ausencia bruta puede responder a edad, patrones de salto, no aplicabilidad o no respuesta."
"quest__OHQ590G","OHQ590G","Questionnaire",10175,10058,98.85012285012284,117,"La ausencia bruta puede responder a edad, patrones de salto, no aplicabilidad o no respuesta."
"quest__PAQ759A","PAQ759A","Questionnaire",10175,10055,98.82063882063882,120,"La ausencia bruta puede responder a edad, patrones de salto, no aplicabilidad o no respuesta."
"quest__OHQ585Q","OHQ585Q","Questionnaire",10175,10052,98.7911547911548,123,"La ausencia bruta puede responder a edad, patrones de salto, no aplicabilidad o no respuesta."
"quest__SMQ690H","SMQ690H","Questionnaire",10175,10050,98.77149877149877,125,"La ausencia bruta puede responder a edad, patrones de salto, no aplicabilidad o no respuesta."
"quest__SMQ849","SMQ849","Questionnaire",10175,10050,98.77149877149877,125,"La ausencia bruta puede responder a edad, patrones de salto, no aplicabilidad o no respuesta."
"exam__OHX24CSC","OHX24CSC","Examination",10175,10049,98.76167076167076,126,"La ausencia bruta combina no participación en MEC, restricciones de edad y ausencia de la medición."
"quest__PAQ724A","PAQ724A","Questionnaire",10175,10049,98.76167076167076,126,"La ausencia bruta puede responder a edad, patrones de salto, no aplicabilidad o no respuesta."
"quest__SXQ267","SXQ267","Questionnaire",10175,10048,98.75184275184276,127,"La ausencia bruta puede responder a edad, patrones de salto, no aplicabilidad o no respuesta."
"quest__PFQ030","PFQ030","Questionnaire",10175,10047,98.74201474201475,128,"La ausencia bruta puede responder a edad, patrones de salto, no aplicabilidad o no respuesta."
"lab__PHACOFHR","PHACOFHR","Labs",10175,10046,98.73218673218673,129,"La ausencia bruta combina no participación, restricciones de edad, submuestras y ausencia de la determinación."
"lab__PHACOFMN","PHACOFMN","Labs",10175,10046,98.73218673218673,129,"La ausencia bruta combina no participación, restricciones de edad, submuestras y ausencia de la determinación."
"quest__PAQ759E","PAQ759E","Questionnaire",10175,10041,98.68304668304668,134,"La ausencia bruta puede responder a edad, patrones de salto, no aplicabilidad o no respuesta."
"quest__MCQ180D","MCQ180D","Questionnaire",10175,10039,98.66339066339066,136,"La ausencia bruta puede responder a edad, patrones de salto, no aplicabilidad o no respuesta."
"lab__LBXHCR","LBXHCR","Labs",10175,10038,98.65356265356266,137,"La ausencia bruta combina no participación, restricciones de edad, submuestras y ausencia de la determinación."
"exam__OHX25CSC","OHX25CSC","Examination",10175,10034,98.61425061425061,141,"La ausencia bruta combina no participación en MEC, restricciones de edad y ausencia de la medición."
"quest__PAQ724N","PAQ724N","Questionnaire",10175,10034,98.61425061425061,141,"La ausencia bruta puede responder a edad, patrones de salto, no aplicabilidad o no respuesta."
"quest__CSQ170","CSQ170","Questionnaire",10175,10030,98.57493857493857,145,"La ausencia bruta puede responder a edad, patrones de salto, no aplicabilidad o no respuesta."
"quest__RHQ197","RHQ197","Questionnaire",10175,10025,98.52579852579852,150,"La ausencia bruta puede responder a edad, patrones de salto, no aplicabilidad o no respuesta."
"quest__RHQ200","RHQ200","Questionnaire",10175,10025,98.52579852579852,150,"La ausencia bruta puede responder a edad, patrones de salto, no aplicabilidad o no respuesta."
"quest__DIQ175G","DIQ175G","Questionnaire",10175,10024,98.51597051597052,151,"La ausencia bruta puede responder a edad, patrones de salto, no aplicabilidad o no respuesta."
"quest__DIQ175H","DIQ175H","Questionnaire",10175,10024,98.51597051597052,151,"La ausencia bruta puede responder a edad, patrones de salto, no aplicabilidad o no respuesta."
"quest__PAQ724J","PAQ724J","Questionnaire",10175,10021,98.48648648648648,154,"La ausencia bruta puede responder a edad, patrones de salto, no aplicabilidad o no respuesta."
"quest__MCQ206","MCQ206","Questionnaire",10175,10018,98.45700245700246,157,"La ausencia bruta puede responder a edad, patrones de salto, no aplicabilidad o no respuesta."
"quest__MCQ075","MCQ075","Questionnaire",10175,10013,98.40786240786241,162,"La ausencia bruta puede responder a edad, patrones de salto, no aplicabilidad o no respuesta."
"exam__OHX26CSC","OHX26CSC","Examination",10175,10010,98.37837837837837,165,"La ausencia bruta combina no participación en MEC, restricciones de edad y ausencia de la medición."
"quest__PAQ724AE","PAQ724AE","Questionnaire",10175,10010,98.37837837837837,165,"La ausencia bruta puede responder a edad, patrones de salto, no aplicabilidad o no respuesta."
"quest__SMQ690C","SMQ690C","Questionnaire",10175,10010,98.37837837837837,165,"La ausencia bruta puede responder a edad, patrones de salto, no aplicabilidad o no respuesta."
"quest__SMQ770","SMQ770","Questionnaire",10175,10010,98.37837837837837,165,"La ausencia bruta puede responder a edad, patrones de salto, no aplicabilidad o no respuesta."
"quest__ACD011C","ACD011C","Questionnaire",10175,10004,98.31941031941032,171,"La ausencia bruta puede responder a edad, patrones de salto, no aplicabilidad o no respuesta."
"quest__PAQ724T","PAQ724T","Questionnaire",10175,10001,98.28992628992629,174,"La ausencia bruta puede responder a edad, patrones de salto, no aplicabilidad o no respuesta."
"quest__WHD080N","WHD080N","Questionnaire",10175,10000,98.28009828009829,175,"La ausencia bruta puede responder a edad, patrones de salto, no aplicabilidad o no respuesta."
"exam__OHX23CSC","OHX23CSC","Examination",10175,9997,98.25061425061425,178,"La ausencia bruta combina no participación en MEC, restricciones de edad y ausencia de la medición."
"quest__OHQ575U","OHQ575U","Questionnaire",10175,9994,98.22113022113022,181,"La ausencia bruta puede responder a edad, patrones de salto, no aplicabilidad o no respuesta."
"exam__CSQ260A","CSQ260A","Examination",10175,9993,98.21130221130221,182,"La ausencia bruta combina no participación en MEC, restricciones de edad y ausencia de la medición."
"quest__MCQ180B","MCQ180B","Questionnaire",10175,9993,98.21130221130221,182,"La ausencia bruta puede responder a edad, patrones de salto, no aplicabilidad o no respuesta."
"quest__OHQ575Q","OHQ575Q","Questionnaire",10175,9992,98.2014742014742,183,"La ausencia bruta puede responder a edad, patrones de salto, no aplicabilidad o no respuesta."
"exam__MGD060","MGD060","Examination",10175,9983,98.11302211302211,192,"La ausencia bruta combina no participación en MEC, restricciones de edad y ausencia de la medición."
"quest__SXQ130","SXQ130","Questionnaire",10175,9983,98.11302211302211,192,"La ausencia bruta puede responder a edad, patrones de salto, no aplicabilidad o no respuesta."
"quest__SXQ490","SXQ490","Questionnaire",10175,9983,98.11302211302211,192,"La ausencia bruta puede responder a edad, patrones de salto, no aplicabilidad o no respuesta."
"quest__SXQ741","SXQ741","Questionnaire",10175,9983,98.11302211302211,192,"La ausencia bruta puede responder a edad, patrones de salto, no aplicabilidad o no respuesta."
"quest__CDQ006","CDQ006","Questionnaire",10175,9979,98.07371007371007,196,"La ausencia bruta puede responder a edad, patrones de salto, no aplicabilidad o no respuesta."
"quest__RHQ163","RHQ163","Questionnaire",10175,9979,98.07371007371007,196,"La ausencia bruta puede responder a edad, patrones de salto, no aplicabilidad o no respuesta."
"quest__WHD080J","WHD080J","Questionnaire",10175,9975,98.03439803439804,200,"La ausencia bruta puede responder a edad, patrones de salto, no aplicabilidad o no respuesta."
"quest__MCQ180F","MCQ180F","Questionnaire",10175,9973,98.01474201474201,202,"La ausencia bruta puede responder a edad, patrones de salto, no aplicabilidad o no respuesta."
"quest__HIQ031I","HIQ031I","Questionnaire",10175,9969,97.97542997542998,206,"La ausencia bruta puede responder a edad, patrones de salto, no aplicabilidad o no respuesta."
"quest__OSQ140U","OSQ140U","Questionnaire",10175,9968,97.96560196560196,207,"La ausencia bruta puede responder a edad, patrones de salto, no aplicabilidad o no respuesta."
"exam__CSXEXCMT","CSXEXCMT","Examination",10175,9967,97.95577395577395,208,"La ausencia bruta combina no participación en MEC, restricciones de edad y ausencia de la medición."
"quest__OHQ780C","OHQ780C","Questionnaire",10175,9967,97.95577395577395,208,"La ausencia bruta puede responder a edad, patrones de salto, no aplicabilidad o no respuesta."
"quest__DIQ060U","DIQ060U","Questionnaire",10175,9958,97.86732186732186,217,"La ausencia bruta puede responder a edad, patrones de salto, no aplicabilidad o no respuesta."
"quest__OHQ570U","OHQ570U","Questionnaire",10175,9956,97.84766584766585,219,"La ausencia bruta puede responder a edad, patrones de salto, no aplicabilidad o no respuesta."
"quest__OHQ575G","OHQ575G","Questionnaire",10175,9956,97.84766584766585,219,"La ausencia bruta puede responder a edad, patrones de salto, no aplicabilidad o no respuesta."
"quest__PAQ759J","PAQ759J","Questionnaire",10175,9956,97.84766584766585,219,"La ausencia bruta puede responder a edad, patrones de salto, no aplicabilidad o no respuesta."
"quest__DID060","DID060","Questionnaire",10175,9955,97.83783783783784,220,"La ausencia bruta puede responder a edad, patrones de salto, no aplicabilidad o no respuesta."
"quest__OSQ140Q","OSQ140Q","Questionnaire",10175,9955,97.83783783783784,220,"La ausencia bruta puede responder a edad, patrones de salto, no aplicabilidad o no respuesta."
"quest__PAQ724B","PAQ724B","Questionnaire",10175,9955,97.83783783783784,220,"La ausencia bruta puede responder a edad, patrones de salto, no aplicabilidad o no respuesta."
"exam__BMIHT","BMIHT","Examination",10175,9954,97.82800982800983,221,"La ausencia bruta combina no participación en MEC, restricciones de edad y ausencia de la medición."
"exam__BMXHEAD","BMXHEAD","Examination",10175,9946,97.74938574938575,229,"La ausencia bruta combina no participación en MEC, restricciones de edad y ausencia de la medición."
"quest__CDQ005","CDQ005","Questionnaire",10175,9946,97.74938574938575,229,"La ausencia bruta puede responder a edad, patrones de salto, no aplicabilidad o no respuesta."
"quest__MCQ180E","MCQ180E","Questionnaire",10175,9946,97.74938574938575,229,"La ausencia bruta puede responder a edad, patrones de salto, no aplicabilidad o no respuesta."
"quest__OHQ570Q","OHQ570Q","Questionnaire",10175,9946,97.74938574938575,229,"La ausencia bruta puede responder a edad, patrones de salto, no aplicabilidad o no respuesta."
"quest__MCQ180C","MCQ180C","Questionnaire",10175,9943,97.71990171990171,232,"La ausencia bruta puede responder a edad, patrones de salto, no aplicabilidad o no respuesta."
"quest__HIQ031J","HIQ031J","Questionnaire",10175,9942,97.71007371007371,233,"La ausencia bruta puede responder a edad, patrones de salto, no aplicabilidad o no respuesta."
"quest__WHD080F","WHD080F","Questionnaire",10175,9942,97.71007371007371,233,"La ausencia bruta puede responder a edad, patrones de salto, no aplicabilidad o no respuesta."
"quest__MCQ170L","MCQ170L","Questionnaire",10175,9941,97.7002457002457,234,"La ausencia bruta puede responder a edad, patrones de salto, no aplicabilidad o no respuesta."
"quest__MCQ180L","MCQ180L","Questionnaire",10175,9941,97.7002457002457,234,"La ausencia bruta puede responder a edad, patrones de salto, no aplicabilidad o no respuesta."
"quest__MCQ180N","MCQ180N","Questionnaire",10175,9941,97.7002457002457,234,"La ausencia bruta puede responder a edad, patrones de salto, no aplicabilidad o no respuesta."
"quest__DBQ223E","DBQ223E","Questionnaire",10175,9940,97.69041769041769,235,"La ausencia bruta puede responder a edad, patrones de salto, no aplicabilidad o no respuesta."
"quest__OSD110A","OSD110A","Questionnaire",10175,9939,97.68058968058968,236,"La ausencia bruta puede responder a edad, patrones de salto, no aplicabilidad o no respuesta."
"quest__OSQ100A","OSQ100A","Questionnaire",10175,9939,97.68058968058968,236,"La ausencia bruta puede responder a edad, patrones de salto, no aplicabilidad o no respuesta."
"quest__HIQ031F","HIQ031F","Questionnaire",10175,9935,97.64127764127764,240,"La ausencia bruta puede responder a edad, patrones de salto, no aplicabilidad o no respuesta."
"quest__FSD650ZW","FSD650ZW","Questionnaire",10175,9934,97.63144963144963,241,"La ausencia bruta puede responder a edad, patrones de salto, no aplicabilidad o no respuesta."
"quest__OSQ090B","OSQ090B","Questionnaire",10175,9933,97.62162162162163,242,"La ausencia bruta puede responder a edad, patrones de salto, no aplicabilidad o no respuesta."
"quest__OSQ120B","OSQ120B","Questionnaire",10175,9933,97.62162162162163,242,"La ausencia bruta puede responder a edad, patrones de salto, no aplicabilidad o no respuesta."
"quest__DUQ350U","DUQ350U","Questionnaire",10175,9930,97.59213759213759,245,"La ausencia bruta puede responder a edad, patrones de salto, no aplicabilidad o no respuesta."
"quest__DUQ340","DUQ340","Questionnaire",10175,9929,97.58230958230958,246,"La ausencia bruta puede responder a edad, patrones de salto, no aplicabilidad o no respuesta."
"quest__DUQ350Q","DUQ350Q","Questionnaire",10175,9929,97.58230958230958,246,"La ausencia bruta puede responder a edad, patrones de salto, no aplicabilidad o no respuesta."
"quest__DUQ352","DUQ352","Questionnaire",10175,9929,97.58230958230958,246,"La ausencia bruta puede responder a edad, patrones de salto, no aplicabilidad o no respuesta."
"quest__PAQ724H","PAQ724H","Questionnaire",10175,9923,97.52334152334153,252,"La ausencia bruta puede responder a edad, patrones de salto, no aplicabilidad o no respuesta."
"quest__CDQ004","CDQ004","Questionnaire",10175,9922,97.51351351351352,253,"La ausencia bruta puede responder a edad, patrones de salto, no aplicabilidad o no respuesta."
"quest__PAQ759B","PAQ759B","Questionnaire",10175,9922,97.51351351351352,253,"La ausencia bruta puede responder a edad, patrones de salto, no aplicabilidad o no respuesta."
"quest__OSQ180","OSQ180","Questionnaire",10175,9919,97.48402948402948,256,"La ausencia bruta puede responder a edad, patrones de salto, no aplicabilidad o no respuesta."
"quest__HIQ260","HIQ260","Questionnaire",10175,9915,97.44471744471744,260,"La ausencia bruta puede responder a edad, patrones de salto, no aplicabilidad o no respuesta."
"quest__HSQ580","HSQ580","Questionnaire",10175,9915,97.44471744471744,260,"La ausencia bruta puede responder a edad, patrones de salto, no aplicabilidad o no respuesta."
"quest__DBQ073B","DBQ073B","Questionnaire",10175,9913,97.42506142506143,262,"La ausencia bruta puede responder a edad, patrones de salto, no aplicabilidad o no respuesta."
"quest__PFQ063E","PFQ063E","Questionnaire",10175,9913,97.42506142506143,262,"La ausencia bruta puede responder a edad, patrones de salto, no aplicabilidad o no respuesta."
"quest__PAQ724W","PAQ724W","Questionnaire",10175,9903,97.32678132678133,272,"La ausencia bruta puede responder a edad, patrones de salto, no aplicabilidad o no respuesta."
"exam__CSQ260G","CSQ260G","Examination",10175,9892,97.21867321867322,283,"La ausencia bruta combina no participación en MEC, restricciones de edad y ausencia de la medición."
"exam__CSQ270","CSQ270","Examination",10175,9892,97.21867321867322,283,"La ausencia bruta combina no participación en MEC, restricciones de edad y ausencia de la medición."
"quest__CDQ003","CDQ003","Questionnaire",10175,9892,97.21867321867322,283,"La ausencia bruta puede responder a edad, patrones de salto, no aplicabilidad o no respuesta."
"quest__FSD102","FSD102","Questionnaire",10175,9892,97.21867321867322,283,"La ausencia bruta puede responder a edad, patrones de salto, no aplicabilidad o no respuesta."
"quest__RHQ560U","RHQ560U","Questionnaire",10175,9886,97.15970515970515,289,"La ausencia bruta puede responder a edad, patrones de salto, no aplicabilidad o no respuesta."
"quest__RHQ560Q","RHQ560Q","Questionnaire",10175,9880,97.1007371007371,295,"La ausencia bruta puede responder a edad, patrones de salto, no aplicabilidad o no respuesta."
"quest__RHQ332","RHQ332","Questionnaire",10175,9871,97.012285012285,304,"La ausencia bruta puede responder a edad, patrones de salto, no aplicabilidad o no respuesta."
"quest__OSD030BA","OSD030BA","Questionnaire",10175,9859,96.8943488943489,316,"La ausencia bruta puede responder a edad, patrones de salto, no aplicabilidad o no respuesta."
"quest__OSQ020B","OSQ020B","Questionnaire",10175,9859,96.8943488943489,316,"La ausencia bruta puede responder a edad, patrones de salto, no aplicabilidad o no respuesta."
"quest__OSQ040BA","OSQ040BA","Questionnaire",10175,9859,96.8943488943489,316,"La ausencia bruta puede responder a edad, patrones de salto, no aplicabilidad o no respuesta."
"exam__OHX27CSC","OHX27CSC","Examination",10175,9858,96.88452088452088,317,"La ausencia bruta combina no participación en MEC, restricciones de edad y ausencia de la medición."
"exam__PEASCCT1","PEASCCT1","Examination",10175,9855,96.85503685503686,320,"La ausencia bruta combina no participación en MEC, restricciones de edad y ausencia de la medición."
"quest__MCQ170K","MCQ170K","Questionnaire",10175,9855,96.85503685503686,320,"La ausencia bruta puede responder a edad, patrones de salto, no aplicabilidad o no respuesta."
"quest__MCQ180K","MCQ180K","Questionnaire",10175,9855,96.85503685503686,320,"La ausencia bruta puede responder a edad, patrones de salto, no aplicabilidad o no respuesta."
"quest__PAQ742","PAQ742","Questionnaire",10175,9855,96.85503685503686,320,"La ausencia bruta puede responder a edad, patrones de salto, no aplicabilidad o no respuesta."
"quest__OSQ072","OSQ072","Questionnaire",10175,9853,96.83538083538083,322,"La ausencia bruta puede responder a edad, patrones de salto, no aplicabilidad o no respuesta."
"quest__RHD173","RHD173","Questionnaire",10175,9840,96.70761670761671,335,"La ausencia bruta puede responder a edad, patrones de salto, no aplicabilidad o no respuesta."
"exam__OHX22CSC","OHX22CSC","Examination",10175,9834,96.64864864864865,341,"La ausencia bruta combina no participación en MEC, restricciones de edad y ausencia de la medición."
"exam__BMILEG","BMILEG","Examination",10175,9825,96.56019656019656,350,"La ausencia bruta combina no participación en MEC, restricciones de edad y ausencia de la medición."
"quest__PAQ724F","PAQ724F","Questionnaire",10175,9822,96.53071253071253,353,"La ausencia bruta puede responder a edad, patrones de salto, no aplicabilidad o no respuesta."
"exam__BMXSAD3","BMXSAD3","Examination",10175,9817,96.48157248157248,358,"La ausencia bruta combina no participación en MEC, restricciones de edad y ausencia de la medición."
"exam__BMXSAD4","BMXSAD4","Examination",10175,9817,96.48157248157248,358,"La ausencia bruta combina no participación en MEC, restricciones de edad y ausencia de la medición."
"exam__BMIARML","BMIARML","Examination",10175,9807,96.38329238329239,368,"La ausencia bruta combina no participación en MEC, restricciones de edad y ausencia de la medición."
"quest__DIQ175D","DIQ175D","Questionnaire",10175,9805,96.36363636363636,370,"La ausencia bruta puede responder a edad, patrones de salto, no aplicabilidad o no respuesta."
"lab__PHAGUMHR","PHAGUMHR","Labs",10175,9804,96.35380835380835,371,"La ausencia bruta combina no participación, restricciones de edad, submuestras y ausencia de la determinación."
"lab__PHAGUMMN","PHAGUMMN","Labs",10175,9804,96.35380835380835,371,"La ausencia bruta combina no participación, restricciones de edad, submuestras y ausencia de la determinación."
"exam__BMIARMC","BMIARMC","Examination",10175,9803,96.34398034398035,372,"La ausencia bruta combina no participación en MEC, restricciones de edad y ausencia de la medición."
"quest__ECQ150","ECQ150","Questionnaire",10175,9800,96.31449631449631,375,"La ausencia bruta puede responder a edad, patrones de salto, no aplicabilidad o no respuesta."
"exam__BMIWT","BMIWT","Examination",10175,9791,96.22604422604422,384,"La ausencia bruta combina no participación en MEC, restricciones de edad y ausencia de la medición."
"quest__PAQ724V","PAQ724V","Questionnaire",10175,9786,96.17690417690417,389,"La ausencia bruta puede responder a edad, patrones de salto, no aplicabilidad o no respuesta."
"quest__PAQ724Q","PAQ724Q","Questionnaire",10175,9784,96.15724815724816,391,"La ausencia bruta puede responder a edad, patrones de salto, no aplicabilidad o no respuesta."
"quest__WHD080E","WHD080E","Questionnaire",10175,9776,96.07862407862407,399,"La ausencia bruta puede responder a edad, patrones de salto, no aplicabilidad o no respuesta."
"quest__RHQ554","RHQ554","Questionnaire",10175,9768,96,407,"La ausencia bruta puede responder a edad, patrones de salto, no aplicabilidad o no respuesta."
"quest__RHQ570","RHQ570","Questionnaire",10175,9768,96,407,"La ausencia bruta puede responder a edad, patrones de salto, no aplicabilidad o no respuesta."
"quest__RHQ542A","RHQ542A","Questionnaire",10175,9767,95.99017199017199,408,"La ausencia bruta puede responder a edad, patrones de salto, no aplicabilidad o no respuesta."
"exam__CSQ260N","CSQ260N","Examination",10175,9754,95.86240786240786,421,"La ausencia bruta combina no participación en MEC, restricciones de edad y ausencia de la medición."
"quest__MCQ149","MCQ149","Questionnaire",10175,9743,95.75429975429975,432,"La ausencia bruta puede responder a edad, patrones de salto, no aplicabilidad o no respuesta."
"quest__OSQ160A","OSQ160A","Questionnaire",10175,9739,95.71498771498771,436,"La ausencia bruta puede responder a edad, patrones de salto, no aplicabilidad o no respuesta."
"exam__BMIWAIST","BMIWAIST","Examination",10175,9736,95.68550368550369,439,"La ausencia bruta combina no participación en MEC, restricciones de edad y ausencia de la medición."
"quest__PAQ724C","PAQ724C","Questionnaire",10175,9732,95.64619164619165,443,"La ausencia bruta puede responder a edad, patrones de salto, no aplicabilidad o no respuesta."
"quest__PFQ063D","PFQ063D","Questionnaire",10175,9726,95.58722358722359,449,"La ausencia bruta puede responder a edad, patrones de salto, no aplicabilidad o no respuesta."
"mort__DIABETES","DIABETES","Linked Mortality",10175,9708,95.41031941031942,467,"Ausencia principalmente estructural: estas variables solo se publican para determinados fallecidos."
"mort__HYPERTEN","HYPERTEN","Linked Mortality",10175,9708,95.41031941031942,467,"Ausencia principalmente estructural: estas variables solo se publican para determinados fallecidos."
"mort__UCOD_LEADING","UCOD_LEADING","Linked Mortality",10175,9708,95.41031941031942,467,"Ausencia principalmente estructural: estas variables solo se publican para determinados fallecidos."
"quest__PAQ724AA","PAQ724AA","Questionnaire",10175,9703,95.36117936117937,472,"La ausencia bruta puede responder a edad, patrones de salto, no aplicabilidad o no respuesta."
"exam__BMDSADCM","BMDSADCM","Examination",10175,9691,95.24324324324324,484,"La ausencia bruta combina no participación en MEC, restricciones de edad y ausencia de la medición."
"exam__BPXDI4","BPXDI4","Examination",10175,9660,94.93857493857494,515,"La ausencia bruta combina no participación en MEC, restricciones de edad y ausencia de la medición."
"exam__BPXSY4","BPXSY4","Examination",10175,9660,94.93857493857494,515,"La ausencia bruta combina no participación en MEC, restricciones de edad y ausencia de la medición."
"quest__DIQ280","DIQ280","Questionnaire",10175,9655,94.8894348894349,520,"La ausencia bruta puede responder a edad, patrones de salto, no aplicabilidad o no respuesta."
"quest__DIQ291","DIQ291","Questionnaire",10175,9655,94.8894348894349,520,"La ausencia bruta puede responder a edad, patrones de salto, no aplicabilidad o no respuesta."
"quest__DBQ223U","DBQ223U","Questionnaire",10175,9648,94.82063882063882,527,"La ausencia bruta puede responder a edad, patrones de salto, no aplicabilidad o no respuesta."
"dem__DMQADFC","DMQADFC","Demographic",10175,9632,94.66339066339066,543,"Ausencia de entrevista o no respuesta al ítem; no debe asumirse MCAR sin comprobar asociaciones observadas."
"quest__DIQ175B","DIQ175B","Questionnaire",10175,9629,94.63390663390663,546,"La ausencia bruta puede responder a edad, patrones de salto, no aplicabilidad o no respuesta."
"quest__MCQ230A","MCQ230A","Questionnaire",10175,9628,94.62407862407862,547,"La ausencia bruta puede responder a edad, patrones de salto, no aplicabilidad o no respuesta."
"quest__PAQ746","PAQ746","Questionnaire",10175,9619,94.53562653562653,556,"La ausencia bruta puede responder a edad, patrones de salto, no aplicabilidad o no respuesta."
"quest__PAQ748","PAQ748","Questionnaire",10175,9619,94.53562653562653,556,"La ausencia bruta puede responder a edad, patrones de salto, no aplicabilidad o no respuesta."
"exam__BPAEN4","BPAEN4","Examination",10175,9613,94.47665847665847,562,"La ausencia bruta combina no participación en MEC, restricciones de edad y ausencia de la medición."
"quest__HIQ031H","HIQ031H","Questionnaire",10175,9612,94.46683046683047,563,"La ausencia bruta puede responder a edad, patrones de salto, no aplicabilidad o no respuesta."
"quest__DID250","DID250","Questionnaire",10175,9610,94.44717444717445,565,"La ausencia bruta puede responder a edad, patrones de salto, no aplicabilidad o no respuesta."
"quest__RHQ291","RHQ291","Questionnaire",10175,9610,94.44717444717445,565,"La ausencia bruta puede responder a edad, patrones de salto, no aplicabilidad o no respuesta."
"quest__DUQ230","DUQ230","Questionnaire",10175,9605,94.3980343980344,570,"La ausencia bruta puede responder a edad, patrones de salto, no aplicabilidad o no respuesta."
"quest__DUQ270U","DUQ270U","Questionnaire",10175,9603,94.37837837837837,572,"La ausencia bruta puede responder a edad, patrones de salto, no aplicabilidad o no respuesta."
"quest__DUQ260","DUQ260","Questionnaire",10175,9601,94.35872235872236,574,"La ausencia bruta puede responder a edad, patrones de salto, no aplicabilidad o no respuesta."
"quest__DUQ270Q","DUQ270Q","Questionnaire",10175,9601,94.35872235872236,574,"La ausencia bruta puede responder a edad, patrones de salto, no aplicabilidad o no respuesta."
"quest__DUQ272","DUQ272","Questionnaire",10175,9601,94.35872235872236,574,"La ausencia bruta puede responder a edad, patrones de salto, no aplicabilidad o no respuesta."
"quest__SMQ852U","SMQ852U","Questionnaire",10175,9598,94.32923832923834,577,"La ausencia bruta puede responder a edad, patrones de salto, no aplicabilidad o no respuesta."
"quest__SMQ852Q","SMQ852Q","Questionnaire",10175,9595,94.2997542997543,580,"La ausencia bruta puede responder a edad, patrones de salto, no aplicabilidad o no respuesta."
"quest__SMQ848","SMQ848","Questionnaire",10175,9592,94.27027027027027,583,"La ausencia bruta puede responder a edad, patrones de salto, no aplicabilidad o no respuesta."
"quest__DIQ260U","DIQ260U","Questionnaire",10175,9584,94.19164619164619,591,"La ausencia bruta puede responder a edad, patrones de salto, no aplicabilidad o no respuesta."
"quest__DIQ350U","DIQ350U","Questionnaire",10175,9578,94.13267813267814,597,"La ausencia bruta puede responder a edad, patrones de salto, no aplicabilidad o no respuesta."
"quest__IMQ080","IMQ080","Questionnaire",10175,9575,94.1031941031941,600,"La ausencia bruta puede responder a edad, patrones de salto, no aplicabilidad o no respuesta."
"quest__MCQ170M","MCQ170M","Questionnaire",10175,9574,94.0933660933661,601,"La ausencia bruta puede responder a edad, patrones de salto, no aplicabilidad o no respuesta."
"quest__MCQ180M","MCQ180M","Questionnaire",10175,9574,94.0933660933661,601,"La ausencia bruta puede responder a edad, patrones de salto, no aplicabilidad o no respuesta."
"quest__PAQ724D","PAQ724D","Questionnaire",10175,9560,93.95577395577395,615,"La ausencia bruta puede responder a edad, patrones de salto, no aplicabilidad o no respuesta."
"exam__OHX06CSC","OHX06CSC","Examination",10175,9557,93.92628992628993,618,"La ausencia bruta combina no participación en MEC, restricciones de edad y ausencia de la medición."
"quest__DID330","DID330","Questionnaire",10175,9549,93.84766584766585,626,"La ausencia bruta puede responder a edad, patrones de salto, no aplicabilidad o no respuesta."
"quest__CSQ140","CSQ140","Questionnaire",10175,9515,93.51351351351352,660,"La ausencia bruta puede responder a edad, patrones de salto, no aplicabilidad o no respuesta."
"quest__PAQ679","PAQ679","Questionnaire",10175,9503,93.39557739557739,672,"La ausencia bruta puede responder a edad, patrones de salto, no aplicabilidad o no respuesta."
"dem__RIDAGEMN","RIDAGEMN","Demographic",10175,9502,93.38574938574939,673,"Ausencia de entrevista o no respuesta al ítem; no debe asumirse MCAR sin comprobar asociaciones observadas."
"exam__OHX11CSC","OHX11CSC","Examination",10175,9502,93.38574938574939,673,"La ausencia bruta combina no participación en MEC, restricciones de edad y ausencia de la medición."
"quest__PAQ677","PAQ677","Questionnaire",10175,9496,93.32678132678133,679,"La ausencia bruta puede responder a edad, patrones de salto, no aplicabilidad o no respuesta."
"quest__PAQ678","PAQ678","Questionnaire",10175,9496,93.32678132678133,679,"La ausencia bruta puede responder a edad, patrones de salto, no aplicabilidad o no respuesta."
"quest__PAQ740","PAQ740","Questionnaire",10175,9496,93.32678132678133,679,"La ausencia bruta puede responder a edad, patrones de salto, no aplicabilidad o no respuesta."
"quest__PAQ744","PAQ744","Questionnaire",10175,9496,93.32678132678133,679,"La ausencia bruta puede responder a edad, patrones de salto, no aplicabilidad o no respuesta."
"quest__SMQ868","SMQ868","Questionnaire",10175,9495,93.31695331695332,680,"La ausencia bruta puede responder a edad, patrones de salto, no aplicabilidad o no respuesta."
"quest__WHD080O","WHD080O","Questionnaire",10175,9486,93.22850122850123,689,"La ausencia bruta puede responder a edad, patrones de salto, no aplicabilidad o no respuesta."
"quest__PFQ063C","PFQ063C","Questionnaire",10175,9477,93.14004914004914,698,"La ausencia bruta puede responder a edad, patrones de salto, no aplicabilidad o no respuesta."
"quest__DUQ250","DUQ250","Questionnaire",10175,9452,92.8943488943489,723,"La ausencia bruta puede responder a edad, patrones de salto, no aplicabilidad o no respuesta."
"quest__DUQ290","DUQ290","Questionnaire",10175,9452,92.8943488943489,723,"La ausencia bruta puede responder a edad, patrones de salto, no aplicabilidad o no respuesta."
"quest__DUQ330","DUQ330","Questionnaire",10175,9452,92.8943488943489,723,"La ausencia bruta puede responder a edad, patrones de salto, no aplicabilidad o no respuesta."
"quest__DID341","DID341","Questionnaire",10175,9445,92.82555282555282,730,"La ausencia bruta puede responder a edad, patrones de salto, no aplicabilidad o no respuesta."
"quest__DID350","DID350","Questionnaire",10175,9445,92.82555282555282,730,"La ausencia bruta puede responder a edad, patrones de salto, no aplicabilidad o no respuesta."
"quest__DID310D","DID310D","Questionnaire",10175,9443,92.80589680589681,732,"La ausencia bruta puede responder a edad, patrones de salto, no aplicabilidad o no respuesta."
"quest__DID310S","DID310S","Questionnaire",10175,9443,92.80589680589681,732,"La ausencia bruta puede responder a edad, patrones de salto, no aplicabilidad o no respuesta."
"quest__DID320","DID320","Questionnaire",10175,9443,92.80589680589681,732,"La ausencia bruta puede responder a edad, patrones de salto, no aplicabilidad o no respuesta."
"quest__DIQ080","DIQ080","Questionnaire",10175,9443,92.80589680589681,732,"La ausencia bruta puede responder a edad, patrones de salto, no aplicabilidad o no respuesta."
"quest__DIQ300D","DIQ300D","Questionnaire",10175,9443,92.80589680589681,732,"La ausencia bruta puede responder a edad, patrones de salto, no aplicabilidad o no respuesta."
"quest__DIQ300S","DIQ300S","Questionnaire",10175,9443,92.80589680589681,732,"La ausencia bruta puede responder a edad, patrones de salto, no aplicabilidad o no respuesta."
"quest__DIQ360","DIQ360","Questionnaire",10175,9443,92.80589680589681,732,"La ausencia bruta puede responder a edad, patrones de salto, no aplicabilidad o no respuesta."
"quest__MCD093","MCD093","Questionnaire",10175,9443,92.80589680589681,732,"La ausencia bruta puede responder a edad, patrones de salto, no aplicabilidad o no respuesta."
"quest__DID260","DID260","Questionnaire",10175,9440,92.77641277641278,735,"La ausencia bruta puede responder a edad, patrones de salto, no aplicabilidad o no respuesta."
"quest__DID040","DID040","Questionnaire",10175,9438,92.75675675675676,737,"La ausencia bruta puede responder a edad, patrones de salto, no aplicabilidad o no respuesta."
"quest__DIQ230","DIQ230","Questionnaire",10175,9438,92.75675675675676,737,"La ausencia bruta puede responder a edad, patrones de salto, no aplicabilidad o no respuesta."
"quest__DIQ240","DIQ240","Questionnaire",10175,9438,92.75675675675676,737,"La ausencia bruta puede responder a edad, patrones de salto, no aplicabilidad o no respuesta."
"quest__DIQ275","DIQ275","Questionnaire",10175,9438,92.75675675675676,737,"La ausencia bruta puede responder a edad, patrones de salto, no aplicabilidad o no respuesta."
"quest__DBQ223D","DBQ223D","Questionnaire",10175,9429,92.66830466830467,746,"La ausencia bruta puede responder a edad, patrones de salto, no aplicabilidad o no respuesta."
"exam__MGQ110","MGQ110","Examination",10175,9420,92.57985257985258,755,"La ausencia bruta combina no participación en MEC, restricciones de edad y ausencia de la medición."
"exam__MGQ120","MGQ120","Examination",10175,9420,92.57985257985258,755,"La ausencia bruta combina no participación en MEC, restricciones de edad y ausencia de la medición."
"quest__CSQ060","CSQ060","Questionnaire",10175,9405,92.43243243243244,770,"La ausencia bruta puede responder a edad, patrones de salto, no aplicabilidad o no respuesta."
"quest__CSQ070","CSQ070","Questionnaire",10175,9405,92.43243243243244,770,"La ausencia bruta puede responder a edad, patrones de salto, no aplicabilidad o no respuesta."
"quest__PAD733","PAD733","Questionnaire",10175,9377,92.15724815724816,798,"La ausencia bruta puede responder a edad, patrones de salto, no aplicabilidad o no respuesta."
"quest__WHD080C","WHD080C","Questionnaire",10175,9373,92.11793611793611,802,"La ausencia bruta puede responder a edad, patrones de salto, no aplicabilidad o no respuesta."
"quest__SMDUPCA","SMDUPCA","Questionnaire",10175,9359,91.98034398034397,816,"La ausencia bruta puede responder a edad, patrones de salto, no aplicabilidad o no respuesta."
"quest__SMD100CO","SMD100CO","Questionnaire",10175,9347,91.86240786240786,828,"La ausencia bruta puede responder a edad, patrones de salto, no aplicabilidad o no respuesta."
"quest__SMD100NI","SMD100NI","Questionnaire",10175,9347,91.86240786240786,828,"La ausencia bruta puede responder a edad, patrones de salto, no aplicabilidad o no respuesta."
"quest__SMD100TR","SMD100TR","Questionnaire",10175,9347,91.86240786240786,828,"La ausencia bruta puede responder a edad, patrones de salto, no aplicabilidad o no respuesta."
"quest__FSD660ZC","FSD660ZC","Questionnaire",10175,9339,91.78378378378379,836,"La ausencia bruta puede responder a edad, patrones de salto, no aplicabilidad o no respuesta."
"quest__DBQ223C","DBQ223C","Questionnaire",10175,9301,91.41031941031942,874,"La ausencia bruta puede responder a edad, patrones de salto, no aplicabilidad o no respuesta."
"exam__OHX07CSC","OHX07CSC","Examination",10175,9298,91.38083538083538,877,"La ausencia bruta combina no participación en MEC, restricciones de edad y ausencia de la medición."
"quest__IMQ045","IMQ045","Questionnaire",10175,9298,91.38083538083538,877,"La ausencia bruta puede responder a edad, patrones de salto, no aplicabilidad o no respuesta."
"quest__IMQ090","IMQ090","Questionnaire",10175,9298,91.38083538083538,877,"La ausencia bruta puede responder a edad, patrones de salto, no aplicabilidad o no respuesta."
"quest__CDQ002","CDQ002","Questionnaire",10175,9296,91.36117936117937,879,"La ausencia bruta puede responder a edad, patrones de salto, no aplicabilidad o no respuesta."
"quest__CDQ008","CDQ008","Questionnaire",10175,9296,91.36117936117937,879,"La ausencia bruta puede responder a edad, patrones de salto, no aplicabilidad o no respuesta."
"quest__PAQ724AD","PAQ724AD","Questionnaire",10175,9294,91.34152334152334,881,"La ausencia bruta puede responder a edad, patrones de salto, no aplicabilidad o no respuesta."
"quest__WHD080B","WHD080B","Questionnaire",10175,9292,91.32186732186732,883,"La ausencia bruta puede responder a edad, patrones de salto, no aplicabilidad o no respuesta."
"exam__OHX09CSC","OHX09CSC","Examination",10175,9290,91.3022113022113,885,"La ausencia bruta combina no participación en MEC, restricciones de edad y ausencia de la medición."
"exam__OHX10CSC","OHX10CSC","Examination",10175,9258,90.987714987715,917,"La ausencia bruta combina no participación en MEC, restricciones de edad y ausencia de la medición."
"exam__OHX08CSC","OHX08CSC","Examination",10175,9257,90.97788697788698,918,"La ausencia bruta combina no participación en MEC, restricciones de edad y ausencia de la medición."
"quest__OSQ090A","OSQ090A","Questionnaire",10175,9253,90.93857493857494,922,"La ausencia bruta puede responder a edad, patrones de salto, no aplicabilidad o no respuesta."
"quest__OSQ120A","OSQ120A","Questionnaire",10175,9253,90.93857493857494,922,"La ausencia bruta puede responder a edad, patrones de salto, no aplicabilidad o no respuesta."
"quest__PAQ724S","PAQ724S","Questionnaire",10175,9249,90.8992628992629,926,"La ausencia bruta puede responder a edad, patrones de salto, no aplicabilidad o no respuesta."
"quest__HUD080","HUD080","Questionnaire",10175,9248,90.8894348894349,927,"La ausencia bruta puede responder a edad, patrones de salto, no aplicabilidad o no respuesta."
"quest__SXQ590","SXQ590","Questionnaire",10175,9245,90.85995085995086,930,"La ausencia bruta puede responder a edad, patrones de salto, no aplicabilidad o no respuesta."
"quest__SXQ600","SXQ600","Questionnaire",10175,9245,90.85995085995086,930,"La ausencia bruta puede responder a edad, patrones de salto, no aplicabilidad o no respuesta."
"quest__HIQ105","HIQ105","Questionnaire",10175,9241,90.82063882063882,934,"La ausencia bruta puede responder a edad, patrones de salto, no aplicabilidad o no respuesta."
"quest__AGQ030","AGQ030","Questionnaire",10175,9236,90.77149877149877,939,"La ausencia bruta puede responder a edad, patrones de salto, no aplicabilidad o no respuesta."
"quest__MCQ040","MCQ040","Questionnaire",10175,9236,90.77149877149877,939,"La ausencia bruta puede responder a edad, patrones de salto, no aplicabilidad o no respuesta."
"quest__MCQ050","MCQ050","Questionnaire",10175,9236,90.77149877149877,939,"La ausencia bruta puede responder a edad, patrones de salto, no aplicabilidad o no respuesta."
"quest__RHD143","RHD143","Questionnaire",10175,9236,90.77149877149877,939,"La ausencia bruta puede responder a edad, patrones de salto, no aplicabilidad o no respuesta."
"exam__MGQ080","MGQ080","Examination",10175,9234,90.75184275184276,941,"La ausencia bruta combina no participación en MEC, restricciones de edad y ausencia de la medición."
"exam__MGQ090","MGQ090","Examination",10175,9234,90.75184275184276,941,"La ausencia bruta combina no participación en MEC, restricciones de edad y ausencia de la medición."
"quest__DUQ215U","DUQ215U","Questionnaire",10175,9232,90.73218673218673,943,"La ausencia bruta puede responder a edad, patrones de salto, no aplicabilidad o no respuesta."
"quest__WHD080S","WHD080S","Questionnaire",10175,9232,90.73218673218673,943,"La ausencia bruta puede responder a edad, patrones de salto, no aplicabilidad o no respuesta."
"quest__DUQ215Q","DUQ215Q","Questionnaire",10175,9230,90.71253071253071,945,"La ausencia bruta puede responder a edad, patrones de salto, no aplicabilidad o no respuesta."
"quest__DUQ213","DUQ213","Questionnaire",10175,9222,90.63390663390663,953,"La ausencia bruta puede responder a edad, patrones de salto, no aplicabilidad o no respuesta."
"quest__DUQ217","DUQ217","Questionnaire",10175,9222,90.63390663390663,953,"La ausencia bruta puede responder a edad, patrones de salto, no aplicabilidad o no respuesta."
"quest__DUQ219","DUQ219","Questionnaire",10175,9222,90.63390663390663,953,"La ausencia bruta puede responder a edad, patrones de salto, no aplicabilidad o no respuesta."
"exam__CSQ241","CSQ241","Examination",10175,9196,90.37837837837837,979,"La ausencia bruta combina no participación en MEC, restricciones de edad y ausencia de la medición."
"quest__WHD080T","WHD080T","Questionnaire",10175,9179,90.21130221130221,996,"La ausencia bruta puede responder a edad, patrones de salto, no aplicabilidad o no respuesta."
"quest__SMQ078","SMQ078","Questionnaire",10175,9176,90.18181818181819,999,"La ausencia bruta puede responder a edad, patrones de salto, no aplicabilidad o no respuesta."
"quest__ACD110","ACD110","Questionnaire",10175,9168,90.1031941031941,1007,"La ausencia bruta puede responder a edad, patrones de salto, no aplicabilidad o no respuesta."
"quest__SMQ621","SMQ621","Questionnaire",10175,9168,90.1031941031941,1007,"La ausencia bruta puede responder a edad, patrones de salto, no aplicabilidad o no respuesta."
"quest__OCQ210","OCQ210","Questionnaire",10175,9164,90.06388206388206,1011,"La ausencia bruta puede responder a edad, patrones de salto, no aplicabilidad o no respuesta."
"quest__WHD080R","WHD080R","Questionnaire",10175,9153,89.95577395577395,1022,"La ausencia bruta puede responder a edad, patrones de salto, no aplicabilidad o no respuesta."
"quest__WHD080M","WHD080M","Questionnaire",10175,9142,89.84766584766585,1033,"La ausencia bruta puede responder a edad, patrones de salto, no aplicabilidad o no respuesta."
"quest__CBQ606","CBQ606","Questionnaire",10175,9121,89.64127764127764,1054,"La ausencia bruta puede responder a edad, patrones de salto, no aplicabilidad o no respuesta."
"quest__CBQ611","CBQ611","Questionnaire",10175,9121,89.64127764127764,1054,"La ausencia bruta puede responder a edad, patrones de salto, no aplicabilidad o no respuesta."
"exam__BMXRECUM","BMXRECUM","Examination",10175,9110,89.53316953316953,1065,"La ausencia bruta combina no participación en MEC, restricciones de edad y ausencia de la medición."
"quest__FSD111","FSD111","Questionnaire",10175,9096,89.39557739557739,1079,"La ausencia bruta puede responder a edad, patrones de salto, no aplicabilidad o no respuesta."
"quest__FSD122","FSD122","Questionnaire",10175,9096,89.39557739557739,1079,"La ausencia bruta puede responder a edad, patrones de salto, no aplicabilidad o no respuesta."
"quest__FSD141","FSD141","Questionnaire",10175,9096,89.39557739557739,1079,"La ausencia bruta puede responder a edad, patrones de salto, no aplicabilidad o no respuesta."
"quest__FSD146","FSD146","Questionnaire",10175,9096,89.39557739557739,1079,"La ausencia bruta puede responder a edad, patrones de salto, no aplicabilidad o no respuesta."
"quest__OHQ900","OHQ900","Questionnaire",10175,9091,89.34643734643734,1084,"La ausencia bruta puede responder a edad, patrones de salto, no aplicabilidad o no respuesta."
"quest__DBQ073A","DBQ073A","Questionnaire",10175,9085,89.28746928746929,1090,"La ausencia bruta puede responder a edad, patrones de salto, no aplicabilidad o no respuesta."
"quest__OHQ780A","OHQ780A","Questionnaire",10175,9085,89.28746928746929,1090,"La ausencia bruta puede responder a edad, patrones de salto, no aplicabilidad o no respuesta."
"quest__SMD100FL","SMD100FL","Questionnaire",10175,9084,89.27764127764128,1091,"La ausencia bruta puede responder a edad, patrones de salto, no aplicabilidad o no respuesta."
"quest__SMD100BR","SMD100BR","Questionnaire",10175,9083,89.26781326781327,1092,"La ausencia bruta puede responder a edad, patrones de salto, no aplicabilidad o no respuesta."
"quest__SMD100LN","SMD100LN","Questionnaire",10175,9083,89.26781326781327,1092,"La ausencia bruta puede responder a edad, patrones de salto, no aplicabilidad o no respuesta."
"quest__SMD100MN","SMD100MN","Questionnaire",10175,9083,89.26781326781327,1092,"La ausencia bruta puede responder a edad, patrones de salto, no aplicabilidad o no respuesta."
"quest__SXD630","SXD630","Questionnaire",10175,9078,89.21867321867322,1097,"La ausencia bruta puede responder a edad, patrones de salto, no aplicabilidad o no respuesta."
"quest__PFQ063B","PFQ063B","Questionnaire",10175,9060,89.04176904176904,1115,"La ausencia bruta puede responder a edad, patrones de salto, no aplicabilidad o no respuesta."
"quest__SMQ690A","SMQ690A","Questionnaire",10175,9056,89.002457002457,1119,"La ausencia bruta puede responder a edad, patrones de salto, no aplicabilidad o no respuesta."
"quest__SMQ710","SMQ710","Questionnaire",10175,9056,89.002457002457,1119,"La ausencia bruta puede responder a edad, patrones de salto, no aplicabilidad o no respuesta."
"quest__SMQ720","SMQ720","Questionnaire",10175,9056,89.002457002457,1119,"La ausencia bruta puede responder a edad, patrones de salto, no aplicabilidad o no respuesta."
"quest__SMQ725","SMQ725","Questionnaire",10175,9056,89.002457002457,1119,"La ausencia bruta puede responder a edad, patrones de salto, no aplicabilidad o no respuesta."
"quest__WHD080Q","WHD080Q","Questionnaire",10175,9054,88.98280098280098,1121,"La ausencia bruta puede responder a edad, patrones de salto, no aplicabilidad o no respuesta."
"quest__RXD530","RXD530","Questionnaire",10175,9042,88.86486486486487,1133,"La ausencia bruta puede responder a edad, patrones de salto, no aplicabilidad o no respuesta."
"quest__RXQ525G","RXQ525G","Questionnaire",10175,9042,88.86486486486487,1133,"La ausencia bruta puede responder a edad, patrones de salto, no aplicabilidad o no respuesta."
"quest__PAD615","PAD615","Questionnaire",10175,9007,88.52088452088452,1168,"La ausencia bruta puede responder a edad, patrones de salto, no aplicabilidad o no respuesta."
"quest__PAQ610","PAQ610","Questionnaire",10175,9003,88.48157248157248,1172,"La ausencia bruta puede responder a edad, patrones de salto, no aplicabilidad o no respuesta."
"quest__FSD052","FSD052","Questionnaire",10175,8986,88.31449631449631,1189,"La ausencia bruta puede responder a edad, patrones de salto, no aplicabilidad o no respuesta."
"quest__SXD642","SXD642","Questionnaire",10175,8981,88.26535626535626,1194,"La ausencia bruta puede responder a edad, patrones de salto, no aplicabilidad o no respuesta."
"quest__DIQ070","DIQ070","Questionnaire",10175,8975,88.20638820638821,1200,"La ausencia bruta puede responder a edad, patrones de salto, no aplicabilidad o no respuesta."
"quest__SMD055","SMD055","Questionnaire",10175,8960,88.05896805896806,1215,"La ausencia bruta puede responder a edad, patrones de salto, no aplicabilidad o no respuesta."
"quest__DBQ421","DBQ421","Questionnaire",10175,8959,88.04914004914005,1216,"La ausencia bruta puede responder a edad, patrones de salto, no aplicabilidad o no respuesta."
"quest__HIQ031B","HIQ031B","Questionnaire",10175,8949,87.95085995085995,1226,"La ausencia bruta puede responder a edad, patrones de salto, no aplicabilidad o no respuesta."
"quest__SMD093","SMD093","Questionnaire",10175,8943,87.89189189189189,1232,"La ausencia bruta puede responder a edad, patrones de salto, no aplicabilidad o no respuesta."
"exam__OHX21CSC","OHX21CSC","Examination",10175,8941,87.87223587223588,1234,"La ausencia bruta combina no participación en MEC, restricciones de edad y ausencia de la medición."
"quest__WHQ060","WHQ060","Questionnaire",10175,8936,87.82309582309583,1239,"La ausencia bruta puede responder a edad, patrones de salto, no aplicabilidad o no respuesta."
"quest__RHQ169","RHQ169","Questionnaire",10175,8934,87.8034398034398,1241,"La ausencia bruta puede responder a edad, patrones de salto, no aplicabilidad o no respuesta."
"quest__SMD650","SMD650","Questionnaire",10175,8927,87.73464373464374,1248,"La ausencia bruta puede responder a edad, patrones de salto, no aplicabilidad o no respuesta."
"lab__URXPREG","URXPREG","Labs",10175,8914,87.6068796068796,1261,"La ausencia bruta combina no participación, restricciones de edad, submuestras y ausencia de la determinación."
"quest__SMQ670","SMQ670","Questionnaire",10175,8914,87.6068796068796,1261,"La ausencia bruta puede responder a edad, patrones de salto, no aplicabilidad o no respuesta."
"quest__RXQ515","RXQ515","Questionnaire",10175,8891,87.38083538083538,1284,"La ausencia bruta puede responder a edad, patrones de salto, no aplicabilidad o no respuesta."
"quest__HUQ061","HUQ061","Questionnaire",10175,8888,87.35135135135135,1287,"La ausencia bruta puede responder a edad, patrones de salto, no aplicabilidad o no respuesta."
"quest__OHQ895","OHQ895","Questionnaire",10175,8886,87.33169533169533,1289,"La ausencia bruta puede responder a edad, patrones de salto, no aplicabilidad o no respuesta."
"quest__SMQ050U","SMQ050U","Questionnaire",10175,8885,87.32186732186732,1290,"La ausencia bruta puede responder a edad, patrones de salto, no aplicabilidad o no respuesta."
"exam__OHX28CSC","OHX28CSC","Examination",10175,8882,87.29238329238329,1293,"La ausencia bruta combina no participación en MEC, restricciones de edad y ausencia de la medición."
"quest__SMD480","SMD480","Questionnaire",10175,8868,87.15479115479116,1307,"La ausencia bruta puede responder a edad, patrones de salto, no aplicabilidad o no respuesta."
"dem__RIDEXPRG","RIDEXPRG","Demographic",10175,8866,87.13513513513513,1309,"Ausencia de entrevista o no respuesta al ítem; no debe asumirse MCAR sin comprobar asociaciones observadas."
"quest__SMD641","SMD641","Questionnaire",10175,8859,87.06633906633907,1316,"La ausencia bruta puede responder a edad, patrones de salto, no aplicabilidad o no respuesta."
"quest__DIQ175A","DIQ175A","Questionnaire",10175,8837,86.85012285012284,1338,"La ausencia bruta puede responder a edad, patrones de salto, no aplicabilidad o no respuesta."
"quest__SMD057","SMD057","Questionnaire",10175,8828,86.76167076167076,1347,"La ausencia bruta puede responder a edad, patrones de salto, no aplicabilidad o no respuesta."
"quest__SMQ050Q","SMQ050Q","Questionnaire",10175,8828,86.76167076167076,1347,"La ausencia bruta puede responder a edad, patrones de salto, no aplicabilidad o no respuesta."
"quest__DBD030","DBD030","Questionnaire",10175,8817,86.65356265356266,1358,"La ausencia bruta puede responder a edad, patrones de salto, no aplicabilidad o no respuesta."
"quest__DEQ038Q","DEQ038Q","Questionnaire",10175,8767,86.16216216216216,1408,"La ausencia bruta puede responder a edad, patrones de salto, no aplicabilidad o no respuesta."
"quest__RHD043","RHD043","Questionnaire",10175,8752,86.01474201474201,1423,"La ausencia bruta puede responder a edad, patrones de salto, no aplicabilidad o no respuesta."
"quest__RHQ060","RHQ060","Questionnaire",10175,8752,86.01474201474201,1423,"La ausencia bruta puede responder a edad, patrones de salto, no aplicabilidad o no respuesta."
"quest__BPQ100D","BPQ100D","Questionnaire",10175,8725,85.74938574938575,1450,"La ausencia bruta puede responder a edad, patrones de salto, no aplicabilidad o no respuesta."
"quest__PAQ766","PAQ766","Questionnaire",10175,8723,85.72972972972973,1452,"La ausencia bruta puede responder a edad, patrones de salto, no aplicabilidad o no respuesta."
"quest__ALQ141U","ALQ141U","Questionnaire",10175,8711,85.61179361179362,1464,"La ausencia bruta puede responder a edad, patrones de salto, no aplicabilidad o no respuesta."
"quest__PAQ764","PAQ764","Questionnaire",10175,8708,85.58230958230958,1467,"La ausencia bruta puede responder a edad, patrones de salto, no aplicabilidad o no respuesta."
"quest__WHQ030M","WHQ030M","Questionnaire",10175,8697,85.47420147420148,1478,"La ausencia bruta puede responder a edad, patrones de salto, no aplicabilidad o no respuesta."
"quest__WHQ500","WHQ500","Questionnaire",10175,8697,85.47420147420148,1478,"La ausencia bruta puede responder a edad, patrones de salto, no aplicabilidad o no respuesta."
"quest__WHQ520","WHQ520","Questionnaire",10175,8697,85.47420147420148,1478,"La ausencia bruta puede responder a edad, patrones de salto, no aplicabilidad o no respuesta."
"quest__MCQ180A","MCQ180A","Questionnaire",10175,8667,85.17936117936118,1508,"La ausencia bruta puede responder a edad, patrones de salto, no aplicabilidad o no respuesta."
"quest__MCQ195","MCQ195","Questionnaire",10175,8667,85.17936117936118,1508,"La ausencia bruta puede responder a edad, patrones de salto, no aplicabilidad o no respuesta."
"quest__MCQ025","MCQ025","Questionnaire",10175,8637,84.88452088452088,1538,"La ausencia bruta puede responder a edad, patrones de salto, no aplicabilidad o no respuesta."
"quest__MCQ035","MCQ035","Questionnaire",10175,8637,84.88452088452088,1538,"La ausencia bruta puede responder a edad, patrones de salto, no aplicabilidad o no respuesta."
"quest__SXQ627","SXQ627","Questionnaire",10175,8606,84.57985257985258,1569,"La ausencia bruta puede responder a edad, patrones de salto, no aplicabilidad o no respuesta."
"quest__PAQ762","PAQ762","Questionnaire",10175,8597,84.4914004914005,1578,"La ausencia bruta puede responder a edad, patrones de salto, no aplicabilidad o no respuesta."
"quest__BPD058","BPD058","Questionnaire",10175,8596,84.48157248157248,1579,"La ausencia bruta puede responder a edad, patrones de salto, no aplicabilidad o no respuesta."
"quest__FSD092","FSD092","Questionnaire",10175,8594,84.46191646191646,1581,"La ausencia bruta puede responder a edad, patrones de salto, no aplicabilidad o no respuesta."
"quest__SXD621","SXD621","Questionnaire",10175,8593,84.45208845208845,1582,"La ausencia bruta puede responder a edad, patrones de salto, no aplicabilidad o no respuesta."
"quest__SXQ624","SXQ624","Questionnaire",10175,8593,84.45208845208845,1582,"La ausencia bruta puede responder a edad, patrones de salto, no aplicabilidad o no respuesta."
"quest__SXD633","SXD633","Questionnaire",10175,8587,84.3931203931204,1588,"La ausencia bruta puede responder a edad, patrones de salto, no aplicabilidad o no respuesta."
"quest__SXQ636","SXQ636","Questionnaire",10175,8587,84.3931203931204,1588,"La ausencia bruta puede responder a edad, patrones de salto, no aplicabilidad o no respuesta."
"quest__SXQ639","SXQ639","Questionnaire",10175,8587,84.3931203931204,1588,"La ausencia bruta puede responder a edad, patrones de salto, no aplicabilidad o no respuesta."
"exam__CSXSLTRG","CSXSLTRG","Examination",10175,8580,84.32432432432432,1595,"La ausencia bruta combina no participación en MEC, restricciones de edad y ausencia de la medición."
"exam__CSXSLTRT","CSXSLTRT","Examination",10175,8580,84.32432432432432,1595,"La ausencia bruta combina no participación en MEC, restricciones de edad y ausencia de la medición."
"quest__FSD650ZC","FSD650ZC","Questionnaire",10175,8572,84.24570024570025,1603,"La ausencia bruta puede responder a edad, patrones de salto, no aplicabilidad o no respuesta."
"exam__CSXNARG","CSXNARG","Examination",10175,8562,84.14742014742015,1613,"La ausencia bruta combina no participación en MEC, restricciones de edad y ausencia de la medición."
"exam__CSXNART","CSXNART","Examination",10175,8562,84.14742014742015,1613,"La ausencia bruta combina no participación en MEC, restricciones de edad y ausencia de la medición."
"quest__SXQ827","SXQ827","Questionnaire",10175,8553,84.05896805896806,1622,"La ausencia bruta puede responder a edad, patrones de salto, no aplicabilidad o no respuesta."
"quest__SXQ824","SXQ824","Questionnaire",10175,8552,84.04914004914005,1623,"La ausencia bruta puede responder a edad, patrones de salto, no aplicabilidad o no respuesta."
"quest__CBQ585","CBQ585","Questionnaire",10175,8547,84,1628,"La ausencia bruta puede responder a edad, patrones de salto, no aplicabilidad o no respuesta."
"quest__ALQ110","ALQ110","Questionnaire",10175,8544,83.97051597051598,1631,"La ausencia bruta puede responder a edad, patrones de salto, no aplicabilidad o no respuesta."
"quest__DBQ424","DBQ424","Questionnaire",10175,8540,83.93120393120392,1635,"La ausencia bruta puede responder a edad, patrones de salto, no aplicabilidad o no respuesta."
"quest__FSQ695","FSQ695","Questionnaire",10175,8532,83.85257985257985,1643,"La ausencia bruta puede responder a edad, patrones de salto, no aplicabilidad o no respuesta."
"quest__RHD180","RHD180","Questionnaire",10175,8523,83.76412776412776,1652,"La ausencia bruta puede responder a edad, patrones de salto, no aplicabilidad o no respuesta."
"quest__DBD050","DBD050","Questionnaire",10175,8522,83.75429975429975,1653,"La ausencia bruta puede responder a edad, patrones de salto, no aplicabilidad o no respuesta."
"exam__OHX12CSC","OHX12CSC","Examination",10175,8509,83.62653562653563,1666,"La ausencia bruta combina no participación en MEC, restricciones de edad y ausencia de la medición."
"exam__OHX05CSC","OHX05CSC","Examination",10175,8505,83.58722358722359,1670,"La ausencia bruta combina no participación en MEC, restricciones de edad y ausencia de la medición."
"quest__SXQ280","SXQ280","Questionnaire",10175,8493,83.46928746928747,1682,"La ausencia bruta puede responder a edad, patrones de salto, no aplicabilidad o no respuesta."
"quest__CSQ160","CSQ160","Questionnaire",10175,8489,83.42997542997543,1686,"La ausencia bruta puede responder a edad, patrones de salto, no aplicabilidad o no respuesta."
"quest__CSQ180","CSQ180","Questionnaire",10175,8489,83.42997542997543,1686,"La ausencia bruta puede responder a edad, patrones de salto, no aplicabilidad o no respuesta."
"quest__CSQ190","CSQ190","Questionnaire",10175,8489,83.42997542997543,1686,"La ausencia bruta puede responder a edad, patrones de salto, no aplicabilidad o no respuesta."
"quest__WHD080A","WHD080A","Questionnaire",10175,8482,83.36117936117937,1693,"La ausencia bruta puede responder a edad, patrones de salto, no aplicabilidad o no respuesta."
"quest__DBD061","DBD061","Questionnaire",10175,8456,83.1056511056511,1719,"La ausencia bruta puede responder a edad, patrones de salto, no aplicabilidad o no respuesta."
"quest__SXQ724","SXQ724","Questionnaire",10175,8396,82.51597051597052,1779,"La ausencia bruta puede responder a edad, patrones de salto, no aplicabilidad o no respuesta."
"quest__SXQ727","SXQ727","Questionnaire",10175,8396,82.51597051597052,1779,"La ausencia bruta puede responder a edad, patrones de salto, no aplicabilidad o no respuesta."
"quest__SXQ292","SXQ292","Questionnaire",10175,8385,82.40786240786241,1790,"La ausencia bruta puede responder a edad, patrones de salto, no aplicabilidad o no respuesta."
"quest__SXD510","SXD510","Questionnaire",10175,8380,82.35872235872236,1795,"La ausencia bruta puede responder a edad, patrones de salto, no aplicabilidad o no respuesta."
"quest__SXQ753","SXQ753","Questionnaire",10175,8377,82.32923832923834,1798,"La ausencia bruta puede responder a edad, patrones de salto, no aplicabilidad o no respuesta."
"quest__BPQ050A","BPQ050A","Questionnaire",10175,8360,82.16216216216216,1815,"La ausencia bruta puede responder a edad, patrones de salto, no aplicabilidad o no respuesta."
"quest__PFQ063A","PFQ063A","Questionnaire",10175,8351,82.07371007371007,1824,"La ausencia bruta puede responder a edad, patrones de salto, no aplicabilidad o no respuesta."
"quest__WHD080D","WHD080D","Questionnaire",10175,8345,82.01474201474201,1830,"La ausencia bruta puede responder a edad, patrones de salto, no aplicabilidad o no respuesta."
"quest__DBQ301","DBQ301","Questionnaire",10175,8335,81.91646191646191,1840,"La ausencia bruta puede responder a edad, patrones de salto, no aplicabilidad o no respuesta."
"quest__DBQ330","DBQ330","Questionnaire",10175,8335,81.91646191646191,1840,"La ausencia bruta puede responder a edad, patrones de salto, no aplicabilidad o no respuesta."
"quest__MCQ084","MCQ084","Questionnaire",10175,8335,81.91646191646191,1840,"La ausencia bruta puede responder a edad, patrones de salto, no aplicabilidad o no respuesta."
"quest__MCQ380","MCQ380","Questionnaire",10175,8335,81.91646191646191,1840,"La ausencia bruta puede responder a edad, patrones de salto, no aplicabilidad o no respuesta."
"lab__URDFLOW2","URDFLOW2","Labs",10175,8320,81.76904176904176,1855,"La ausencia bruta combina no participación, restricciones de edad, submuestras y ausencia de la determinación."
"lab__URXVOL2","URXVOL2","Labs",10175,8319,81.75921375921376,1856,"La ausencia bruta combina no participación, restricciones de edad, submuestras y ausencia de la determinación."
"quest__DBD041","DBD041","Questionnaire",10175,8310,81.67076167076166,1865,"La ausencia bruta puede responder a edad, patrones de salto, no aplicabilidad o no respuesta."
"quest__DBD055","DBD055","Questionnaire",10175,8310,81.67076167076166,1865,"La ausencia bruta puede responder a edad, patrones de salto, no aplicabilidad o no respuesta."
"quest__DBQ010","DBQ010","Questionnaire",10175,8310,81.67076167076166,1865,"La ausencia bruta puede responder a edad, patrones de salto, no aplicabilidad o no respuesta."
"quest__ALQ160","ALQ160","Questionnaire",10175,8309,81.66093366093367,1866,"La ausencia bruta puede responder a edad, patrones de salto, no aplicabilidad o no respuesta."
"quest__SXQ294","SXQ294","Questionnaire",10175,8276,81.33660933660934,1899,"La ausencia bruta puede responder a edad, patrones de salto, no aplicabilidad o no respuesta."
"quest__SXD450","SXD450","Questionnaire",10175,8273,81.3071253071253,1902,"La ausencia bruta puede responder a edad, patrones de salto, no aplicabilidad o no respuesta."
"dem__DMDYRSUS","DMDYRSUS","Demographic",10175,8267,81.24815724815724,1908,"Ausencia de entrevista o no respuesta al ítem; no debe asumirse MCAR sin comprobar asociaciones observadas."
"quest__RHQ074","RHQ074","Questionnaire",10175,8246,81.04176904176904,1929,"La ausencia bruta puede responder a edad, patrones de salto, no aplicabilidad o no respuesta."
"quest__RHQ076","RHQ076","Questionnaire",10175,8246,81.04176904176904,1929,"La ausencia bruta puede responder a edad, patrones de salto, no aplicabilidad o no respuesta."
"quest__RHQ078","RHQ078","Questionnaire",10175,8246,81.04176904176904,1929,"La ausencia bruta puede responder a edad, patrones de salto, no aplicabilidad o no respuesta."
"exam__BPXCHR","BPXCHR","Examination",10175,8214,80.72727272727273,1961,"La ausencia bruta combina no participación en MEC, restricciones de edad y ausencia de la medición."
"quest__DUQ220U","DUQ220U","Questionnaire",10175,8193,80.52088452088452,1982,"La ausencia bruta puede responder a edad, patrones de salto, no aplicabilidad o no respuesta."
"quest__DUQ220Q","DUQ220Q","Questionnaire",10175,8188,80.47174447174447,1987,"La ausencia bruta puede responder a edad, patrones de salto, no aplicabilidad o no respuesta."
"quest__DUQ211","DUQ211","Questionnaire",10175,8185,80.44226044226045,1990,"La ausencia bruta puede responder a edad, patrones de salto, no aplicabilidad o no respuesta."
"quest__DUQ210","DUQ210","Questionnaire",10175,8184,80.43243243243244,1991,"La ausencia bruta puede responder a edad, patrones de salto, no aplicabilidad o no respuesta."
"lab__LBXHP2C","LBXHP2C","Labs",10175,8180,80.3931203931204,1995,"La ausencia bruta combina no participación, restricciones de edad, submuestras y ausencia de la determinación."
"quest__PFQ061B","PFQ061B","Questionnaire",10175,8172,80.31449631449631,2003,"La ausencia bruta puede responder a edad, patrones de salto, no aplicabilidad o no respuesta."
"quest__PFQ061C","PFQ061C","Questionnaire",10175,8172,80.31449631449631,2003,"La ausencia bruta puede responder a edad, patrones de salto, no aplicabilidad o no respuesta."
"exam__OHX13CSC","OHX13CSC","Examination",10175,8167,80.26535626535626,2008,"La ausencia bruta combina no participación en MEC, restricciones de edad y ausencia de la medición."
"quest__DUQ430","DUQ430","Questionnaire",10175,8161,80.20638820638821,2014,"La ausencia bruta puede responder a edad, patrones de salto, no aplicabilidad o no respuesta."
"exam__OHX04CSC","OHX04CSC","Examination",10175,8143,80.02948402948402,2032,"La ausencia bruta combina no participación en MEC, restricciones de edad y ausencia de la medición."
"exam__OHX20CSC","OHX20CSC","Examination",10175,8143,80.02948402948402,2032,"La ausencia bruta combina no participación en MEC, restricciones de edad y ausencia de la medición."
"quest__PAD645","PAD645","Questionnaire",10175,8132,79.92137592137593,2043,"La ausencia bruta puede responder a edad, patrones de salto, no aplicabilidad o no respuesta."
"quest__PAQ640","PAQ640","Questionnaire",10175,8128,79.88206388206389,2047,"La ausencia bruta puede responder a edad, patrones de salto, no aplicabilidad o no respuesta."
"exam__OHX29CSC","OHX29CSC","Examination",10175,8122,79.82309582309583,2053,"La ausencia bruta combina no participación en MEC, restricciones de edad y ausencia de la medición."
"quest__RHD190","RHD190","Questionnaire",10175,8121,79.81326781326781,2054,"La ausencia bruta puede responder a edad, patrones de salto, no aplicabilidad o no respuesta."
"quest__PAD660","PAD660","Questionnaire",10175,8120,79.8034398034398,2055,"La ausencia bruta puede responder a edad, patrones de salto, no aplicabilidad o no respuesta."
"quest__PAQ655","PAQ655","Questionnaire",10175,8117,79.77395577395578,2058,"La ausencia bruta puede responder a edad, patrones de salto, no aplicabilidad o no respuesta."
"quest__RHQ171","RHQ171","Questionnaire",10175,8094,79.54791154791155,2081,"La ausencia bruta puede responder a edad, patrones de salto, no aplicabilidad o no respuesta."
"quest__RHQ172","RHQ172","Questionnaire",10175,8094,79.54791154791155,2081,"La ausencia bruta puede responder a edad, patrones de salto, no aplicabilidad o no respuesta."
"quest__CBQ540","CBQ540","Questionnaire",10175,8073,79.34152334152334,2102,"La ausencia bruta puede responder a edad, patrones de salto, no aplicabilidad o no respuesta."
"quest__DED120","DED120","Questionnaire",10175,8071,79.32186732186732,2104,"La ausencia bruta puede responder a edad, patrones de salto, no aplicabilidad o no respuesta."
"quest__DBQ390","DBQ390","Questionnaire",10175,8063,79.24324324324324,2112,"La ausencia bruta puede responder a edad, patrones de salto, no aplicabilidad o no respuesta."
"quest__BPD035","BPD035","Questionnaire",10175,8011,78.73218673218673,2164,"La ausencia bruta puede responder a edad, patrones de salto, no aplicabilidad o no respuesta."
"lab__LBDMPAHL","LBDMPAHL","Labs",10175,8007,78.6928746928747,2168,"La ausencia bruta combina no participación, restricciones de edad, submuestras y ausencia de la determinación."
"lab__LBDPFBSL","LBDPFBSL","Labs",10175,8007,78.6928746928747,2168,"La ausencia bruta combina no participación, restricciones de edad, submuestras y ausencia de la determinación."
"lab__LBDPFDEL","LBDPFDEL","Labs",10175,8007,78.6928746928747,2168,"La ausencia bruta combina no participación, restricciones de edad, submuestras y ausencia de la determinación."
"lab__LBDPFDOL","LBDPFDOL","Labs",10175,8007,78.6928746928747,2168,"La ausencia bruta combina no participación, restricciones de edad, submuestras y ausencia de la determinación."
"lab__LBDPFHPL","LBDPFHPL","Labs",10175,8007,78.6928746928747,2168,"La ausencia bruta combina no participación, restricciones de edad, submuestras y ausencia de la determinación."
"lab__LBDPFHSL","LBDPFHSL","Labs",10175,8007,78.6928746928747,2168,"La ausencia bruta combina no participación, restricciones de edad, submuestras y ausencia de la determinación."
"lab__LBDPFNAL","LBDPFNAL","Labs",10175,8007,78.6928746928747,2168,"La ausencia bruta combina no participación, restricciones de edad, submuestras y ausencia de la determinación."
"lab__LBDPFUAL","LBDPFUAL","Labs",10175,8007,78.6928746928747,2168,"La ausencia bruta combina no participación, restricciones de edad, submuestras y ausencia de la determinación."
"lab__LBXMPAH","LBXMPAH","Labs",10175,8007,78.6928746928747,2168,"La ausencia bruta combina no participación, restricciones de edad, submuestras y ausencia de la determinación."
"lab__LBXPFBS","LBXPFBS","Labs",10175,8007,78.6928746928747,2168,"La ausencia bruta combina no participación, restricciones de edad, submuestras y ausencia de la determinación."
"lab__LBXPFDE","LBXPFDE","Labs",10175,8007,78.6928746928747,2168,"La ausencia bruta combina no participación, restricciones de edad, submuestras y ausencia de la determinación."
"lab__LBXPFDO","LBXPFDO","Labs",10175,8007,78.6928746928747,2168,"La ausencia bruta combina no participación, restricciones de edad, submuestras y ausencia de la determinación."
"lab__LBXPFHP","LBXPFHP","Labs",10175,8007,78.6928746928747,2168,"La ausencia bruta combina no participación, restricciones de edad, submuestras y ausencia de la determinación."
"lab__LBXPFHS","LBXPFHS","Labs",10175,8007,78.6928746928747,2168,"La ausencia bruta combina no participación, restricciones de edad, submuestras y ausencia de la determinación."
"lab__LBXPFNA","LBXPFNA","Labs",10175,8007,78.6928746928747,2168,"La ausencia bruta combina no participación, restricciones de edad, submuestras y ausencia de la determinación."
"lab__LBXPFUA","LBXPFUA","Labs",10175,8007,78.6928746928747,2168,"La ausencia bruta combina no participación, restricciones de edad, submuestras y ausencia de la determinación."
"lab__URXUCL","URXUCL","Labs",10175,8001,78.63390663390663,2174,"La ausencia bruta combina no participación, restricciones de edad, submuestras y ausencia de la determinación."
"quest__BPQ030","BPQ030","Questionnaire",10175,8001,78.63390663390663,2174,"La ausencia bruta puede responder a edad, patrones de salto, no aplicabilidad o no respuesta."
"quest__BPQ040A","BPQ040A","Questionnaire",10175,8001,78.63390663390663,2174,"La ausencia bruta puede responder a edad, patrones de salto, no aplicabilidad o no respuesta."
"quest__RHQ166","RHQ166","Questionnaire",10175,7999,78.61425061425061,2176,"La ausencia bruta puede responder a edad, patrones de salto, no aplicabilidad o no respuesta."
"quest__RHQ160","RHQ160","Questionnaire",10175,7982,78.44717444717445,2193,"La ausencia bruta puede responder a edad, patrones de salto, no aplicabilidad o no respuesta."
"quest__RHQ162","RHQ162","Questionnaire",10175,7982,78.44717444717445,2193,"La ausencia bruta puede responder a edad, patrones de salto, no aplicabilidad o no respuesta."
"quest__SXD171","SXD171","Questionnaire",10175,7978,78.40786240786241,2197,"La ausencia bruta puede responder a edad, patrones de salto, no aplicabilidad o no respuesta."
"quest__SXQ800","SXQ800","Questionnaire",10175,7977,78.3980343980344,2198,"La ausencia bruta puede responder a edad, patrones de salto, no aplicabilidad o no respuesta."
"quest__SXQ803","SXQ803","Questionnaire",10175,7977,78.3980343980344,2198,"La ausencia bruta puede responder a edad, patrones de salto, no aplicabilidad o no respuesta."
"quest__SXQ806","SXQ806","Questionnaire",10175,7977,78.3980343980344,2198,"La ausencia bruta puede responder a edad, patrones de salto, no aplicabilidad o no respuesta."
"quest__SXQ809","SXQ809","Questionnaire",10175,7977,78.3980343980344,2198,"La ausencia bruta puede responder a edad, patrones de salto, no aplicabilidad o no respuesta."
"quest__PAQ750","PAQ750","Questionnaire",10175,7925,77.88697788697789,2250,"La ausencia bruta puede responder a edad, patrones de salto, no aplicabilidad o no respuesta."
"quest__SXQ645","SXQ645","Questionnaire",10175,7922,77.85749385749386,2253,"La ausencia bruta puede responder a edad, patrones de salto, no aplicabilidad o no respuesta."
"quest__PAQ731","PAQ731","Questionnaire",10175,7918,77.81818181818181,2257,"La ausencia bruta puede responder a edad, patrones de salto, no aplicabilidad o no respuesta."
"quest__PAQ755","PAQ755","Questionnaire",10175,7918,77.81818181818181,2257,"La ausencia bruta puede responder a edad, patrones de salto, no aplicabilidad o no respuesta."
"quest__PAQ770","PAQ770","Questionnaire",10175,7918,77.81818181818181,2257,"La ausencia bruta puede responder a edad, patrones de salto, no aplicabilidad o no respuesta."
"quest__PAD630","PAD630","Questionnaire",10175,7876,77.4054054054054,2299,"La ausencia bruta puede responder a edad, patrones de salto, no aplicabilidad o no respuesta."
"quest__PAQ625","PAQ625","Questionnaire",10175,7868,77.32678132678133,2307,"La ausencia bruta puede responder a edad, patrones de salto, no aplicabilidad o no respuesta."
"lab__LBDPFL","LBDPFL","Labs",10175,7850,77.14987714987716,2325,"La ausencia bruta combina no participación, restricciones de edad, submuestras y ausencia de la determinación."
"quest__DBD411","DBD411","Questionnaire",10175,7840,77.05159705159706,2335,"La ausencia bruta puede responder a edad, patrones de salto, no aplicabilidad o no respuesta."
"quest__SXQ703","SXQ703","Questionnaire",10175,7837,77.02211302211302,2338,"La ausencia bruta puede responder a edad, patrones de salto, no aplicabilidad o no respuesta."
"quest__SXQ706","SXQ706","Questionnaire",10175,7837,77.02211302211302,2338,"La ausencia bruta puede responder a edad, patrones de salto, no aplicabilidad o no respuesta."
"quest__SXQ709","SXQ709","Questionnaire",10175,7837,77.02211302211302,2338,"La ausencia bruta puede responder a edad, patrones de salto, no aplicabilidad o no respuesta."
"quest__SXD101","SXD101","Questionnaire",10175,7836,77.012285012285,2339,"La ausencia bruta puede responder a edad, patrones de salto, no aplicabilidad o no respuesta."
"quest__SXQ700","SXQ700","Questionnaire",10175,7836,77.012285012285,2339,"La ausencia bruta puede responder a edad, patrones de salto, no aplicabilidad o no respuesta."
"lab__LBDGLTSI","LBDGLTSI","Labs",10175,7830,76.95331695331696,2345,"La ausencia bruta combina no participación, restricciones de edad, submuestras y ausencia de la determinación."
"lab__LBXGLT","LBXGLT","Labs",10175,7830,76.95331695331696,2345,"La ausencia bruta combina no participación, restricciones de edad, submuestras y ausencia de la determinación."
"lab__GTDBL2MN","GTDBL2MN","Labs",10175,7829,76.94348894348894,2346,"La ausencia bruta combina no participación, restricciones de edad, submuestras y ausencia de la determinación."
"lab__GTDDR2MN","GTDDR2MN","Labs",10175,7829,76.94348894348894,2346,"La ausencia bruta combina no participación, restricciones de edad, submuestras y ausencia de la determinación."
"quest__ACD040","ACD040","Questionnaire",10175,7801,76.66830466830467,2374,"La ausencia bruta puede responder a edad, patrones de salto, no aplicabilidad o no respuesta."
"exam__OHX02CSC","OHX02CSC","Examination",10175,7800,76.65847665847666,2375,"La ausencia bruta combina no participación en MEC, restricciones de edad y ausencia de la medición."
"exam__OHX15CSC","OHX15CSC","Examination",10175,7798,76.63882063882063,2377,"La ausencia bruta combina no participación en MEC, restricciones de edad y ausencia de la medición."
"quest__HIQ031D","HIQ031D","Questionnaire",10175,7773,76.3931203931204,2402,"La ausencia bruta puede responder a edad, patrones de salto, no aplicabilidad o no respuesta."
"lab__GTDDR1MN","GTDDR1MN","Labs",10175,7766,76.32432432432432,2409,"La ausencia bruta combina no participación, restricciones de edad, submuestras y ausencia de la determinación."
"lab__GTDSCMMN","GTDSCMMN","Labs",10175,7766,76.32432432432432,2409,"La ausencia bruta combina no participación, restricciones de edad, submuestras y ausencia de la determinación."
"quest__SMD470","SMD470","Questionnaire",10175,7723,75.9017199017199,2452,"La ausencia bruta puede responder a edad, patrones de salto, no aplicabilidad o no respuesta."
"lab__GTXDRANK","GTXDRANK","Labs",10175,7661,75.29238329238329,2514,"La ausencia bruta combina no participación, restricciones de edad, submuestras y ausencia de la determinación."
"lab__LBDSSESI","LBDSSESI","Labs",10175,7656,75.24324324324324,2519,"La ausencia bruta combina no participación, restricciones de edad, submuestras y ausencia de la determinación."
"lab__LBDSZNSI","LBDSZNSI","Labs",10175,7656,75.24324324324324,2519,"La ausencia bruta combina no participación, restricciones de edad, submuestras y ausencia de la determinación."
"lab__LBXSSE","LBXSSE","Labs",10175,7656,75.24324324324324,2519,"La ausencia bruta combina no participación, restricciones de edad, submuestras y ausencia de la determinación."
"lab__LBXSZN","LBXSZN","Labs",10175,7656,75.24324324324324,2519,"La ausencia bruta combina no participación, restricciones de edad, submuestras y ausencia de la determinación."
"lab__LBDSCUSI","LBDSCUSI","Labs",10175,7655,75.23341523341523,2520,"La ausencia bruta combina no participación, restricciones de edad, submuestras y ausencia de la determinación."
"lab__LBXSCU","LBXSCU","Labs",10175,7655,75.23341523341523,2520,"La ausencia bruta combina no participación, restricciones de edad, submuestras y ausencia de la determinación."
"quest__RXQ520","RXQ520","Questionnaire",10175,7644,75.12530712530713,2531,"La ausencia bruta puede responder a edad, patrones de salto, no aplicabilidad o no respuesta."
"quest__FSD680","FSD680","Questionnaire",10175,7608,74.77149877149877,2567,"La ausencia bruta puede responder a edad, patrones de salto, no aplicabilidad o no respuesta."
"quest__SMD030","SMD030","Questionnaire",10175,7596,74.65356265356266,2579,"La ausencia bruta puede responder a edad, patrones de salto, no aplicabilidad o no respuesta."
"quest__SMQ040","SMQ040","Questionnaire",10175,7596,74.65356265356266,2579,"La ausencia bruta puede responder a edad, patrones de salto, no aplicabilidad o no respuesta."
"quest__DBD381","DBD381","Questionnaire",10175,7587,74.56511056511056,2588,"La ausencia bruta puede responder a edad, patrones de salto, no aplicabilidad o no respuesta."
"quest__PFQ061A","PFQ061A","Questionnaire",10175,7580,74.4963144963145,2595,"La ausencia bruta puede responder a edad, patrones de salto, no aplicabilidad o no respuesta."
"quest__PFQ061D","PFQ061D","Questionnaire",10175,7580,74.4963144963145,2595,"La ausencia bruta puede responder a edad, patrones de salto, no aplicabilidad o no respuesta."
"quest__PFQ061E","PFQ061E","Questionnaire",10175,7580,74.4963144963145,2595,"La ausencia bruta puede responder a edad, patrones de salto, no aplicabilidad o no respuesta."
"quest__PFQ061F","PFQ061F","Questionnaire",10175,7580,74.4963144963145,2595,"La ausencia bruta puede responder a edad, patrones de salto, no aplicabilidad o no respuesta."
"quest__PFQ061G","PFQ061G","Questionnaire",10175,7580,74.4963144963145,2595,"La ausencia bruta puede responder a edad, patrones de salto, no aplicabilidad o no respuesta."
"quest__PFQ061H","PFQ061H","Questionnaire",10175,7580,74.4963144963145,2595,"La ausencia bruta puede responder a edad, patrones de salto, no aplicabilidad o no respuesta."
"quest__PFQ061I","PFQ061I","Questionnaire",10175,7580,74.4963144963145,2595,"La ausencia bruta puede responder a edad, patrones de salto, no aplicabilidad o no respuesta."
"quest__PFQ061J","PFQ061J","Questionnaire",10175,7580,74.4963144963145,2595,"La ausencia bruta puede responder a edad, patrones de salto, no aplicabilidad o no respuesta."
"quest__PFQ061K","PFQ061K","Questionnaire",10175,7580,74.4963144963145,2595,"La ausencia bruta puede responder a edad, patrones de salto, no aplicabilidad o no respuesta."
"quest__PFQ061L","PFQ061L","Questionnaire",10175,7580,74.4963144963145,2595,"La ausencia bruta puede responder a edad, patrones de salto, no aplicabilidad o no respuesta."
"quest__PFQ061M","PFQ061M","Questionnaire",10175,7580,74.4963144963145,2595,"La ausencia bruta puede responder a edad, patrones de salto, no aplicabilidad o no respuesta."
"quest__PFQ061N","PFQ061N","Questionnaire",10175,7580,74.4963144963145,2595,"La ausencia bruta puede responder a edad, patrones de salto, no aplicabilidad o no respuesta."
"quest__PFQ061O","PFQ061O","Questionnaire",10175,7580,74.4963144963145,2595,"La ausencia bruta puede responder a edad, patrones de salto, no aplicabilidad o no respuesta."
"quest__PFQ061P","PFQ061P","Questionnaire",10175,7580,74.4963144963145,2595,"La ausencia bruta puede responder a edad, patrones de salto, no aplicabilidad o no respuesta."
"quest__PFQ061Q","PFQ061Q","Questionnaire",10175,7580,74.4963144963145,2595,"La ausencia bruta puede responder a edad, patrones de salto, no aplicabilidad o no respuesta."
"quest__PFQ061R","PFQ061R","Questionnaire",10175,7580,74.4963144963145,2595,"La ausencia bruta puede responder a edad, patrones de salto, no aplicabilidad o no respuesta."
"quest__PFQ061S","PFQ061S","Questionnaire",10175,7580,74.4963144963145,2595,"La ausencia bruta puede responder a edad, patrones de salto, no aplicabilidad o no respuesta."
"quest__PFQ061T","PFQ061T","Questionnaire",10175,7580,74.4963144963145,2595,"La ausencia bruta puede responder a edad, patrones de salto, no aplicabilidad o no respuesta."
"quest__RHD280","RHD280","Questionnaire",10175,7555,74.25061425061425,2620,"La ausencia bruta puede responder a edad, patrones de salto, no aplicabilidad o no respuesta."
"quest__RHQ305","RHQ305","Questionnaire",10175,7554,74.24078624078624,2621,"La ausencia bruta puede responder a edad, patrones de salto, no aplicabilidad o no respuesta."
"quest__RHQ540","RHQ540","Questionnaire",10175,7546,74.16216216216216,2629,"La ausencia bruta puede responder a edad, patrones de salto, no aplicabilidad o no respuesta."
"quest__RHQ131","RHQ131","Questionnaire",10175,7543,74.13267813267814,2632,"La ausencia bruta puede responder a edad, patrones de salto, no aplicabilidad o no respuesta."
"lab__URDP01LC","URDP01LC","Labs",10175,7535,74.05405405405405,2640,"La ausencia bruta combina no participación, restricciones de edad, submuestras y ausencia de la determinación."
"lab__URXP01","URXP01","Labs",10175,7535,74.05405405405405,2640,"La ausencia bruta combina no participación, restricciones de edad, submuestras y ausencia de la determinación."
"lab__URDP02LC","URDP02LC","Labs",10175,7534,74.04422604422605,2641,"La ausencia bruta combina no participación, restricciones de edad, submuestras y ausencia de la determinación."
"lab__URXP02","URXP02","Labs",10175,7534,74.04422604422605,2641,"La ausencia bruta combina no participación, restricciones de edad, submuestras y ausencia de la determinación."
"exam__OHX18CSC","OHX18CSC","Examination",10175,7533,74.03439803439804,2642,"La ausencia bruta combina no participación en MEC, restricciones de edad y ausencia de la medición."
"lab__URDSCNLC","URDSCNLC","Labs",10175,7532,74.02457002457002,2643,"La ausencia bruta combina no participación, restricciones de edad, submuestras y ausencia de la determinación."
"lab__URXSCN","URXSCN","Labs",10175,7532,74.02457002457002,2643,"La ausencia bruta combina no participación, restricciones de edad, submuestras y ausencia de la determinación."
"lab__URDNO3LC","URDNO3LC","Labs",10175,7531,74.01474201474201,2644,"La ausencia bruta combina no participación, restricciones de edad, submuestras y ausencia de la determinación."
"lab__URDUP8LC","URDUP8LC","Labs",10175,7531,74.01474201474201,2644,"La ausencia bruta combina no participación, restricciones de edad, submuestras y ausencia de la determinación."
"lab__URXNO3","URXNO3","Labs",10175,7531,74.01474201474201,2644,"La ausencia bruta combina no participación, restricciones de edad, submuestras y ausencia de la determinación."
"lab__URXUP8","URXUP8","Labs",10175,7531,74.01474201474201,2644,"La ausencia bruta combina no participación, restricciones de edad, submuestras y ausencia de la determinación."
"lab__URDP03LC","URDP03LC","Labs",10175,7525,73.95577395577395,2650,"La ausencia bruta combina no participación, restricciones de edad, submuestras y ausencia de la determinación."
"lab__URDP04LC","URDP04LC","Labs",10175,7525,73.95577395577395,2650,"La ausencia bruta combina no participación, restricciones de edad, submuestras y ausencia de la determinación."
"lab__URDP06LC","URDP06LC","Labs",10175,7525,73.95577395577395,2650,"La ausencia bruta combina no participación, restricciones de edad, submuestras y ausencia de la determinación."
"lab__URDP10LC","URDP10LC","Labs",10175,7525,73.95577395577395,2650,"La ausencia bruta combina no participación, restricciones de edad, submuestras y ausencia de la determinación."
"lab__URDP25LC","URDP25LC","Labs",10175,7525,73.95577395577395,2650,"La ausencia bruta combina no participación, restricciones de edad, submuestras y ausencia de la determinación."
"lab__URXP03","URXP03","Labs",10175,7525,73.95577395577395,2650,"La ausencia bruta combina no participación, restricciones de edad, submuestras y ausencia de la determinación."
"lab__URXP04","URXP04","Labs",10175,7525,73.95577395577395,2650,"La ausencia bruta combina no participación, restricciones de edad, submuestras y ausencia de la determinación."
"lab__URXP06","URXP06","Labs",10175,7525,73.95577395577395,2650,"La ausencia bruta combina no participación, restricciones de edad, submuestras y ausencia de la determinación."
"lab__URXP10","URXP10","Labs",10175,7525,73.95577395577395,2650,"La ausencia bruta combina no participación, restricciones de edad, submuestras y ausencia de la determinación."
"lab__URXP25","URXP25","Labs",10175,7525,73.95577395577395,2650,"La ausencia bruta combina no participación, restricciones de edad, submuestras y ausencia de la determinación."
"lab__URDUA3LC","URDUA3LC","Labs",10175,7521,73.91646191646191,2654,"La ausencia bruta combina no participación, restricciones de edad, submuestras y ausencia de la determinación."
"lab__URDUA5LC","URDUA5LC","Labs",10175,7521,73.91646191646191,2654,"La ausencia bruta combina no participación, restricciones de edad, submuestras y ausencia de la determinación."
"lab__URDUABLC","URDUABLC","Labs",10175,7521,73.91646191646191,2654,"La ausencia bruta combina no participación, restricciones de edad, submuestras y ausencia de la determinación."
"lab__URDUACLC","URDUACLC","Labs",10175,7521,73.91646191646191,2654,"La ausencia bruta combina no participación, restricciones de edad, submuestras y ausencia de la determinación."
"lab__URDUDALC","URDUDALC","Labs",10175,7521,73.91646191646191,2654,"La ausencia bruta combina no participación, restricciones de edad, submuestras y ausencia de la determinación."
"lab__URDUMMAL","URDUMMAL","Labs",10175,7521,73.91646191646191,2654,"La ausencia bruta combina no participación, restricciones de edad, submuestras y ausencia de la determinación."
"lab__URXUAB","URXUAB","Labs",10175,7521,73.91646191646191,2654,"La ausencia bruta combina no participación, restricciones de edad, submuestras y ausencia de la determinación."
"lab__URXUAC","URXUAC","Labs",10175,7521,73.91646191646191,2654,"La ausencia bruta combina no participación, restricciones de edad, submuestras y ausencia de la determinación."
"lab__URXUAS3","URXUAS3","Labs",10175,7521,73.91646191646191,2654,"La ausencia bruta combina no participación, restricciones de edad, submuestras y ausencia de la determinación."
"lab__URXUAS5","URXUAS5","Labs",10175,7521,73.91646191646191,2654,"La ausencia bruta combina no participación, restricciones de edad, submuestras y ausencia de la determinación."
"lab__URXUDMA","URXUDMA","Labs",10175,7521,73.91646191646191,2654,"La ausencia bruta combina no participación, restricciones de edad, submuestras y ausencia de la determinación."
"lab__URXUMMA","URXUMMA","Labs",10175,7521,73.91646191646191,2654,"La ausencia bruta combina no participación, restricciones de edad, submuestras y ausencia de la determinación."
"lab__URXUAS","URXUAS","Labs",10175,7513,73.83783783783784,2662,"La ausencia bruta combina no participación, restricciones de edad, submuestras y ausencia de la determinación."
"lab__URDUBALC","URDUBALC","Labs",10175,7511,73.81818181818181,2664,"La ausencia bruta combina no participación, restricciones de edad, submuestras y ausencia de la determinación."
"lab__URDUCDLC","URDUCDLC","Labs",10175,7511,73.81818181818181,2664,"La ausencia bruta combina no participación, restricciones de edad, submuestras y ausencia de la determinación."
"lab__URDUCOLC","URDUCOLC","Labs",10175,7511,73.81818181818181,2664,"La ausencia bruta combina no participación, restricciones de edad, submuestras y ausencia de la determinación."
"lab__URDUCSLC","URDUCSLC","Labs",10175,7511,73.81818181818181,2664,"La ausencia bruta combina no participación, restricciones de edad, submuestras y ausencia de la determinación."
"lab__URDUMNLC","URDUMNLC","Labs",10175,7511,73.81818181818181,2664,"La ausencia bruta combina no participación, restricciones de edad, submuestras y ausencia de la determinación."
"lab__URDUMOLC","URDUMOLC","Labs",10175,7511,73.81818181818181,2664,"La ausencia bruta combina no participación, restricciones de edad, submuestras y ausencia de la determinación."
"lab__URDUPBLC","URDUPBLC","Labs",10175,7511,73.81818181818181,2664,"La ausencia bruta combina no participación, restricciones de edad, submuestras y ausencia de la determinación."
"lab__URDUSBLC","URDUSBLC","Labs",10175,7511,73.81818181818181,2664,"La ausencia bruta combina no participación, restricciones de edad, submuestras y ausencia de la determinación."
"lab__URDUSNLC","URDUSNLC","Labs",10175,7511,73.81818181818181,2664,"La ausencia bruta combina no participación, restricciones de edad, submuestras y ausencia de la determinación."
"lab__URDUSRLC","URDUSRLC","Labs",10175,7511,73.81818181818181,2664,"La ausencia bruta combina no participación, restricciones de edad, submuestras y ausencia de la determinación."
"lab__URDUTLLC","URDUTLLC","Labs",10175,7511,73.81818181818181,2664,"La ausencia bruta combina no participación, restricciones de edad, submuestras y ausencia de la determinación."
"lab__URDUTULC","URDUTULC","Labs",10175,7511,73.81818181818181,2664,"La ausencia bruta combina no participación, restricciones de edad, submuestras y ausencia de la determinación."
"lab__URDUURLC","URDUURLC","Labs",10175,7511,73.81818181818181,2664,"La ausencia bruta combina no participación, restricciones de edad, submuestras y ausencia de la determinación."
"lab__URXUBA","URXUBA","Labs",10175,7511,73.81818181818181,2664,"La ausencia bruta combina no participación, restricciones de edad, submuestras y ausencia de la determinación."
"lab__URXUCD","URXUCD","Labs",10175,7511,73.81818181818181,2664,"La ausencia bruta combina no participación, restricciones de edad, submuestras y ausencia de la determinación."
"lab__URXUCO","URXUCO","Labs",10175,7511,73.81818181818181,2664,"La ausencia bruta combina no participación, restricciones de edad, submuestras y ausencia de la determinación."
"lab__URXUCS","URXUCS","Labs",10175,7511,73.81818181818181,2664,"La ausencia bruta combina no participación, restricciones de edad, submuestras y ausencia de la determinación."
"lab__URXUMN","URXUMN","Labs",10175,7511,73.81818181818181,2664,"La ausencia bruta combina no participación, restricciones de edad, submuestras y ausencia de la determinación."
"lab__URXUMO","URXUMO","Labs",10175,7511,73.81818181818181,2664,"La ausencia bruta combina no participación, restricciones de edad, submuestras y ausencia de la determinación."
"lab__URXUPB","URXUPB","Labs",10175,7511,73.81818181818181,2664,"La ausencia bruta combina no participación, restricciones de edad, submuestras y ausencia de la determinación."
"lab__URXUSB","URXUSB","Labs",10175,7511,73.81818181818181,2664,"La ausencia bruta combina no participación, restricciones de edad, submuestras y ausencia de la determinación."
"lab__URXUSN","URXUSN","Labs",10175,7511,73.81818181818181,2664,"La ausencia bruta combina no participación, restricciones de edad, submuestras y ausencia de la determinación."
"lab__URXUSR","URXUSR","Labs",10175,7511,73.81818181818181,2664,"La ausencia bruta combina no participación, restricciones de edad, submuestras y ausencia de la determinación."
"lab__URXUTL","URXUTL","Labs",10175,7511,73.81818181818181,2664,"La ausencia bruta combina no participación, restricciones de edad, submuestras y ausencia de la determinación."
"lab__URXUTU","URXUTU","Labs",10175,7511,73.81818181818181,2664,"La ausencia bruta combina no participación, restricciones de edad, submuestras y ausencia de la determinación."
"lab__URXUUR","URXUUR","Labs",10175,7511,73.81818181818181,2664,"La ausencia bruta combina no participación, restricciones de edad, submuestras y ausencia de la determinación."
"lab__URDUHGLC","URDUHGLC","Labs",10175,7509,73.7985257985258,2666,"La ausencia bruta combina no participación, restricciones de edad, submuestras y ausencia de la determinación."
"lab__URXUHG","URXUHG","Labs",10175,7509,73.7985257985258,2666,"La ausencia bruta combina no participación, restricciones de edad, submuestras y ausencia de la determinación."
"lab__URXUIO","URXUIO","Labs",10175,7509,73.7985257985258,2666,"La ausencia bruta combina no participación, restricciones de edad, submuestras y ausencia de la determinación."
"lab__URDBPFLC","URDBPFLC","Labs",10175,7493,73.64127764127764,2682,"La ausencia bruta combina no participación, restricciones de edad, submuestras y ausencia de la determinación."
"lab__URDBPSLC","URDBPSLC","Labs",10175,7493,73.64127764127764,2682,"La ausencia bruta combina no participación, restricciones de edad, submuestras y ausencia de la determinación."
"lab__URXBPF","URXBPF","Labs",10175,7493,73.64127764127764,2682,"La ausencia bruta combina no participación, restricciones de edad, submuestras y ausencia de la determinación."
"lab__URXBPS","URXBPS","Labs",10175,7493,73.64127764127764,2682,"La ausencia bruta combina no participación, restricciones de edad, submuestras y ausencia de la determinación."
"lab__URDCNPLC","URDCNPLC","Labs",10175,7490,73.61179361179362,2685,"La ausencia bruta combina no participación, restricciones de edad, submuestras y ausencia de la determinación."
"lab__URDCOPLC","URDCOPLC","Labs",10175,7490,73.61179361179362,2685,"La ausencia bruta combina no participación, restricciones de edad, submuestras y ausencia de la determinación."
"lab__URDECPLC","URDECPLC","Labs",10175,7490,73.61179361179362,2685,"La ausencia bruta combina no participación, restricciones de edad, submuestras y ausencia de la determinación."
"lab__URDMBPLC","URDMBPLC","Labs",10175,7490,73.61179361179362,2685,"La ausencia bruta combina no participación, restricciones de edad, submuestras y ausencia de la determinación."
"lab__URDMC1LC","URDMC1LC","Labs",10175,7490,73.61179361179362,2685,"La ausencia bruta combina no participación, restricciones de edad, submuestras y ausencia de la determinación."
"lab__URDMCHLC","URDMCHLC","Labs",10175,7490,73.61179361179362,2685,"La ausencia bruta combina no participación, restricciones de edad, submuestras y ausencia de la determinación."
"lab__URDMEPLC","URDMEPLC","Labs",10175,7490,73.61179361179362,2685,"La ausencia bruta combina no participación, restricciones de edad, submuestras y ausencia de la determinación."
"lab__URDMHHLC","URDMHHLC","Labs",10175,7490,73.61179361179362,2685,"La ausencia bruta combina no participación, restricciones de edad, submuestras y ausencia de la determinación."
"lab__URDMHPLC","URDMHPLC","Labs",10175,7490,73.61179361179362,2685,"La ausencia bruta combina no participación, restricciones de edad, submuestras y ausencia de la determinación."
"lab__URDMIBLC","URDMIBLC","Labs",10175,7490,73.61179361179362,2685,"La ausencia bruta combina no participación, restricciones de edad, submuestras y ausencia de la determinación."
"lab__URDMNPLC","URDMNPLC","Labs",10175,7490,73.61179361179362,2685,"La ausencia bruta combina no participación, restricciones de edad, submuestras y ausencia de la determinación."
"lab__URDMOHLC","URDMOHLC","Labs",10175,7490,73.61179361179362,2685,"La ausencia bruta combina no participación, restricciones de edad, submuestras y ausencia de la determinación."
"lab__URDMZPLC","URDMZPLC","Labs",10175,7490,73.61179361179362,2685,"La ausencia bruta combina no participación, restricciones de edad, submuestras y ausencia de la determinación."
"lab__URXCNP","URXCNP","Labs",10175,7490,73.61179361179362,2685,"La ausencia bruta combina no participación, restricciones de edad, submuestras y ausencia de la determinación."
"lab__URXCOP","URXCOP","Labs",10175,7490,73.61179361179362,2685,"La ausencia bruta combina no participación, restricciones de edad, submuestras y ausencia de la determinación."
"lab__URXECP","URXECP","Labs",10175,7490,73.61179361179362,2685,"La ausencia bruta combina no participación, restricciones de edad, submuestras y ausencia de la determinación."
"lab__URXMBP","URXMBP","Labs",10175,7490,73.61179361179362,2685,"La ausencia bruta combina no participación, restricciones de edad, submuestras y ausencia de la determinación."
"lab__URXMC1","URXMC1","Labs",10175,7490,73.61179361179362,2685,"La ausencia bruta combina no participación, restricciones de edad, submuestras y ausencia de la determinación."
"lab__URXMEP","URXMEP","Labs",10175,7490,73.61179361179362,2685,"La ausencia bruta combina no participación, restricciones de edad, submuestras y ausencia de la determinación."
"lab__URXMHH","URXMHH","Labs",10175,7490,73.61179361179362,2685,"La ausencia bruta combina no participación, restricciones de edad, submuestras y ausencia de la determinación."
"lab__URXMHNC","URXMHNC","Labs",10175,7490,73.61179361179362,2685,"La ausencia bruta combina no participación, restricciones de edad, submuestras y ausencia de la determinación."
"lab__URXMHP","URXMHP","Labs",10175,7490,73.61179361179362,2685,"La ausencia bruta combina no participación, restricciones de edad, submuestras y ausencia de la determinación."
"lab__URXMIB","URXMIB","Labs",10175,7490,73.61179361179362,2685,"La ausencia bruta combina no participación, restricciones de edad, submuestras y ausencia de la determinación."
"lab__URXMNP","URXMNP","Labs",10175,7490,73.61179361179362,2685,"La ausencia bruta combina no participación, restricciones de edad, submuestras y ausencia de la determinación."
"lab__URXMOH","URXMOH","Labs",10175,7490,73.61179361179362,2685,"La ausencia bruta combina no participación, restricciones de edad, submuestras y ausencia de la determinación."
"lab__URXMZP","URXMZP","Labs",10175,7490,73.61179361179362,2685,"La ausencia bruta combina no participación, restricciones de edad, submuestras y ausencia de la determinación."
"quest__OHQ560U","OHQ560U","Questionnaire",10175,7490,73.61179361179362,2685,"La ausencia bruta puede responder a edad, patrones de salto, no aplicabilidad o no respuesta."
"lab__URD14DLC","URD14DLC","Labs",10175,7489,73.6019656019656,2686,"La ausencia bruta combina no participación, restricciones de edad, submuestras y ausencia de la determinación."
"lab__URDBP3LC","URDBP3LC","Labs",10175,7489,73.6019656019656,2686,"La ausencia bruta combina no participación, restricciones de edad, submuestras y ausencia de la determinación."
"lab__URDBPHLC","URDBPHLC","Labs",10175,7489,73.6019656019656,2686,"La ausencia bruta combina no participación, restricciones de edad, submuestras y ausencia de la determinación."
"lab__URDBUPLC","URDBUPLC","Labs",10175,7489,73.6019656019656,2686,"La ausencia bruta combina no participación, restricciones de edad, submuestras y ausencia de la determinación."
"lab__URDDCBLC","URDDCBLC","Labs",10175,7489,73.6019656019656,2686,"La ausencia bruta combina no participación, restricciones de edad, submuestras y ausencia de la determinación."
"lab__URDEPBLC","URDEPBLC","Labs",10175,7489,73.6019656019656,2686,"La ausencia bruta combina no participación, restricciones de edad, submuestras y ausencia de la determinación."
"lab__URDMPBLC","URDMPBLC","Labs",10175,7489,73.6019656019656,2686,"La ausencia bruta combina no participación, restricciones de edad, submuestras y ausencia de la determinación."
"lab__URDPPBLC","URDPPBLC","Labs",10175,7489,73.6019656019656,2686,"La ausencia bruta combina no participación, restricciones de edad, submuestras y ausencia de la determinación."
"lab__URDTLCLC","URDTLCLC","Labs",10175,7489,73.6019656019656,2686,"La ausencia bruta combina no participación, restricciones de edad, submuestras y ausencia de la determinación."
"lab__URDTRSLC","URDTRSLC","Labs",10175,7489,73.6019656019656,2686,"La ausencia bruta combina no participación, restricciones de edad, submuestras y ausencia de la determinación."
"lab__URX14D","URX14D","Labs",10175,7489,73.6019656019656,2686,"La ausencia bruta combina no participación, restricciones de edad, submuestras y ausencia de la determinación."
"lab__URXBP3","URXBP3","Labs",10175,7489,73.6019656019656,2686,"La ausencia bruta combina no participación, restricciones de edad, submuestras y ausencia de la determinación."
"lab__URXBPH","URXBPH","Labs",10175,7489,73.6019656019656,2686,"La ausencia bruta combina no participación, restricciones de edad, submuestras y ausencia de la determinación."
"lab__URXBUP","URXBUP","Labs",10175,7489,73.6019656019656,2686,"La ausencia bruta combina no participación, restricciones de edad, submuestras y ausencia de la determinación."
"lab__URXDCB","URXDCB","Labs",10175,7489,73.6019656019656,2686,"La ausencia bruta combina no participación, restricciones de edad, submuestras y ausencia de la determinación."
"lab__URXEPB","URXEPB","Labs",10175,7489,73.6019656019656,2686,"La ausencia bruta combina no participación, restricciones de edad, submuestras y ausencia de la determinación."
"lab__URXMPB","URXMPB","Labs",10175,7489,73.6019656019656,2686,"La ausencia bruta combina no participación, restricciones de edad, submuestras y ausencia de la determinación."
"lab__URXPPB","URXPPB","Labs",10175,7489,73.6019656019656,2686,"La ausencia bruta combina no participación, restricciones de edad, submuestras y ausencia de la determinación."
"lab__URXTLC","URXTLC","Labs",10175,7489,73.6019656019656,2686,"La ausencia bruta combina no participación, restricciones de edad, submuestras y ausencia de la determinación."
"lab__URXTRS","URXTRS","Labs",10175,7489,73.6019656019656,2686,"La ausencia bruta combina no participación, restricciones de edad, submuestras y ausencia de la determinación."
"quest__OHQ560Q","OHQ560Q","Questionnaire",10175,7489,73.6019656019656,2686,"La ausencia bruta puede responder a edad, patrones de salto, no aplicabilidad o no respuesta."
"quest__PAQ722","PAQ722","Questionnaire",10175,7468,73.39557739557739,2707,"La ausencia bruta puede responder a edad, patrones de salto, no aplicabilidad o no respuesta."
"quest__DBQ370","DBQ370","Questionnaire",10175,7467,73.38574938574939,2708,"La ausencia bruta puede responder a edad, patrones de salto, no aplicabilidad o no respuesta."
"quest__DBQ400","DBQ400","Questionnaire",10175,7467,73.38574938574939,2708,"La ausencia bruta puede responder a edad, patrones de salto, no aplicabilidad o no respuesta."
"quest__OHQ555U","OHQ555U","Questionnaire",10175,7458,73.29729729729729,2717,"La ausencia bruta puede responder a edad, patrones de salto, no aplicabilidad o no respuesta."
"quest__OHQ560G","OHQ560G","Questionnaire",10175,7458,73.29729729729729,2717,"La ausencia bruta puede responder a edad, patrones de salto, no aplicabilidad o no respuesta."
"quest__OHQ555Q","OHQ555Q","Questionnaire",10175,7452,73.23832923832924,2723,"La ausencia bruta puede responder a edad, patrones de salto, no aplicabilidad o no respuesta."
"exam__OHX31CSC","OHX31CSC","Examination",10175,7440,73.12039312039312,2735,"La ausencia bruta combina no participación en MEC, restricciones de edad y ausencia de la medición."
"exam__CSQ260M","CSQ260M","Examination",10175,7421,72.93366093366093,2754,"La ausencia bruta combina no participación en MEC, restricciones de edad y ausencia de la medición."
"lab__WTSA2YR","WTSA2YR","Labs",10175,7420,72.92383292383292,2755,"La ausencia bruta combina no participación, restricciones de edad, submuestras y ausencia de la determinación."
"quest__OHQ555G","OHQ555G","Questionnaire",10175,7410,72.82555282555282,2765,"La ausencia bruta puede responder a edad, patrones de salto, no aplicabilidad o no respuesta."
"quest__OHQ565","OHQ565","Questionnaire",10175,7410,72.82555282555282,2765,"La ausencia bruta puede responder a edad, patrones de salto, no aplicabilidad o no respuesta."
"quest__OHQ580","OHQ580","Questionnaire",10175,7410,72.82555282555282,2765,"La ausencia bruta puede responder a edad, patrones de salto, no aplicabilidad o no respuesta."
"quest__WHD130","WHD130","Questionnaire",10175,7410,72.82555282555282,2765,"La ausencia bruta puede responder a edad, patrones de salto, no aplicabilidad o no respuesta."
"lab__WTSB2YR","WTSB2YR","Labs",10175,7398,72.70761670761671,2777,"La ausencia bruta combina no participación, restricciones de edad, submuestras y ausencia de la determinación."
"quest__DBQ223A","DBQ223A","Questionnaire",10175,7379,72.52088452088452,2796,"La ausencia bruta puede responder a edad, patrones de salto, no aplicabilidad o no respuesta."
"dem__DMDEDUC3","DMDEDUC3","Demographic",10175,7372,72.45208845208845,2803,"Ausencia de entrevista o no respuesta al ítem; no debe asumirse MCAR sin comprobar asociaciones observadas."
"quest__OCQ380","OCQ380","Questionnaire",10175,7359,72.32432432432432,2816,"La ausencia bruta puede responder a edad, patrones de salto, no aplicabilidad o no respuesta."
"quest__FSD225","FSD225","Questionnaire",10175,7299,71.73464373464374,2876,"La ausencia bruta puede responder a edad, patrones de salto, no aplicabilidad o no respuesta."
"quest__FSD012N","FSD012N","Questionnaire",10175,7298,71.72481572481573,2877,"La ausencia bruta puede responder a edad, patrones de salto, no aplicabilidad o no respuesta."
"quest__FSD230","FSD230","Questionnaire",10175,7298,71.72481572481573,2877,"La ausencia bruta puede responder a edad, patrones de salto, no aplicabilidad o no respuesta."
"quest__FSQ235","FSQ235","Questionnaire",10175,7298,71.72481572481573,2877,"La ausencia bruta puede responder a edad, patrones de salto, no aplicabilidad o no respuesta."
"lab__GTDCODE","GTDCODE","Labs",10175,7266,71.41031941031942,2909,"La ausencia bruta combina no participación, restricciones de edad, submuestras y ausencia de la determinación."
"lab__WTSOG2YR","WTSOG2YR","Labs",10175,7266,71.41031941031942,2909,"La ausencia bruta combina no participación, restricciones de edad, submuestras y ausencia de la determinación."
"quest__IMQ070","IMQ070","Questionnaire",10175,7249,71.24324324324324,2926,"La ausencia bruta puede responder a edad, patrones de salto, no aplicabilidad o no respuesta."
"quest__SXQ251","SXQ251","Questionnaire",10175,7249,71.24324324324324,2926,"La ausencia bruta puede responder a edad, patrones de salto, no aplicabilidad o no respuesta."
"exam__OHX19CSC","OHX19CSC","Examination",10175,7247,71.22358722358722,2928,"La ausencia bruta combina no participación en MEC, restricciones de edad y ausencia de la medición."
"exam__OHX03CSC","OHX03CSC","Examination",10175,7244,71.19410319410319,2931,"La ausencia bruta combina no participación en MEC, restricciones de edad y ausencia de la medición."
"exam__OHX14CSC","OHX14CSC","Examination",10175,7233,71.08599508599508,2942,"La ausencia bruta combina no participación en MEC, restricciones de edad y ausencia de la medición."
"exam__OHX30CSC","OHX30CSC","Examination",10175,7220,70.95823095823096,2955,"La ausencia bruta combina no participación en MEC, restricciones de edad y ausencia de la medición."
"quest__FSD670ZC","FSD670ZC","Questionnaire",10175,7203,70.7911547911548,2972,"La ausencia bruta puede responder a edad, patrones de salto, no aplicabilidad o no respuesta."
"quest__FSD675","FSD675","Questionnaire",10175,7203,70.7911547911548,2972,"La ausencia bruta puede responder a edad, patrones de salto, no aplicabilidad o no respuesta."
"quest__FSQ690","FSQ690","Questionnaire",10175,7202,70.78132678132678,2973,"La ausencia bruta puede responder a edad, patrones de salto, no aplicabilidad o no respuesta."
"quest__PAQ706","PAQ706","Questionnaire",10175,7186,70.62407862407862,2989,"La ausencia bruta puede responder a edad, patrones de salto, no aplicabilidad o no respuesta."
"quest__SXQ610","SXQ610","Questionnaire",10175,7154,70.30958230958231,3021,"La ausencia bruta puede responder a edad, patrones de salto, no aplicabilidad o no respuesta."
"quest__SXQ648","SXQ648","Questionnaire",10175,7142,70.19164619164619,3033,"La ausencia bruta puede responder a edad, patrones de salto, no aplicabilidad o no respuesta."
"quest__MCQ080E","MCQ080E","Questionnaire",10175,7133,70.1031941031941,3042,"La ausencia bruta puede responder a edad, patrones de salto, no aplicabilidad o no respuesta."
"quest__WHQ030E","WHQ030E","Questionnaire",10175,7133,70.1031941031941,3042,"La ausencia bruta puede responder a edad, patrones de salto, no aplicabilidad o no respuesta."
"lab__LBXHE2","LBXHE2","Labs",10175,7130,70.07371007371007,3045,"La ausencia bruta combina no participación, restricciones de edad, submuestras y ausencia de la determinación."
"quest__PAD675","PAD675","Questionnaire",10175,7118,69.95577395577395,3057,"La ausencia bruta puede responder a edad, patrones de salto, no aplicabilidad o no respuesta."
"quest__PAQ670","PAQ670","Questionnaire",10175,7115,69.92628992628993,3060,"La ausencia bruta puede responder a edad, patrones de salto, no aplicabilidad o no respuesta."
"quest__IMQ040","IMQ040","Questionnaire",10175,7087,69.65110565110565,3088,"La ausencia bruta puede responder a edad, patrones de salto, no aplicabilidad o no respuesta."
"lab__LBDINSI","LBDINSI","Labs",10175,7082,69.6019656019656,3093,"La ausencia bruta combina no participación, restricciones de edad, submuestras y ausencia de la determinación."
"lab__LBXIN","LBXIN","Labs",10175,7082,69.6019656019656,3093,"La ausencia bruta combina no participación, restricciones de edad, submuestras y ausencia de la determinación."
"lab__LBDLDL","LBDLDL","Labs",10175,7070,69.48402948402948,3105,"La ausencia bruta combina no participación, restricciones de edad, submuestras y ausencia de la determinación."
"lab__LBDLDLSI","LBDLDLSI","Labs",10175,7070,69.48402948402948,3105,"La ausencia bruta combina no participación, restricciones de edad, submuestras y ausencia de la determinación."
"exam__CSXQUISG","CSXQUISG","Examination",10175,7061,69.39557739557739,3114,"La ausencia bruta combina no participación en MEC, restricciones de edad y ausencia de la medición."
"exam__CSXQUIST","CSXQUIST","Examination",10175,7061,69.39557739557739,3114,"La ausencia bruta combina no participación en MEC, restricciones de edad y ausencia de la medición."
"quest__PFQ041","PFQ041","Questionnaire",10175,7058,69.36609336609337,3117,"La ausencia bruta puede responder a edad, patrones de salto, no aplicabilidad o no respuesta."
"exam__CSXNAPG","CSXNAPG","Examination",10175,7046,69.24815724815724,3129,"La ausencia bruta combina no participación en MEC, restricciones de edad y ausencia de la medición."
"exam__CSXQUIPG","CSXQUIPG","Examination",10175,7042,69.2088452088452,3133,"La ausencia bruta combina no participación en MEC, restricciones de edad y ausencia de la medición."
"exam__CSXQUIPT","CSXQUIPT","Examination",10175,7042,69.2088452088452,3133,"La ausencia bruta combina no participación en MEC, restricciones de edad y ausencia de la medición."
"lab__LBDAPBSI","LBDAPBSI","Labs",10175,7030,69.0909090909091,3145,"La ausencia bruta combina no participación, restricciones de edad, submuestras y ausencia de la determinación."
"lab__LBXAPB","LBXAPB","Labs",10175,7030,69.0909090909091,3145,"La ausencia bruta combina no participación, restricciones de edad, submuestras y ausencia de la determinación."
"lab__LBDTRSI","LBDTRSI","Labs",10175,7029,69.08108108108108,3146,"La ausencia bruta combina no participación, restricciones de edad, submuestras y ausencia de la determinación."
"lab__LBXTR","LBXTR","Labs",10175,7029,69.08108108108108,3146,"La ausencia bruta combina no participación, restricciones de edad, submuestras y ausencia de la determinación."
"quest__SMQ858","SMQ858","Questionnaire",10175,6994,68.73710073710073,3181,"La ausencia bruta puede responder a edad, patrones de salto, no aplicabilidad o no respuesta."
"exam__CSXNAPT","CSXNAPT","Examination",10175,6958,68.38329238329239,3217,"La ausencia bruta combina no participación en MEC, restricciones de edad y ausencia de la medición."
"exam__CSXSLTSG","CSXSLTSG","Examination",10175,6958,68.38329238329239,3217,"La ausencia bruta combina no participación en MEC, restricciones de edad y ausencia de la medición."
"exam__CSXSLTST","CSXSLTST","Examination",10175,6958,68.38329238329239,3217,"La ausencia bruta combina no participación en MEC, restricciones de edad y ausencia de la medición."
"exam__CSXNASG","CSXNASG","Examination",10175,6957,68.37346437346437,3218,"La ausencia bruta combina no participación en MEC, restricciones de edad y ausencia de la medición."
"exam__CSXNAST","CSXNAST","Examination",10175,6957,68.37346437346437,3218,"La ausencia bruta combina no participación en MEC, restricciones de edad y ausencia de la medición."
"exam__CSXTSEQ","CSXTSEQ","Examination",10175,6941,68.21621621621621,3234,"La ausencia bruta combina no participación en MEC, restricciones de edad y ausencia de la medición."
"quest__DBQ360","DBQ360","Questionnaire",10175,6934,68.14742014742015,3241,"La ausencia bruta puede responder a edad, patrones de salto, no aplicabilidad o no respuesta."
"quest__RHQ420","RHQ420","Questionnaire",10175,6922,68.02948402948402,3253,"La ausencia bruta puede responder a edad, patrones de salto, no aplicabilidad o no respuesta."
"quest__RHQ031","RHQ031","Questionnaire",10175,6919,68,3256,"La ausencia bruta puede responder a edad, patrones de salto, no aplicabilidad o no respuesta."
"exam__OHX02SE","OHX02SE","Examination",10175,6911,67.92137592137593,3264,"La ausencia bruta combina no participación en MEC, restricciones de edad y ausencia de la medición."
"exam__OHX03SE","OHX03SE","Examination",10175,6911,67.92137592137593,3264,"La ausencia bruta combina no participación en MEC, restricciones de edad y ausencia de la medición."
"exam__OHX04SE","OHX04SE","Examination",10175,6911,67.92137592137593,3264,"La ausencia bruta combina no participación en MEC, restricciones de edad y ausencia de la medición."
"exam__OHX05SE","OHX05SE","Examination",10175,6911,67.92137592137593,3264,"La ausencia bruta combina no participación en MEC, restricciones de edad y ausencia de la medición."
"exam__OHX07SE","OHX07SE","Examination",10175,6911,67.92137592137593,3264,"La ausencia bruta combina no participación en MEC, restricciones de edad y ausencia de la medición."
"exam__OHX10SE","OHX10SE","Examination",10175,6911,67.92137592137593,3264,"La ausencia bruta combina no participación en MEC, restricciones de edad y ausencia de la medición."
"exam__OHX12SE","OHX12SE","Examination",10175,6911,67.92137592137593,3264,"La ausencia bruta combina no participación en MEC, restricciones de edad y ausencia de la medición."
"exam__OHX13SE","OHX13SE","Examination",10175,6911,67.92137592137593,3264,"La ausencia bruta combina no participación en MEC, restricciones de edad y ausencia de la medición."
"exam__OHX14SE","OHX14SE","Examination",10175,6911,67.92137592137593,3264,"La ausencia bruta combina no participación en MEC, restricciones de edad y ausencia de la medición."
"exam__OHX15SE","OHX15SE","Examination",10175,6911,67.92137592137593,3264,"La ausencia bruta combina no participación en MEC, restricciones de edad y ausencia de la medición."
"exam__OHX18SE","OHX18SE","Examination",10175,6911,67.92137592137593,3264,"La ausencia bruta combina no participación en MEC, restricciones de edad y ausencia de la medición."
"exam__OHX19SE","OHX19SE","Examination",10175,6911,67.92137592137593,3264,"La ausencia bruta combina no participación en MEC, restricciones de edad y ausencia de la medición."
"exam__OHX20SE","OHX20SE","Examination",10175,6911,67.92137592137593,3264,"La ausencia bruta combina no participación en MEC, restricciones de edad y ausencia de la medición."
"exam__OHX21SE","OHX21SE","Examination",10175,6911,67.92137592137593,3264,"La ausencia bruta combina no participación en MEC, restricciones de edad y ausencia de la medición."
"exam__OHX28SE","OHX28SE","Examination",10175,6911,67.92137592137593,3264,"La ausencia bruta combina no participación en MEC, restricciones de edad y ausencia de la medición."
"exam__OHX29SE","OHX29SE","Examination",10175,6911,67.92137592137593,3264,"La ausencia bruta combina no participación en MEC, restricciones de edad y ausencia de la medición."
"exam__OHX30SE","OHX30SE","Examination",10175,6911,67.92137592137593,3264,"La ausencia bruta combina no participación en MEC, restricciones de edad y ausencia de la medición."
"exam__OHX31SE","OHX31SE","Examination",10175,6911,67.92137592137593,3264,"La ausencia bruta combina no participación en MEC, restricciones de edad y ausencia de la medición."
"quest__DED125","DED125","Questionnaire",10175,6906,67.87223587223588,3269,"La ausencia bruta puede responder a edad, patrones de salto, no aplicabilidad o no respuesta."
"quest__RHQ010","RHQ010","Questionnaire",10175,6869,67.5085995085995,3306,"La ausencia bruta puede responder a edad, patrones de salto, no aplicabilidad o no respuesta."
"quest__FSD041","FSD041","Questionnaire",10175,6847,67.29238329238329,3328,"La ausencia bruta puede responder a edad, patrones de salto, no aplicabilidad o no respuesta."
"quest__FSD061","FSD061","Questionnaire",10175,6847,67.29238329238329,3328,"La ausencia bruta puede responder a edad, patrones de salto, no aplicabilidad o no respuesta."
"quest__FSD071","FSD071","Questionnaire",10175,6847,67.29238329238329,3328,"La ausencia bruta puede responder a edad, patrones de salto, no aplicabilidad o no respuesta."
"quest__FSD081","FSD081","Questionnaire",10175,6847,67.29238329238329,3328,"La ausencia bruta puede responder a edad, patrones de salto, no aplicabilidad o no respuesta."
"lab__WTSAF2YR","WTSAF2YR","Labs",10175,6846,67.28255528255528,3329,"La ausencia bruta combina no participación, restricciones de edad, submuestras y ausencia de la determinación."
"quest__OCQ180","OCQ180","Questionnaire",10175,6830,67.12530712530713,3345,"La ausencia bruta puede responder a edad, patrones de salto, no aplicabilidad o no respuesta."
"quest__OHQ848Q","OHQ848Q","Questionnaire",10175,6803,66.85995085995086,3372,"La ausencia bruta puede responder a edad, patrones de salto, no aplicabilidad o no respuesta."
"exam__CSQ480","CSQ480","Examination",10175,6764,66.47665847665847,3411,"La ausencia bruta combina no participación en MEC, restricciones de edad y ausencia de la medición."
"exam__CSQ490","CSQ490","Examination",10175,6764,66.47665847665847,3411,"La ausencia bruta combina no participación en MEC, restricciones de edad y ausencia de la medición."
"exam__CSQ470","CSQ470","Examination",10175,6763,66.46683046683047,3412,"La ausencia bruta combina no participación en MEC, restricciones de edad y ausencia de la medición."
"quest__OHQ849","OHQ849","Questionnaire",10175,6761,66.44717444717445,3414,"La ausencia bruta puede responder a edad, patrones de salto, no aplicabilidad o no respuesta."
"exam__CSQ460","CSQ460","Examination",10175,6759,66.42751842751842,3416,"La ausencia bruta combina no participación en MEC, restricciones de edad y ausencia de la medición."
"exam__CSQ450","CSQ450","Examination",10175,6755,66.38820638820638,3420,"La ausencia bruta combina no participación en MEC, restricciones de edad y ausencia de la medición."
"quest__OCD270","OCD270","Questionnaire",10175,6732,66.16216216216216,3443,"La ausencia bruta puede responder a edad, patrones de salto, no aplicabilidad o no respuesta."
"quest__OCD395","OCD395","Questionnaire",10175,6732,66.16216216216216,3443,"La ausencia bruta puede responder a edad, patrones de salto, no aplicabilidad o no respuesta."
"quest__OCQ260","OCQ260","Questionnaire",10175,6732,66.16216216216216,3443,"La ausencia bruta puede responder a edad, patrones de salto, no aplicabilidad o no respuesta."
"quest__OHQ848G","OHQ848G","Questionnaire",10175,6714,65.98525798525799,3461,"La ausencia bruta puede responder a edad, patrones de salto, no aplicabilidad o no respuesta."
"quest__PFQ020","PFQ020","Questionnaire",10175,6714,65.98525798525799,3461,"La ausencia bruta puede responder a edad, patrones de salto, no aplicabilidad o no respuesta."
"quest__SXQ260","SXQ260","Questionnaire",10175,6695,65.7985257985258,3480,"La ausencia bruta puede responder a edad, patrones de salto, no aplicabilidad o no respuesta."
"quest__SXQ265","SXQ265","Questionnaire",10175,6695,65.7985257985258,3480,"La ausencia bruta puede responder a edad, patrones de salto, no aplicabilidad o no respuesta."
"quest__SXQ270","SXQ270","Questionnaire",10175,6695,65.7985257985258,3480,"La ausencia bruta puede responder a edad, patrones de salto, no aplicabilidad o no respuesta."
"quest__SXQ272","SXQ272","Questionnaire",10175,6695,65.7985257985258,3480,"La ausencia bruta puede responder a edad, patrones de salto, no aplicabilidad o no respuesta."
"exam__CSXGRAOD","CSXGRAOD","Examination",10175,6656,65.41523341523342,3519,"La ausencia bruta combina no participación en MEC, restricciones de edad y ausencia de la medición."
"exam__CSXNGSOD","CSXNGSOD","Examination",10175,6656,65.41523341523342,3519,"La ausencia bruta combina no participación en MEC, restricciones de edad y ausencia de la medición."
"exam__CSXONOD","CSXONOD","Examination",10175,6656,65.41523341523342,3519,"La ausencia bruta combina no participación en MEC, restricciones de edad y ausencia de la medición."
"exam__CSXLEAOD","CSXLEAOD","Examination",10175,6655,65.4054054054054,3520,"La ausencia bruta combina no participación en MEC, restricciones de edad y ausencia de la medición."
"exam__CSXSOAOD","CSXSOAOD","Examination",10175,6655,65.4054054054054,3520,"La ausencia bruta combina no participación en MEC, restricciones de edad y ausencia de la medición."
"exam__BMDBMIC","BMDBMIC","Examination",10175,6652,65.37592137592138,3523,"La ausencia bruta combina no participación en MEC, restricciones de edad y ausencia de la medición."
"exam__CSXSMKOD","CSXSMKOD","Examination",10175,6652,65.37592137592138,3523,"La ausencia bruta combina no participación en MEC, restricciones de edad y ausencia de la medición."
"exam__CSXSBOD","CSXSBOD","Examination",10175,6650,65.35626535626535,3525,"La ausencia bruta combina no participación en MEC, restricciones de edad y ausencia de la medición."
"exam__CSXCHOOD","CSXCHOOD","Examination",10175,6648,65.33660933660934,3527,"La ausencia bruta combina no participación en MEC, restricciones de edad y ausencia de la medición."
"exam__CSAEFFRT","CSAEFFRT","Examination",10175,6638,65.23832923832924,3537,"La ausencia bruta combina no participación en MEC, restricciones de edad y ausencia de la medición."
"exam__CSQ245","CSQ245","Examination",10175,6618,65.04176904176904,3557,"La ausencia bruta combina no participación en MEC, restricciones de edad y ausencia de la medición."
"quest__ALQ120U","ALQ120U","Questionnaire",10175,6582,64.68796068796068,3593,"La ausencia bruta puede responder a edad, patrones de salto, no aplicabilidad o no respuesta."
"quest__ALQ141Q","ALQ141Q","Questionnaire",10175,6580,64.66830466830467,3595,"La ausencia bruta puede responder a edad, patrones de salto, no aplicabilidad o no respuesta."
"quest__ALQ130","ALQ130","Questionnaire",10175,6579,64.65847665847666,3596,"La ausencia bruta puede responder a edad, patrones de salto, no aplicabilidad o no respuesta."
"lab__LBXHE1","LBXHE1","Labs",10175,6506,63.941031941031945,3669,"La ausencia bruta combina no participación, restricciones de edad, submuestras y ausencia de la determinación."
"quest__DPQ100","DPQ100","Questionnaire",10175,6501,63.891891891891895,3674,"La ausencia bruta puede responder a edad, patrones de salto, no aplicabilidad o no respuesta."
"quest__OHQ610","OHQ610","Questionnaire",10175,6494,63.82309582309583,3681,"La ausencia bruta puede responder a edad, patrones de salto, no aplicabilidad o no respuesta."
"quest__OHQ612","OHQ612","Questionnaire",10175,6494,63.82309582309583,3681,"La ausencia bruta puede responder a edad, patrones de salto, no aplicabilidad o no respuesta."
"quest__OHQ614","OHQ614","Questionnaire",10175,6494,63.82309582309583,3681,"La ausencia bruta puede responder a edad, patrones de salto, no aplicabilidad o no respuesta."
"quest__DUQ200","DUQ200","Questionnaire",10175,6474,63.62653562653563,3701,"La ausencia bruta puede responder a edad, patrones de salto, no aplicabilidad o no respuesta."
"exam__CSXEXSTS","CSXEXSTS","Examination",10175,6467,63.55773955773956,3708,"La ausencia bruta combina no participación en MEC, restricciones de edad y ausencia de la medición."
"quest__ECD010","ECD010","Questionnaire",10175,6465,63.53808353808354,3710,"La ausencia bruta puede responder a edad, patrones de salto, no aplicabilidad o no respuesta."
"quest__ECD070A","ECD070A","Questionnaire",10175,6465,63.53808353808354,3710,"La ausencia bruta puede responder a edad, patrones de salto, no aplicabilidad o no respuesta."
"quest__ECD070B","ECD070B","Questionnaire",10175,6465,63.53808353808354,3710,"La ausencia bruta puede responder a edad, patrones de salto, no aplicabilidad o no respuesta."
"quest__ECQ020","ECQ020","Questionnaire",10175,6465,63.53808353808354,3710,"La ausencia bruta puede responder a edad, patrones de salto, no aplicabilidad o no respuesta."
"lab__LBDRHP","LBDRHP","Labs",10175,6433,63.223587223587224,3742,"La ausencia bruta combina no participación, restricciones de edad, submuestras y ausencia de la determinación."
"lab__LBDRLP","LBDRLP","Labs",10175,6433,63.223587223587224,3742,"La ausencia bruta combina no participación, restricciones de edad, submuestras y ausencia de la determinación."
"quest__FSQ012","FSQ012","Questionnaire",10175,6428,63.174447174447174,3747,"La ausencia bruta puede responder a edad, patrones de salto, no aplicabilidad o no respuesta."
"lab__LBDRPI","LBDRPI","Labs",10175,6423,63.125307125307124,3752,"La ausencia bruta combina no participación, restricciones de edad, submuestras y ausencia de la determinación."
"quest__DBQ223B","DBQ223B","Questionnaire",10175,6384,62.74201474201474,3791,"La ausencia bruta puede responder a edad, patrones de salto, no aplicabilidad o no respuesta."
"quest__AUQ136","AUQ136","Questionnaire",10175,6360,62.5061425061425,3815,"La ausencia bruta puede responder a edad, patrones de salto, no aplicabilidad o no respuesta."
"quest__AUQ138","AUQ138","Questionnaire",10175,6360,62.5061425061425,3815,"La ausencia bruta puede responder a edad, patrones de salto, no aplicabilidad o no respuesta."
"quest__CDQ001","CDQ001","Questionnaire",10175,6360,62.5061425061425,3815,"La ausencia bruta puede responder a edad, patrones de salto, no aplicabilidad o no respuesta."
"quest__CDQ010","CDQ010","Questionnaire",10175,6360,62.5061425061425,3815,"La ausencia bruta puede responder a edad, patrones de salto, no aplicabilidad o no respuesta."
"quest__CSQ010","CSQ010","Questionnaire",10175,6360,62.5061425061425,3815,"La ausencia bruta puede responder a edad, patrones de salto, no aplicabilidad o no respuesta."
"quest__CSQ020","CSQ020","Questionnaire",10175,6360,62.5061425061425,3815,"La ausencia bruta puede responder a edad, patrones de salto, no aplicabilidad o no respuesta."
"quest__CSQ030","CSQ030","Questionnaire",10175,6360,62.5061425061425,3815,"La ausencia bruta puede responder a edad, patrones de salto, no aplicabilidad o no respuesta."
"quest__CSQ040","CSQ040","Questionnaire",10175,6360,62.5061425061425,3815,"La ausencia bruta puede responder a edad, patrones de salto, no aplicabilidad o no respuesta."
"quest__CSQ080","CSQ080","Questionnaire",10175,6360,62.5061425061425,3815,"La ausencia bruta puede responder a edad, patrones de salto, no aplicabilidad o no respuesta."
"quest__CSQ090A","CSQ090A","Questionnaire",10175,6360,62.5061425061425,3815,"La ausencia bruta puede responder a edad, patrones de salto, no aplicabilidad o no respuesta."
"quest__CSQ090B","CSQ090B","Questionnaire",10175,6360,62.5061425061425,3815,"La ausencia bruta puede responder a edad, patrones de salto, no aplicabilidad o no respuesta."
"quest__CSQ090C","CSQ090C","Questionnaire",10175,6360,62.5061425061425,3815,"La ausencia bruta puede responder a edad, patrones de salto, no aplicabilidad o no respuesta."
"quest__CSQ090D","CSQ090D","Questionnaire",10175,6360,62.5061425061425,3815,"La ausencia bruta puede responder a edad, patrones de salto, no aplicabilidad o no respuesta."
"quest__CSQ100","CSQ100","Questionnaire",10175,6360,62.5061425061425,3815,"La ausencia bruta puede responder a edad, patrones de salto, no aplicabilidad o no respuesta."
"quest__CSQ110","CSQ110","Questionnaire",10175,6360,62.5061425061425,3815,"La ausencia bruta puede responder a edad, patrones de salto, no aplicabilidad o no respuesta."
"quest__CSQ200","CSQ200","Questionnaire",10175,6360,62.5061425061425,3815,"La ausencia bruta puede responder a edad, patrones de salto, no aplicabilidad o no respuesta."
"quest__CSQ202","CSQ202","Questionnaire",10175,6360,62.5061425061425,3815,"La ausencia bruta puede responder a edad, patrones de salto, no aplicabilidad o no respuesta."
"quest__CSQ204","CSQ204","Questionnaire",10175,6360,62.5061425061425,3815,"La ausencia bruta puede responder a edad, patrones de salto, no aplicabilidad o no respuesta."
"quest__CSQ210","CSQ210","Questionnaire",10175,6360,62.5061425061425,3815,"La ausencia bruta puede responder a edad, patrones de salto, no aplicabilidad o no respuesta."
"quest__CSQ220","CSQ220","Questionnaire",10175,6360,62.5061425061425,3815,"La ausencia bruta puede responder a edad, patrones de salto, no aplicabilidad o no respuesta."
"quest__CSQ240","CSQ240","Questionnaire",10175,6360,62.5061425061425,3815,"La ausencia bruta puede responder a edad, patrones de salto, no aplicabilidad o no respuesta."
"quest__CSQ250","CSQ250","Questionnaire",10175,6360,62.5061425061425,3815,"La ausencia bruta puede responder a edad, patrones de salto, no aplicabilidad o no respuesta."
"quest__CSQ260","CSQ260","Questionnaire",10175,6360,62.5061425061425,3815,"La ausencia bruta puede responder a edad, patrones de salto, no aplicabilidad o no respuesta."
"quest__OSQ010A","OSQ010A","Questionnaire",10175,6360,62.5061425061425,3815,"La ausencia bruta puede responder a edad, patrones de salto, no aplicabilidad o no respuesta."
"quest__OSQ010B","OSQ010B","Questionnaire",10175,6360,62.5061425061425,3815,"La ausencia bruta puede responder a edad, patrones de salto, no aplicabilidad o no respuesta."
"quest__OSQ010C","OSQ010C","Questionnaire",10175,6360,62.5061425061425,3815,"La ausencia bruta puede responder a edad, patrones de salto, no aplicabilidad o no respuesta."
"quest__OSQ060","OSQ060","Questionnaire",10175,6360,62.5061425061425,3815,"La ausencia bruta puede responder a edad, patrones de salto, no aplicabilidad o no respuesta."
"quest__OSQ080","OSQ080","Questionnaire",10175,6360,62.5061425061425,3815,"La ausencia bruta puede responder a edad, patrones de salto, no aplicabilidad o no respuesta."
"quest__OSQ130","OSQ130","Questionnaire",10175,6360,62.5061425061425,3815,"La ausencia bruta puede responder a edad, patrones de salto, no aplicabilidad o no respuesta."
"quest__OSQ150","OSQ150","Questionnaire",10175,6360,62.5061425061425,3815,"La ausencia bruta puede responder a edad, patrones de salto, no aplicabilidad o no respuesta."
"quest__OSQ170","OSQ170","Questionnaire",10175,6360,62.5061425061425,3815,"La ausencia bruta puede responder a edad, patrones de salto, no aplicabilidad o no respuesta."
"quest__OSQ200","OSQ200","Questionnaire",10175,6360,62.5061425061425,3815,"La ausencia bruta puede responder a edad, patrones de salto, no aplicabilidad o no respuesta."
"quest__RXQ510","RXQ510","Questionnaire",10175,6360,62.5061425061425,3815,"La ausencia bruta puede responder a edad, patrones de salto, no aplicabilidad o no respuesta."
"lab__LBDR06","LBDR06","Labs",10175,6312,62.03439803439804,3863,"La ausencia bruta combina no participación, restricciones de edad, submuestras y ausencia de la determinación."
"lab__LBDR11","LBDR11","Labs",10175,6312,62.03439803439804,3863,"La ausencia bruta combina no participación, restricciones de edad, submuestras y ausencia de la determinación."
"lab__LBDR16","LBDR16","Labs",10175,6312,62.03439803439804,3863,"La ausencia bruta combina no participación, restricciones de edad, submuestras y ausencia de la determinación."
"lab__LBDR18","LBDR18","Labs",10175,6312,62.03439803439804,3863,"La ausencia bruta combina no participación, restricciones de edad, submuestras y ausencia de la determinación."
"lab__LBDR26","LBDR26","Labs",10175,6312,62.03439803439804,3863,"La ausencia bruta combina no participación, restricciones de edad, submuestras y ausencia de la determinación."
"lab__LBDR31","LBDR31","Labs",10175,6312,62.03439803439804,3863,"La ausencia bruta combina no participación, restricciones de edad, submuestras y ausencia de la determinación."
"lab__LBDR33","LBDR33","Labs",10175,6312,62.03439803439804,3863,"La ausencia bruta combina no participación, restricciones de edad, submuestras y ausencia de la determinación."
"lab__LBDR35","LBDR35","Labs",10175,6312,62.03439803439804,3863,"La ausencia bruta combina no participación, restricciones de edad, submuestras y ausencia de la determinación."
"lab__LBDR39","LBDR39","Labs",10175,6312,62.03439803439804,3863,"La ausencia bruta combina no participación, restricciones de edad, submuestras y ausencia de la determinación."
"lab__LBDR40","LBDR40","Labs",10175,6312,62.03439803439804,3863,"La ausencia bruta combina no participación, restricciones de edad, submuestras y ausencia de la determinación."
"lab__LBDR42","LBDR42","Labs",10175,6312,62.03439803439804,3863,"La ausencia bruta combina no participación, restricciones de edad, submuestras y ausencia de la determinación."
"lab__LBDR45","LBDR45","Labs",10175,6312,62.03439803439804,3863,"La ausencia bruta combina no participación, restricciones de edad, submuestras y ausencia de la determinación."
"lab__LBDR51","LBDR51","Labs",10175,6312,62.03439803439804,3863,"La ausencia bruta combina no participación, restricciones de edad, submuestras y ausencia de la determinación."
"lab__LBDR52","LBDR52","Labs",10175,6312,62.03439803439804,3863,"La ausencia bruta combina no participación, restricciones de edad, submuestras y ausencia de la determinación."
"lab__LBDR53","LBDR53","Labs",10175,6312,62.03439803439804,3863,"La ausencia bruta combina no participación, restricciones de edad, submuestras y ausencia de la determinación."
"lab__LBDR54","LBDR54","Labs",10175,6312,62.03439803439804,3863,"La ausencia bruta combina no participación, restricciones de edad, submuestras y ausencia de la determinación."
"lab__LBDR55","LBDR55","Labs",10175,6312,62.03439803439804,3863,"La ausencia bruta combina no participación, restricciones de edad, submuestras y ausencia de la determinación."
"lab__LBDR56","LBDR56","Labs",10175,6312,62.03439803439804,3863,"La ausencia bruta combina no participación, restricciones de edad, submuestras y ausencia de la determinación."
"lab__LBDR58","LBDR58","Labs",10175,6312,62.03439803439804,3863,"La ausencia bruta combina no participación, restricciones de edad, submuestras y ausencia de la determinación."
"lab__LBDR59","LBDR59","Labs",10175,6312,62.03439803439804,3863,"La ausencia bruta combina no participación, restricciones de edad, submuestras y ausencia de la determinación."
"lab__LBDR61","LBDR61","Labs",10175,6312,62.03439803439804,3863,"La ausencia bruta combina no participación, restricciones de edad, submuestras y ausencia de la determinación."
"lab__LBDR62","LBDR62","Labs",10175,6312,62.03439803439804,3863,"La ausencia bruta combina no participación, restricciones de edad, submuestras y ausencia de la determinación."
"lab__LBDR64","LBDR64","Labs",10175,6312,62.03439803439804,3863,"La ausencia bruta combina no participación, restricciones de edad, submuestras y ausencia de la determinación."
"lab__LBDR66","LBDR66","Labs",10175,6312,62.03439803439804,3863,"La ausencia bruta combina no participación, restricciones de edad, submuestras y ausencia de la determinación."
"lab__LBDR67","LBDR67","Labs",10175,6312,62.03439803439804,3863,"La ausencia bruta combina no participación, restricciones de edad, submuestras y ausencia de la determinación."
"lab__LBDR68","LBDR68","Labs",10175,6312,62.03439803439804,3863,"La ausencia bruta combina no participación, restricciones de edad, submuestras y ausencia de la determinación."
"lab__LBDR69","LBDR69","Labs",10175,6312,62.03439803439804,3863,"La ausencia bruta combina no participación, restricciones de edad, submuestras y ausencia de la determinación."
"lab__LBDR70","LBDR70","Labs",10175,6312,62.03439803439804,3863,"La ausencia bruta combina no participación, restricciones de edad, submuestras y ausencia de la determinación."
"lab__LBDR71","LBDR71","Labs",10175,6312,62.03439803439804,3863,"La ausencia bruta combina no participación, restricciones de edad, submuestras y ausencia de la determinación."
"lab__LBDR72","LBDR72","Labs",10175,6312,62.03439803439804,3863,"La ausencia bruta combina no participación, restricciones de edad, submuestras y ausencia de la determinación."
"lab__LBDR73","LBDR73","Labs",10175,6312,62.03439803439804,3863,"La ausencia bruta combina no participación, restricciones de edad, submuestras y ausencia de la determinación."
"lab__LBDR81","LBDR81","Labs",10175,6312,62.03439803439804,3863,"La ausencia bruta combina no participación, restricciones de edad, submuestras y ausencia de la determinación."
"lab__LBDR82","LBDR82","Labs",10175,6312,62.03439803439804,3863,"La ausencia bruta combina no participación, restricciones de edad, submuestras y ausencia de la determinación."
"lab__LBDR83","LBDR83","Labs",10175,6312,62.03439803439804,3863,"La ausencia bruta combina no participación, restricciones de edad, submuestras y ausencia de la determinación."
"lab__LBDR84","LBDR84","Labs",10175,6312,62.03439803439804,3863,"La ausencia bruta combina no participación, restricciones de edad, submuestras y ausencia de la determinación."
"lab__LBDR89","LBDR89","Labs",10175,6312,62.03439803439804,3863,"La ausencia bruta combina no participación, restricciones de edad, submuestras y ausencia de la determinación."
"lab__LBDRPCR","LBDRPCR","Labs",10175,6312,62.03439803439804,3863,"La ausencia bruta combina no participación, restricciones de edad, submuestras y ausencia de la determinación."
"quest__DEQ034C","DEQ034C","Questionnaire",10175,6294,61.85749385749386,3881,"La ausencia bruta puede responder a edad, patrones de salto, no aplicabilidad o no respuesta."
"quest__DEQ034D","DEQ034D","Questionnaire",10175,6294,61.85749385749386,3881,"La ausencia bruta puede responder a edad, patrones de salto, no aplicabilidad o no respuesta."
"lab__LBDHI","LBDHI","Labs",10175,6263,61.55282555282555,3912,"La ausencia bruta combina no participación, restricciones de edad, submuestras y ausencia de la determinación."
"quest__DED031","DED031","Questionnaire",10175,6248,61.4054054054054,3927,"La ausencia bruta puede responder a edad, patrones de salto, no aplicabilidad o no respuesta."
"quest__DEQ034A","DEQ034A","Questionnaire",10175,6248,61.4054054054054,3927,"La ausencia bruta puede responder a edad, patrones de salto, no aplicabilidad o no respuesta."
"quest__DEQ038G","DEQ038G","Questionnaire",10175,6248,61.4054054054054,3927,"La ausencia bruta puede responder a edad, patrones de salto, no aplicabilidad o no respuesta."
"lab__URXUTRI","URXUTRI","Labs",10175,6118,60.12776412776413,4057,"La ausencia bruta combina no participación, restricciones de edad, submuestras y ausencia de la determinación."
"lab__LBDWFL","LBDWFL","Labs",10175,6075,59.70515970515971,4100,"La ausencia bruta combina no participación, restricciones de edad, submuestras y ausencia de la determinación."
"quest__WHD110","WHD110","Questionnaire",10175,5996,58.92874692874693,4179,"La ausencia bruta puede responder a edad, patrones de salto, no aplicabilidad o no respuesta."
"dem__RIDEXAGM","RIDEXAGM","Demographic",10175,5962,58.5945945945946,4213,"Ausencia de entrevista o no respuesta al ítem; no debe asumirse MCAR sin comprobar asociaciones observadas."
"quest__PFQ059","PFQ059","Questionnaire",10175,5905,58.03439803439804,4270,"La ausencia bruta puede responder a edad, patrones de salto, no aplicabilidad o no respuesta."
"quest__DBQ235A","DBQ235A","Questionnaire",10175,5895,57.93611793611794,4280,"La ausencia bruta puede responder a edad, patrones de salto, no aplicabilidad o no respuesta."
"quest__DBQ235B","DBQ235B","Questionnaire",10175,5895,57.93611793611794,4280,"La ausencia bruta puede responder a edad, patrones de salto, no aplicabilidad o no respuesta."
"quest__DBQ235C","DBQ235C","Questionnaire",10175,5895,57.93611793611794,4280,"La ausencia bruta puede responder a edad, patrones de salto, no aplicabilidad o no respuesta."
"quest__SXD031","SXD031","Questionnaire",10175,5882,57.80835380835381,4293,"La ausencia bruta puede responder a edad, patrones de salto, no aplicabilidad o no respuesta."
"exam__OHXIMP","OHXIMP","Examination",10175,5856,57.55282555282555,4319,"La ausencia bruta combina no participación en MEC, restricciones de edad y ausencia de la medición."
"quest__BPQ060","BPQ060","Questionnaire",10175,5748,56.49140049140049,4427,"La ausencia bruta puede responder a edad, patrones de salto, no aplicabilidad o no respuesta."
"quest__ALQ151","ALQ151","Questionnaire",10175,5698,56,4477,"La ausencia bruta puede responder a edad, patrones de salto, no aplicabilidad o no respuesta."
"quest__ALQ120Q","ALQ120Q","Questionnaire",10175,5696,55.98034398034398,4479,"La ausencia bruta puede responder a edad, patrones de salto, no aplicabilidad o no respuesta."
"quest__SXD021","SXD021","Questionnaire",10175,5649,55.518427518427515,4526,"La ausencia bruta puede responder a edad, patrones de salto, no aplicabilidad o no respuesta."
"quest__DUQ370","DUQ370","Questionnaire",10175,5636,55.39066339066339,4539,"La ausencia bruta puede responder a edad, patrones de salto, no aplicabilidad o no respuesta."
"quest__DUQ240","DUQ240","Questionnaire",10175,5635,55.38083538083538,4540,"La ausencia bruta puede responder a edad, patrones de salto, no aplicabilidad o no respuesta."
"quest__BPQ070","BPQ070","Questionnaire",10175,5555,54.5945945945946,4620,"La ausencia bruta puede responder a edad, patrones de salto, no aplicabilidad o no respuesta."
"quest__BPQ090D","BPQ090D","Questionnaire",10175,5555,54.5945945945946,4620,"La ausencia bruta puede responder a edad, patrones de salto, no aplicabilidad o no respuesta."
"quest__SMQ862","SMQ862","Questionnaire",10175,5378,52.85503685503686,4797,"La ausencia bruta puede responder a edad, patrones de salto, no aplicabilidad o no respuesta."
"quest__IND247","IND247","Questionnaire",10175,5366,52.73710073710074,4809,"La ausencia bruta puede responder a edad, patrones de salto, no aplicabilidad o no respuesta."
"quest__OHQ620","OHQ620","Questionnaire",10175,5362,52.697788697788695,4813,"La ausencia bruta puede responder a edad, patrones de salto, no aplicabilidad o no respuesta."
"quest__OHQ640","OHQ640","Questionnaire",10175,5362,52.697788697788695,4813,"La ausencia bruta puede responder a edad, patrones de salto, no aplicabilidad o no respuesta."
"quest__OHQ680","OHQ680","Questionnaire",10175,5362,52.697788697788695,4813,"La ausencia bruta puede responder a edad, patrones de salto, no aplicabilidad o no respuesta."
"quest__OHQ835","OHQ835","Questionnaire",10175,5362,52.697788697788695,4813,"La ausencia bruta puede responder a edad, patrones de salto, no aplicabilidad o no respuesta."
"quest__OHQ850","OHQ850","Questionnaire",10175,5362,52.697788697788695,4813,"La ausencia bruta puede responder a edad, patrones de salto, no aplicabilidad o no respuesta."
"quest__OHQ855","OHQ855","Questionnaire",10175,5362,52.697788697788695,4813,"La ausencia bruta puede responder a edad, patrones de salto, no aplicabilidad o no respuesta."
"quest__OHQ860","OHQ860","Questionnaire",10175,5362,52.697788697788695,4813,"La ausencia bruta puede responder a edad, patrones de salto, no aplicabilidad o no respuesta."
"quest__OHQ865","OHQ865","Questionnaire",10175,5362,52.697788697788695,4813,"La ausencia bruta puede responder a edad, patrones de salto, no aplicabilidad o no respuesta."
"quest__OHQ870","OHQ870","Questionnaire",10175,5362,52.697788697788695,4813,"La ausencia bruta puede responder a edad, patrones de salto, no aplicabilidad o no respuesta."
"quest__OHQ875","OHQ875","Questionnaire",10175,5362,52.697788697788695,4813,"La ausencia bruta puede responder a edad, patrones de salto, no aplicabilidad o no respuesta."
"quest__OHQ880","OHQ880","Questionnaire",10175,5362,52.697788697788695,4813,"La ausencia bruta puede responder a edad, patrones de salto, no aplicabilidad o no respuesta."
"quest__OHQ885","OHQ885","Questionnaire",10175,5362,52.697788697788695,4813,"La ausencia bruta puede responder a edad, patrones de salto, no aplicabilidad o no respuesta."
"quest__HIQ031A","HIQ031A","Questionnaire",10175,5354,52.61916461916462,4821,"La ausencia bruta puede responder a edad, patrones de salto, no aplicabilidad o no respuesta."
"quest__WHD120","WHD120","Questionnaire",10175,5151,50.62407862407862,5024,"La ausencia bruta puede responder a edad, patrones de salto, no aplicabilidad o no respuesta."
"lab__ORXGH","ORXGH","Labs",10175,5118,50.2997542997543,5057,"La ausencia bruta combina no participación, restricciones de edad, submuestras y ausencia de la determinación."
"lab__ORXGL","ORXGL","Labs",10175,5118,50.2997542997543,5057,"La ausencia bruta combina no participación, restricciones de edad, submuestras y ausencia de la determinación."
"lab__ORXH06","ORXH06","Labs",10175,5118,50.2997542997543,5057,"La ausencia bruta combina no participación, restricciones de edad, submuestras y ausencia de la determinación."
"lab__ORXH11","ORXH11","Labs",10175,5118,50.2997542997543,5057,"La ausencia bruta combina no participación, restricciones de edad, submuestras y ausencia de la determinación."
"lab__ORXH16","ORXH16","Labs",10175,5118,50.2997542997543,5057,"La ausencia bruta combina no participación, restricciones de edad, submuestras y ausencia de la determinación."
"lab__ORXH18","ORXH18","Labs",10175,5118,50.2997542997543,5057,"La ausencia bruta combina no participación, restricciones de edad, submuestras y ausencia de la determinación."
"lab__ORXH26","ORXH26","Labs",10175,5118,50.2997542997543,5057,"La ausencia bruta combina no participación, restricciones de edad, submuestras y ausencia de la determinación."
"lab__ORXH31","ORXH31","Labs",10175,5118,50.2997542997543,5057,"La ausencia bruta combina no participación, restricciones de edad, submuestras y ausencia de la determinación."
"lab__ORXH33","ORXH33","Labs",10175,5118,50.2997542997543,5057,"La ausencia bruta combina no participación, restricciones de edad, submuestras y ausencia de la determinación."
"lab__ORXH35","ORXH35","Labs",10175,5118,50.2997542997543,5057,"La ausencia bruta combina no participación, restricciones de edad, submuestras y ausencia de la determinación."
"lab__ORXH39","ORXH39","Labs",10175,5118,50.2997542997543,5057,"La ausencia bruta combina no participación, restricciones de edad, submuestras y ausencia de la determinación."
"lab__ORXH40","ORXH40","Labs",10175,5118,50.2997542997543,5057,"La ausencia bruta combina no participación, restricciones de edad, submuestras y ausencia de la determinación."
"lab__ORXH42","ORXH42","Labs",10175,5118,50.2997542997543,5057,"La ausencia bruta combina no participación, restricciones de edad, submuestras y ausencia de la determinación."
"lab__ORXH45","ORXH45","Labs",10175,5118,50.2997542997543,5057,"La ausencia bruta combina no participación, restricciones de edad, submuestras y ausencia de la determinación."
"lab__ORXH51","ORXH51","Labs",10175,5118,50.2997542997543,5057,"La ausencia bruta combina no participación, restricciones de edad, submuestras y ausencia de la determinación."
"lab__ORXH52","ORXH52","Labs",10175,5118,50.2997542997543,5057,"La ausencia bruta combina no participación, restricciones de edad, submuestras y ausencia de la determinación."
"lab__ORXH53","ORXH53","Labs",10175,5118,50.2997542997543,5057,"La ausencia bruta combina no participación, restricciones de edad, submuestras y ausencia de la determinación."
"lab__ORXH54","ORXH54","Labs",10175,5118,50.2997542997543,5057,"La ausencia bruta combina no participación, restricciones de edad, submuestras y ausencia de la determinación."
"lab__ORXH55","ORXH55","Labs",10175,5118,50.2997542997543,5057,"La ausencia bruta combina no participación, restricciones de edad, submuestras y ausencia de la determinación."
"lab__ORXH56","ORXH56","Labs",10175,5118,50.2997542997543,5057,"La ausencia bruta combina no participación, restricciones de edad, submuestras y ausencia de la determinación."
"lab__ORXH58","ORXH58","Labs",10175,5118,50.2997542997543,5057,"La ausencia bruta combina no participación, restricciones de edad, submuestras y ausencia de la determinación."
"lab__ORXH59","ORXH59","Labs",10175,5118,50.2997542997543,5057,"La ausencia bruta combina no participación, restricciones de edad, submuestras y ausencia de la determinación."
"lab__ORXH61","ORXH61","Labs",10175,5118,50.2997542997543,5057,"La ausencia bruta combina no participación, restricciones de edad, submuestras y ausencia de la determinación."
"lab__ORXH62","ORXH62","Labs",10175,5118,50.2997542997543,5057,"La ausencia bruta combina no participación, restricciones de edad, submuestras y ausencia de la determinación."
"lab__ORXH64","ORXH64","Labs",10175,5118,50.2997542997543,5057,"La ausencia bruta combina no participación, restricciones de edad, submuestras y ausencia de la determinación."
"lab__ORXH66","ORXH66","Labs",10175,5118,50.2997542997543,5057,"La ausencia bruta combina no participación, restricciones de edad, submuestras y ausencia de la determinación."
"lab__ORXH67","ORXH67","Labs",10175,5118,50.2997542997543,5057,"La ausencia bruta combina no participación, restricciones de edad, submuestras y ausencia de la determinación."
"lab__ORXH68","ORXH68","Labs",10175,5118,50.2997542997543,5057,"La ausencia bruta combina no participación, restricciones de edad, submuestras y ausencia de la determinación."
"lab__ORXH69","ORXH69","Labs",10175,5118,50.2997542997543,5057,"La ausencia bruta combina no participación, restricciones de edad, submuestras y ausencia de la determinación."
"lab__ORXH70","ORXH70","Labs",10175,5118,50.2997542997543,5057,"La ausencia bruta combina no participación, restricciones de edad, submuestras y ausencia de la determinación."
"lab__ORXH71","ORXH71","Labs",10175,5118,50.2997542997543,5057,"La ausencia bruta combina no participación, restricciones de edad, submuestras y ausencia de la determinación."
"lab__ORXH72","ORXH72","Labs",10175,5118,50.2997542997543,5057,"La ausencia bruta combina no participación, restricciones de edad, submuestras y ausencia de la determinación."
"lab__ORXH73","ORXH73","Labs",10175,5118,50.2997542997543,5057,"La ausencia bruta combina no participación, restricciones de edad, submuestras y ausencia de la determinación."
"lab__ORXH81","ORXH81","Labs",10175,5118,50.2997542997543,5057,"La ausencia bruta combina no participación, restricciones de edad, submuestras y ausencia de la determinación."
"lab__ORXH82","ORXH82","Labs",10175,5118,50.2997542997543,5057,"La ausencia bruta combina no participación, restricciones de edad, submuestras y ausencia de la determinación."
"lab__ORXH83","ORXH83","Labs",10175,5118,50.2997542997543,5057,"La ausencia bruta combina no participación, restricciones de edad, submuestras y ausencia de la determinación."
"lab__ORXH84","ORXH84","Labs",10175,5118,50.2997542997543,5057,"La ausencia bruta combina no participación, restricciones de edad, submuestras y ausencia de la determinación."
"lab__ORXHPC","ORXHPC","Labs",10175,5118,50.2997542997543,5057,"La ausencia bruta combina no participación, restricciones de edad, submuestras y ausencia de la determinación."
"lab__ORXHPI","ORXHPI","Labs",10175,5118,50.2997542997543,5057,"La ausencia bruta combina no participación, restricciones de edad, submuestras y ausencia de la determinación."
"lab__ORXHPV","ORXHPV","Labs",10175,5118,50.2997542997543,5057,"La ausencia bruta combina no participación, restricciones de edad, submuestras y ausencia de la determinación."
"quest__SMQ876","SMQ876","Questionnaire",10175,5057,49.7002457002457,5118,"La ausencia bruta puede responder a edad, patrones de salto, no aplicabilidad o no respuesta."
"lab__LBDBGELC","LBDBGELC","Labs",10175,5000,49.14004914004914,5175,"La ausencia bruta combina no participación, restricciones de edad, submuestras y ausencia de la determinación."
"lab__LBDBGMLC","LBDBGMLC","Labs",10175,5000,49.14004914004914,5175,"La ausencia bruta combina no participación, restricciones de edad, submuestras y ausencia de la determinación."
"lab__LBDIHGLC","LBDIHGLC","Labs",10175,5000,49.14004914004914,5175,"La ausencia bruta combina no participación, restricciones de edad, submuestras y ausencia de la determinación."
"lab__LBDIHGSI","LBDIHGSI","Labs",10175,5000,49.14004914004914,5175,"La ausencia bruta combina no participación, restricciones de edad, submuestras y ausencia de la determinación."
"lab__LBXBGE","LBXBGE","Labs",10175,5000,49.14004914004914,5175,"La ausencia bruta combina no participación, restricciones de edad, submuestras y ausencia de la determinación."
"lab__LBXBGM","LBXBGM","Labs",10175,5000,49.14004914004914,5175,"La ausencia bruta combina no participación, restricciones de edad, submuestras y ausencia de la determinación."
"lab__LBXIHG","LBXIHG","Labs",10175,5000,49.14004914004914,5175,"La ausencia bruta combina no participación, restricciones de edad, submuestras y ausencia de la determinación."
"exam__MGD050","MGD050","Examination",10175,4964,48.78624078624079,5211,"La ausencia bruta combina no participación en MEC, restricciones de edad y ausencia de la medición."
"exam__MGDSEAT","MGDSEAT","Examination",10175,4964,48.78624078624079,5211,"La ausencia bruta combina no participación en MEC, restricciones de edad y ausencia de la medición."
"lab__LBDBCDLC","LBDBCDLC","Labs",10175,4960,48.746928746928745,5215,"La ausencia bruta combina no participación, restricciones de edad, submuestras y ausencia de la determinación."
"lab__LBDBCDSI","LBDBCDSI","Labs",10175,4960,48.746928746928745,5215,"La ausencia bruta combina no participación, restricciones de edad, submuestras y ausencia de la determinación."
"lab__LBDBMNLC","LBDBMNLC","Labs",10175,4960,48.746928746928745,5215,"La ausencia bruta combina no participación, restricciones de edad, submuestras y ausencia de la determinación."
"lab__LBDBMNSI","LBDBMNSI","Labs",10175,4960,48.746928746928745,5215,"La ausencia bruta combina no participación, restricciones de edad, submuestras y ausencia de la determinación."
"lab__LBDBPBLC","LBDBPBLC","Labs",10175,4960,48.746928746928745,5215,"La ausencia bruta combina no participación, restricciones de edad, submuestras y ausencia de la determinación."
"lab__LBDBPBSI","LBDBPBSI","Labs",10175,4960,48.746928746928745,5215,"La ausencia bruta combina no participación, restricciones de edad, submuestras y ausencia de la determinación."
"lab__LBDBSELC","LBDBSELC","Labs",10175,4960,48.746928746928745,5215,"La ausencia bruta combina no participación, restricciones de edad, submuestras y ausencia de la determinación."
"lab__LBDBSESI","LBDBSESI","Labs",10175,4960,48.746928746928745,5215,"La ausencia bruta combina no participación, restricciones de edad, submuestras y ausencia de la determinación."
"lab__LBDTHGLC","LBDTHGLC","Labs",10175,4960,48.746928746928745,5215,"La ausencia bruta combina no participación, restricciones de edad, submuestras y ausencia de la determinación."
"lab__LBDTHGSI","LBDTHGSI","Labs",10175,4960,48.746928746928745,5215,"La ausencia bruta combina no participación, restricciones de edad, submuestras y ausencia de la determinación."
"lab__LBXBCD","LBXBCD","Labs",10175,4960,48.746928746928745,5215,"La ausencia bruta combina no participación, restricciones de edad, submuestras y ausencia de la determinación."
"lab__LBXBMN","LBXBMN","Labs",10175,4960,48.746928746928745,5215,"La ausencia bruta combina no participación, restricciones de edad, submuestras y ausencia de la determinación."
"lab__LBXBPB","LBXBPB","Labs",10175,4960,48.746928746928745,5215,"La ausencia bruta combina no participación, restricciones de edad, submuestras y ausencia de la determinación."
"lab__LBXBSE","LBXBSE","Labs",10175,4960,48.746928746928745,5215,"La ausencia bruta combina no participación, restricciones de edad, submuestras y ausencia de la determinación."
"lab__LBXTHG","LBXTHG","Labs",10175,4960,48.746928746928745,5215,"La ausencia bruta combina no participación, restricciones de edad, submuestras y ausencia de la determinación."
"quest__CBQ552","CBQ552","Questionnaire",10175,4890,48.058968058968055,5285,"La ausencia bruta puede responder a edad, patrones de salto, no aplicabilidad o no respuesta."
"quest__CBQ580","CBQ580","Questionnaire",10175,4890,48.058968058968055,5285,"La ausencia bruta puede responder a edad, patrones de salto, no aplicabilidad o no respuesta."
"quest__CBQ590","CBQ590","Questionnaire",10175,4890,48.058968058968055,5285,"La ausencia bruta puede responder a edad, patrones de salto, no aplicabilidad o no respuesta."
"lab__LBDB12","LBDB12","Labs",10175,4859,47.75429975429975,5316,"La ausencia bruta combina no participación, restricciones de edad, submuestras y ausencia de la determinación."
"lab__LBDB12SI","LBDB12SI","Labs",10175,4859,47.75429975429975,5316,"La ausencia bruta combina no participación, restricciones de edad, submuestras y ausencia de la determinación."
"dem__DMDHSEDU","DMDHSEDU","Demographic",10175,4833,47.4987714987715,5342,"Ausencia de entrevista o no respuesta al ítem; no debe asumirse MCAR sin comprobar asociaciones observadas."
"quest__DPQ090","DPQ090","Questionnaire",10175,4782,46.997542997543,5393,"La ausencia bruta puede responder a edad, patrones de salto, no aplicabilidad o no respuesta."
"quest__DPQ060","DPQ060","Questionnaire",10175,4781,46.98771498771499,5394,"La ausencia bruta puede responder a edad, patrones de salto, no aplicabilidad o no respuesta."
"quest__DPQ070","DPQ070","Questionnaire",10175,4781,46.98771498771499,5394,"La ausencia bruta puede responder a edad, patrones de salto, no aplicabilidad o no respuesta."
"quest__DPQ080","DPQ080","Questionnaire",10175,4781,46.98771498771499,5394,"La ausencia bruta puede responder a edad, patrones de salto, no aplicabilidad o no respuesta."
"quest__DPQ030","DPQ030","Questionnaire",10175,4780,46.977886977886975,5395,"La ausencia bruta puede responder a edad, patrones de salto, no aplicabilidad o no respuesta."
"quest__DPQ040","DPQ040","Questionnaire",10175,4780,46.977886977886975,5395,"La ausencia bruta puede responder a edad, patrones de salto, no aplicabilidad o no respuesta."
"quest__DPQ050","DPQ050","Questionnaire",10175,4780,46.977886977886975,5395,"La ausencia bruta puede responder a edad, patrones de salto, no aplicabilidad o no respuesta."
"quest__DPQ020","DPQ020","Questionnaire",10175,4779,46.96805896805897,5396,"La ausencia bruta puede responder a edad, patrones de salto, no aplicabilidad o no respuesta."
"quest__DPQ010","DPQ010","Questionnaire",10175,4777,46.94840294840295,5398,"La ausencia bruta puede responder a edad, patrones de salto, no aplicabilidad o no respuesta."
"quest__CBQ535","CBQ535","Questionnaire",10175,4772,46.8992628992629,5403,"La ausencia bruta puede responder a edad, patrones de salto, no aplicabilidad o no respuesta."
"quest__CBQ545","CBQ545","Questionnaire",10175,4772,46.8992628992629,5403,"La ausencia bruta puede responder a edad, patrones de salto, no aplicabilidad o no respuesta."
"quest__ALQ101","ALQ101","Questionnaire",10175,4754,46.72235872235872,5421,"La ausencia bruta puede responder a edad, patrones de salto, no aplicabilidad o no respuesta."
"quest__SMQ863","SMQ863","Questionnaire",10175,4752,46.7027027027027,5423,"La ausencia bruta puede responder a edad, patrones de salto, no aplicabilidad o no respuesta."
"quest__SMDANY","SMDANY","Questionnaire",10175,4702,46.21130221130221,5473,"La ausencia bruta puede responder a edad, patrones de salto, no aplicabilidad o no respuesta."
"quest__INQ244","INQ244","Questionnaire",10175,4661,45.80835380835381,5514,"La ausencia bruta puede responder a edad, patrones de salto, no aplicabilidad o no respuesta."
"quest__WHQ070","WHQ070","Questionnaire",10175,4501,44.235872235872236,5674,"La ausencia bruta puede responder a edad, patrones de salto, no aplicabilidad o no respuesta."
"quest__SMQ880","SMQ880","Questionnaire",10175,4497,44.1965601965602,5678,"La ausencia bruta puede responder a edad, patrones de salto, no aplicabilidad o no respuesta."
"quest__ACD011A","ACD011A","Questionnaire",10175,4416,43.4004914004914,5759,"La ausencia bruta puede responder a edad, patrones de salto, no aplicabilidad o no respuesta."
"quest__HSQ590","HSQ590","Questionnaire",10175,4407,43.31203931203931,5768,"La ausencia bruta puede responder a edad, patrones de salto, no aplicabilidad o no respuesta."
"dem__DMDEDUC2","DMDEDUC2","Demographic",10175,4406,43.302211302211305,5769,"Ausencia de entrevista o no respuesta al ítem; no debe asumirse MCAR sin comprobar asociaciones observadas."
"dem__DMDMARTL","DMDMARTL","Demographic",10175,4406,43.302211302211305,5769,"Ausencia de entrevista o no respuesta al ítem; no debe asumirse MCAR sin comprobar asociaciones observadas."
"quest__DBQ229","DBQ229","Questionnaire",10175,4406,43.302211302211305,5769,"La ausencia bruta puede responder a edad, patrones de salto, no aplicabilidad o no respuesta."
"quest__HSQ571","HSQ571","Questionnaire",10175,4406,43.302211302211305,5769,"La ausencia bruta puede responder a edad, patrones de salto, no aplicabilidad o no respuesta."
"quest__MCQ160A","MCQ160A","Questionnaire",10175,4406,43.302211302211305,5769,"La ausencia bruta puede responder a edad, patrones de salto, no aplicabilidad o no respuesta."
"quest__MCQ160B","MCQ160B","Questionnaire",10175,4406,43.302211302211305,5769,"La ausencia bruta puede responder a edad, patrones de salto, no aplicabilidad o no respuesta."
"quest__MCQ160C","MCQ160C","Questionnaire",10175,4406,43.302211302211305,5769,"La ausencia bruta puede responder a edad, patrones de salto, no aplicabilidad o no respuesta."
"quest__MCQ160D","MCQ160D","Questionnaire",10175,4406,43.302211302211305,5769,"La ausencia bruta puede responder a edad, patrones de salto, no aplicabilidad o no respuesta."
"quest__MCQ160E","MCQ160E","Questionnaire",10175,4406,43.302211302211305,5769,"La ausencia bruta puede responder a edad, patrones de salto, no aplicabilidad o no respuesta."
"quest__MCQ160F","MCQ160F","Questionnaire",10175,4406,43.302211302211305,5769,"La ausencia bruta puede responder a edad, patrones de salto, no aplicabilidad o no respuesta."
"quest__MCQ160G","MCQ160G","Questionnaire",10175,4406,43.302211302211305,5769,"La ausencia bruta puede responder a edad, patrones de salto, no aplicabilidad o no respuesta."
"quest__MCQ160K","MCQ160K","Questionnaire",10175,4406,43.302211302211305,5769,"La ausencia bruta puede responder a edad, patrones de salto, no aplicabilidad o no respuesta."
"quest__MCQ160L","MCQ160L","Questionnaire",10175,4406,43.302211302211305,5769,"La ausencia bruta puede responder a edad, patrones de salto, no aplicabilidad o no respuesta."
"quest__MCQ160M","MCQ160M","Questionnaire",10175,4406,43.302211302211305,5769,"La ausencia bruta puede responder a edad, patrones de salto, no aplicabilidad o no respuesta."
"quest__MCQ160N","MCQ160N","Questionnaire",10175,4406,43.302211302211305,5769,"La ausencia bruta puede responder a edad, patrones de salto, no aplicabilidad o no respuesta."
"quest__MCQ160O","MCQ160O","Questionnaire",10175,4406,43.302211302211305,5769,"La ausencia bruta puede responder a edad, patrones de salto, no aplicabilidad o no respuesta."
"quest__MCQ220","MCQ220","Questionnaire",10175,4406,43.302211302211305,5769,"La ausencia bruta puede responder a edad, patrones de salto, no aplicabilidad o no respuesta."
"quest__MCQ300A","MCQ300A","Questionnaire",10175,4406,43.302211302211305,5769,"La ausencia bruta puede responder a edad, patrones de salto, no aplicabilidad o no respuesta."
"quest__MCQ300C","MCQ300C","Questionnaire",10175,4406,43.302211302211305,5769,"La ausencia bruta puede responder a edad, patrones de salto, no aplicabilidad o no respuesta."
"quest__PFQ049","PFQ049","Questionnaire",10175,4406,43.302211302211305,5769,"La ausencia bruta puede responder a edad, patrones de salto, no aplicabilidad o no respuesta."
"quest__PFQ051","PFQ051","Questionnaire",10175,4406,43.302211302211305,5769,"La ausencia bruta puede responder a edad, patrones de salto, no aplicabilidad o no respuesta."
"quest__PFQ054","PFQ054","Questionnaire",10175,4406,43.302211302211305,5769,"La ausencia bruta puede responder a edad, patrones de salto, no aplicabilidad o no respuesta."
"quest__PFQ057","PFQ057","Questionnaire",10175,4406,43.302211302211305,5769,"La ausencia bruta puede responder a edad, patrones de salto, no aplicabilidad o no respuesta."
"quest__PFQ090","PFQ090","Questionnaire",10175,4406,43.302211302211305,5769,"La ausencia bruta puede responder a edad, patrones de salto, no aplicabilidad o no respuesta."
"mort__PERMTH_EXM","PERMTH_EXM","Linked Mortality",10175,4262,41.88697788697789,5913,"La ausencia bruta depende de la elegibilidad para el archivo público; debe evaluarse dentro de la población elegible."
"mort__followup_months_exam","followup_months_exam","Linked Mortality",10175,4262,41.88697788697789,5913,"La ausencia bruta depende de la elegibilidad para el archivo público; debe evaluarse dentro de la población elegible."
"mort__followup_years_exam","followup_years_exam","Linked Mortality",10175,4262,41.88697788697789,5913,"La ausencia bruta depende de la elegibilidad para el archivo público; debe evaluarse dentro de la población elegible."
"lab__WTSH2YR","WTSH2YR","Labs",10175,4243,41.7002457002457,5932,"La ausencia bruta combina no participación, restricciones de edad, submuestras y ausencia de la determinación."
"quest__WHQ150","WHQ150","Questionnaire",10175,4155,40.83538083538083,6020,"La ausencia bruta puede responder a edad, patrones de salto, no aplicabilidad o no respuesta."
"mort__MORTSTAT","MORTSTAT","Linked Mortality",10175,4075,40.04914004914005,6100,"La ausencia bruta depende de la elegibilidad para el archivo público; debe evaluarse dentro de la población elegible."
"mort__PERMTH_INT","PERMTH_INT","Linked Mortality",10175,4075,40.04914004914005,6100,"La ausencia bruta depende de la elegibilidad para el archivo público; debe evaluarse dentro de la población elegible."
"mort__event","event","Linked Mortality",10175,4075,40.04914004914005,6100,"La ausencia bruta depende de la elegibilidad para el archivo público; debe evaluarse dentro de la población elegible."
"mort__followup_months_interview","followup_months_interview","Linked Mortality",10175,4075,40.04914004914005,6100,"La ausencia bruta depende de la elegibilidad para el archivo público; debe evaluarse dentro de la población elegible."
"mort__followup_years_interview","followup_years_interview","Linked Mortality",10175,4075,40.04914004914005,6100,"La ausencia bruta depende de la elegibilidad para el archivo público; debe evaluarse dentro de la población elegible."
"quest__WHD140","WHD140","Questionnaire",10175,4072,40.01965601965602,6103,"La ausencia bruta puede responder a edad, patrones de salto, no aplicabilidad o no respuesta."
"quest__SMQ020","SMQ020","Questionnaire",10175,4062,39.92137592137592,6113,"La ausencia bruta puede responder a edad, patrones de salto, no aplicabilidad o no respuesta."
"quest__SMQ856","SMQ856","Questionnaire",10175,4062,39.92137592137592,6113,"La ausencia bruta puede responder a edad, patrones de salto, no aplicabilidad o no respuesta."
"quest__SMQ866","SMQ866","Questionnaire",10175,4062,39.92137592137592,6113,"La ausencia bruta puede responder a edad, patrones de salto, no aplicabilidad o no respuesta."
"dem__DMQMILIZ","DMQMILIZ","Demographic",10175,3914,38.466830466830466,6261,"Ausencia de entrevista o no respuesta al ítem; no debe asumirse MCAR sin comprobar asociaciones observadas."
"quest__DIQ160","DIQ160","Questionnaire",10175,3888,38.21130221130221,6287,"La ausencia bruta puede responder a edad, patrones de salto, no aplicabilidad o no respuesta."
"dem__AIALANGA","AIALANGA","Demographic",10175,3858,37.91646191646192,6317,"Ausencia de entrevista o no respuesta al ítem; no debe asumirse MCAR sin comprobar asociaciones observadas."
"quest__WHD050","WHD050","Questionnaire",10175,3753,36.88452088452088,6422,"La ausencia bruta puede responder a edad, patrones de salto, no aplicabilidad o no respuesta."
"quest__SMQ681","SMQ681","Questionnaire",10175,3745,36.80589680589681,6430,"La ausencia bruta puede responder a edad, patrones de salto, no aplicabilidad o no respuesta."
"quest__SMQ851","SMQ851","Questionnaire",10175,3745,36.80589680589681,6430,"La ausencia bruta puede responder a edad, patrones de salto, no aplicabilidad o no respuesta."
"quest__WHD020","WHD020","Questionnaire",10175,3745,36.80589680589681,6430,"La ausencia bruta puede responder a edad, patrones de salto, no aplicabilidad o no respuesta."
"quest__WHD010","WHD010","Questionnaire",10175,3736,36.71744471744472,6439,"La ausencia bruta puede responder a edad, patrones de salto, no aplicabilidad o no respuesta."
"quest__OCD150","OCD150","Questionnaire",10175,3716,36.52088452088452,6459,"La ausencia bruta puede responder a edad, patrones de salto, no aplicabilidad o no respuesta."
"quest__OCD390G","OCD390G","Questionnaire",10175,3716,36.52088452088452,6459,"La ausencia bruta puede responder a edad, patrones de salto, no aplicabilidad o no respuesta."
"quest__SLD010H","SLD010H","Questionnaire",10175,3714,36.5012285012285,6461,"La ausencia bruta puede responder a edad, patrones de salto, no aplicabilidad o no respuesta."
"quest__BPQ020","BPQ020","Questionnaire",10175,3711,36.47174447174447,6464,"La ausencia bruta puede responder a edad, patrones de salto, no aplicabilidad o no respuesta."
"quest__BPQ056","BPQ056","Questionnaire",10175,3711,36.47174447174447,6464,"La ausencia bruta puede responder a edad, patrones de salto, no aplicabilidad o no respuesta."
"quest__BPQ059","BPQ059","Questionnaire",10175,3711,36.47174447174447,6464,"La ausencia bruta puede responder a edad, patrones de salto, no aplicabilidad o no respuesta."
"quest__BPQ080","BPQ080","Questionnaire",10175,3711,36.47174447174447,6464,"La ausencia bruta puede responder a edad, patrones de salto, no aplicabilidad o no respuesta."
"quest__CBQ505","CBQ505","Questionnaire",10175,3711,36.47174447174447,6464,"La ausencia bruta puede responder a edad, patrones de salto, no aplicabilidad o no respuesta."
"quest__CBQ550","CBQ550","Questionnaire",10175,3711,36.47174447174447,6464,"La ausencia bruta puede responder a edad, patrones de salto, no aplicabilidad o no respuesta."
"quest__CBQ596","CBQ596","Questionnaire",10175,3711,36.47174447174447,6464,"La ausencia bruta puede responder a edad, patrones de salto, no aplicabilidad o no respuesta."
"quest__DBQ700","DBQ700","Questionnaire",10175,3711,36.47174447174447,6464,"La ausencia bruta puede responder a edad, patrones de salto, no aplicabilidad o no respuesta."
"quest__MCQ070","MCQ070","Questionnaire",10175,3711,36.47174447174447,6464,"La ausencia bruta puede responder a edad, patrones de salto, no aplicabilidad o no respuesta."
"quest__MCQ080","MCQ080","Questionnaire",10175,3711,36.47174447174447,6464,"La ausencia bruta puede responder a edad, patrones de salto, no aplicabilidad o no respuesta."
"quest__MCQ365A","MCQ365A","Questionnaire",10175,3711,36.47174447174447,6464,"La ausencia bruta puede responder a edad, patrones de salto, no aplicabilidad o no respuesta."
"quest__MCQ365B","MCQ365B","Questionnaire",10175,3711,36.47174447174447,6464,"La ausencia bruta puede responder a edad, patrones de salto, no aplicabilidad o no respuesta."
"quest__MCQ365C","MCQ365C","Questionnaire",10175,3711,36.47174447174447,6464,"La ausencia bruta puede responder a edad, patrones de salto, no aplicabilidad o no respuesta."
"quest__MCQ365D","MCQ365D","Questionnaire",10175,3711,36.47174447174447,6464,"La ausencia bruta puede responder a edad, patrones de salto, no aplicabilidad o no respuesta."
"quest__MCQ370A","MCQ370A","Questionnaire",10175,3711,36.47174447174447,6464,"La ausencia bruta puede responder a edad, patrones de salto, no aplicabilidad o no respuesta."
"quest__MCQ370B","MCQ370B","Questionnaire",10175,3711,36.47174447174447,6464,"La ausencia bruta puede responder a edad, patrones de salto, no aplicabilidad o no respuesta."
"quest__MCQ370C","MCQ370C","Questionnaire",10175,3711,36.47174447174447,6464,"La ausencia bruta puede responder a edad, patrones de salto, no aplicabilidad o no respuesta."
"quest__MCQ370D","MCQ370D","Questionnaire",10175,3711,36.47174447174447,6464,"La ausencia bruta puede responder a edad, patrones de salto, no aplicabilidad o no respuesta."
"quest__SLQ050","SLQ050","Questionnaire",10175,3711,36.47174447174447,6464,"La ausencia bruta puede responder a edad, patrones de salto, no aplicabilidad o no respuesta."
"quest__SLQ060","SLQ060","Questionnaire",10175,3711,36.47174447174447,6464,"La ausencia bruta puede responder a edad, patrones de salto, no aplicabilidad o no respuesta."
"quest__WHQ030","WHQ030","Questionnaire",10175,3711,36.47174447174447,6464,"La ausencia bruta puede responder a edad, patrones de salto, no aplicabilidad o no respuesta."
"quest__WHQ040","WHQ040","Questionnaire",10175,3711,36.47174447174447,6464,"La ausencia bruta puede responder a edad, patrones de salto, no aplicabilidad o no respuesta."
"quest__HSD010","HSD010","Questionnaire",10175,3708,36.44226044226044,6467,"La ausencia bruta puede responder a edad, patrones de salto, no aplicabilidad o no respuesta."
"quest__DIQ170","DIQ170","Questionnaire",10175,3706,36.42260442260442,6469,"La ausencia bruta puede responder a edad, patrones de salto, no aplicabilidad o no respuesta."
"quest__DIQ172","DIQ172","Questionnaire",10175,3706,36.42260442260442,6469,"La ausencia bruta puede responder a edad, patrones de salto, no aplicabilidad o no respuesta."
"quest__DIQ180","DIQ180","Questionnaire",10175,3706,36.42260442260442,6469,"La ausencia bruta puede responder a edad, patrones de salto, no aplicabilidad o no respuesta."
"lab__LBDSCASI","LBDSCASI","Labs",10175,3664,36.00982800982801,6511,"La ausencia bruta combina no participación, restricciones de edad, submuestras y ausencia de la determinación."
"lab__LBXSCA","LBXSCA","Labs",10175,3664,36.00982800982801,6511,"La ausencia bruta combina no participación, restricciones de edad, submuestras y ausencia de la determinación."
"lab__LBDSIRSI","LBDSIRSI","Labs",10175,3648,35.85257985257985,6527,"La ausencia bruta combina no participación, restricciones de edad, submuestras y ausencia de la determinación."
"lab__LBXSIR","LBXSIR","Labs",10175,3648,35.85257985257985,6527,"La ausencia bruta combina no participación, restricciones de edad, submuestras y ausencia de la determinación."
"lab__LBXSCK","LBXSCK","Labs",10175,3633,35.70515970515971,6542,"La ausencia bruta combina no participación, restricciones de edad, submuestras y ausencia de la determinación."
"lab__LBDSGBSI","LBDSGBSI","Labs",10175,3631,35.68550368550368,6544,"La ausencia bruta combina no participación, restricciones de edad, submuestras y ausencia de la determinación."
"lab__LBDSTPSI","LBDSTPSI","Labs",10175,3631,35.68550368550368,6544,"La ausencia bruta combina no participación, restricciones de edad, submuestras y ausencia de la determinación."
"lab__LBXSGB","LBXSGB","Labs",10175,3631,35.68550368550368,6544,"La ausencia bruta combina no participación, restricciones de edad, submuestras y ausencia de la determinación."
"lab__LBXSTP","LBXSTP","Labs",10175,3631,35.68550368550368,6544,"La ausencia bruta combina no participación, restricciones de edad, submuestras y ausencia de la determinación."
"lab__LBDSTBSI","LBDSTBSI","Labs",10175,3626,35.63636363636363,6549,"La ausencia bruta combina no participación, restricciones de edad, submuestras y ausencia de la determinación."
"lab__LBDSTRSI","LBDSTRSI","Labs",10175,3626,35.63636363636363,6549,"La ausencia bruta combina no participación, restricciones de edad, submuestras y ausencia de la determinación."
"lab__LBXSTB","LBXSTB","Labs",10175,3626,35.63636363636363,6549,"La ausencia bruta combina no participación, restricciones de edad, submuestras y ausencia de la determinación."
"lab__LBXSTR","LBXSTR","Labs",10175,3626,35.63636363636363,6549,"La ausencia bruta combina no participación, restricciones de edad, submuestras y ausencia de la determinación."
"lab__LBDSCHSI","LBDSCHSI","Labs",10175,3624,35.616707616707615,6551,"La ausencia bruta combina no participación, restricciones de edad, submuestras y ausencia de la determinación."
"lab__LBDSUASI","LBDSUASI","Labs",10175,3624,35.616707616707615,6551,"La ausencia bruta combina no participación, restricciones de edad, submuestras y ausencia de la determinación."
"lab__LBXSASSI","LBXSASSI","Labs",10175,3624,35.616707616707615,6551,"La ausencia bruta combina no participación, restricciones de edad, submuestras y ausencia de la determinación."
"lab__LBXSATSI","LBXSATSI","Labs",10175,3624,35.616707616707615,6551,"La ausencia bruta combina no participación, restricciones de edad, submuestras y ausencia de la determinación."
"lab__LBXSCH","LBXSCH","Labs",10175,3624,35.616707616707615,6551,"La ausencia bruta combina no participación, restricciones de edad, submuestras y ausencia de la determinación."
"lab__LBXSLDSI","LBXSLDSI","Labs",10175,3624,35.616707616707615,6551,"La ausencia bruta combina no participación, restricciones de edad, submuestras y ausencia de la determinación."
"lab__LBXSUA","LBXSUA","Labs",10175,3624,35.616707616707615,6551,"La ausencia bruta combina no participación, restricciones de edad, submuestras y ausencia de la determinación."
"lab__LBDSPHSI","LBDSPHSI","Labs",10175,3623,35.60687960687961,6552,"La ausencia bruta combina no participación, restricciones de edad, submuestras y ausencia de la determinación."
"lab__LBXSAPSI","LBXSAPSI","Labs",10175,3623,35.60687960687961,6552,"La ausencia bruta combina no participación, restricciones de edad, submuestras y ausencia de la determinación."
"lab__LBXSGTSI","LBXSGTSI","Labs",10175,3623,35.60687960687961,6552,"La ausencia bruta combina no participación, restricciones de edad, submuestras y ausencia de la determinación."
"lab__LBXSKSI","LBXSKSI","Labs",10175,3623,35.60687960687961,6552,"La ausencia bruta combina no participación, restricciones de edad, submuestras y ausencia de la determinación."
"lab__LBXSPH","LBXSPH","Labs",10175,3623,35.60687960687961,6552,"La ausencia bruta combina no participación, restricciones de edad, submuestras y ausencia de la determinación."
"lab__LBDSALSI","LBDSALSI","Labs",10175,3622,35.597051597051596,6553,"La ausencia bruta combina no participación, restricciones de edad, submuestras y ausencia de la determinación."
"lab__LBDSBUSI","LBDSBUSI","Labs",10175,3622,35.597051597051596,6553,"La ausencia bruta combina no participación, restricciones de edad, submuestras y ausencia de la determinación."
"lab__LBDSCRSI","LBDSCRSI","Labs",10175,3622,35.597051597051596,6553,"La ausencia bruta combina no participación, restricciones de edad, submuestras y ausencia de la determinación."
"lab__LBDSGLSI","LBDSGLSI","Labs",10175,3622,35.597051597051596,6553,"La ausencia bruta combina no participación, restricciones de edad, submuestras y ausencia de la determinación."
"lab__LBXSAL","LBXSAL","Labs",10175,3622,35.597051597051596,6553,"La ausencia bruta combina no participación, restricciones de edad, submuestras y ausencia de la determinación."
"lab__LBXSBU","LBXSBU","Labs",10175,3622,35.597051597051596,6553,"La ausencia bruta combina no participación, restricciones de edad, submuestras y ausencia de la determinación."
"lab__LBXSC3SI","LBXSC3SI","Labs",10175,3622,35.597051597051596,6553,"La ausencia bruta combina no participación, restricciones de edad, submuestras y ausencia de la determinación."
"lab__LBXSCLSI","LBXSCLSI","Labs",10175,3622,35.597051597051596,6553,"La ausencia bruta combina no participación, restricciones de edad, submuestras y ausencia de la determinación."
"lab__LBXSCR","LBXSCR","Labs",10175,3622,35.597051597051596,6553,"La ausencia bruta combina no participación, restricciones de edad, submuestras y ausencia de la determinación."
"lab__LBXSGL","LBXSGL","Labs",10175,3622,35.597051597051596,6553,"La ausencia bruta combina no participación, restricciones de edad, submuestras y ausencia de la determinación."
"lab__LBXSNASI","LBXSNASI","Labs",10175,3622,35.597051597051596,6553,"La ausencia bruta combina no participación, restricciones de edad, submuestras y ausencia de la determinación."
"lab__LBXSOSSI","LBXSOSSI","Labs",10175,3622,35.597051597051596,6553,"La ausencia bruta combina no participación, restricciones de edad, submuestras y ausencia de la determinación."
"quest__FSDCH","FSDCH","Questionnaire",10175,3543,34.82063882063882,6632,"La ausencia bruta puede responder a edad, patrones de salto, no aplicabilidad o no respuesta."
"quest__FSD032D","FSD032D","Questionnaire",10175,3542,34.810810810810814,6633,"La ausencia bruta puede responder a edad, patrones de salto, no aplicabilidad o no respuesta."
"quest__FSD032E","FSD032E","Questionnaire",10175,3542,34.810810810810814,6633,"La ausencia bruta puede responder a edad, patrones de salto, no aplicabilidad o no respuesta."
"quest__FSD032F","FSD032F","Questionnaire",10175,3542,34.810810810810814,6633,"La ausencia bruta puede responder a edad, patrones de salto, no aplicabilidad o no respuesta."
"quest__DLQ080","DLQ080","Questionnaire",10175,3535,34.74201474201474,6640,"La ausencia bruta puede responder a edad, patrones de salto, no aplicabilidad o no respuesta."
"lab__LBXGH","LBXGH","Labs",10175,3532,34.712530712530715,6643,"La ausencia bruta combina no participación, restricciones de edad, submuestras y ausencia de la determinación."
"quest__PAD680","PAD680","Questionnaire",10175,3036,29.83783783783784,7139,"La ausencia bruta puede responder a edad, patrones de salto, no aplicabilidad o no respuesta."
"quest__PAQ665","PAQ665","Questionnaire",10175,3030,29.77886977886978,7145,"La ausencia bruta puede responder a edad, patrones de salto, no aplicabilidad o no respuesta."
"quest__PAQ635","PAQ635","Questionnaire",10175,3028,29.759213759213758,7147,"La ausencia bruta puede responder a edad, patrones de salto, no aplicabilidad o no respuesta."
"quest__PAQ650","PAQ650","Questionnaire",10175,3028,29.759213759213758,7147,"La ausencia bruta puede responder a edad, patrones de salto, no aplicabilidad o no respuesta."
"quest__PAQ605","PAQ605","Questionnaire",10175,3027,29.74938574938575,7148,"La ausencia bruta puede responder a edad, patrones de salto, no aplicabilidad o no respuesta."
"quest__PAQ620","PAQ620","Questionnaire",10175,3027,29.74938574938575,7148,"La ausencia bruta puede responder a edad, patrones de salto, no aplicabilidad o no respuesta."
"lab__URDFLOW1","URDFLOW1","Labs",10175,3025,29.72972972972973,7150,"La ausencia bruta combina no participación, restricciones de edad, submuestras y ausencia de la determinación."
"quest__SMAQUEX2","SMAQUEX2","Questionnaire",10175,3007,29.552825552825553,7168,"La ausencia bruta puede responder a edad, patrones de salto, no aplicabilidad o no respuesta."
"exam__BPXDI1","BPXDI1","Examination",10175,3003,29.513513513513512,7172,"La ausencia bruta combina no participación en MEC, restricciones de edad y ausencia de la medición."
"exam__BPXSY1","BPXSY1","Examination",10175,3003,29.513513513513512,7172,"La ausencia bruta combina no participación en MEC, restricciones de edad y ausencia de la medición."
"exam__BMDAVSAD","BMDAVSAD","Examination",10175,2957,29.061425061425062,7218,"La ausencia bruta combina no participación en MEC, restricciones de edad y ausencia de la medición."
"exam__BMXSAD1","BMXSAD1","Examination",10175,2957,29.061425061425062,7218,"La ausencia bruta combina no participación en MEC, restricciones de edad y ausencia de la medición."
"exam__BMXSAD2","BMXSAD2","Examination",10175,2957,29.061425061425062,7218,"La ausencia bruta combina no participación en MEC, restricciones de edad y ausencia de la medición."
"dem__MIALANG","MIALANG","Demographic",10175,2864,28.147420147420146,7311,"Ausencia de entrevista o no respuesta al ítem; no debe asumirse MCAR sin comprobar asociaciones observadas."
"dem__MIAPROXY","MIAPROXY","Demographic",10175,2863,28.137592137592137,7312,"Ausencia de entrevista o no respuesta al ítem; no debe asumirse MCAR sin comprobar asociaciones observadas."
"dem__MIAINTRP","MIAINTRP","Demographic",10175,2862,28.127764127764127,7313,"Ausencia de entrevista o no respuesta al ítem; no debe asumirse MCAR sin comprobar asociaciones observadas."
"quest__DBD900","DBD900","Questionnaire",10175,2851,28.01965601965602,7324,"La ausencia bruta puede responder a edad, patrones de salto, no aplicabilidad o no respuesta."
"exam__BMXLEG","BMXLEG","Examination",10175,2773,27.25307125307125,7402,"La ausencia bruta combina no participación en MEC, restricciones de edad y ausencia de la medición."
"exam__BPXDI3","BPXDI3","Examination",10175,2767,27.194103194103196,7408,"La ausencia bruta combina no participación en MEC, restricciones de edad y ausencia de la medición."
"exam__BPXSY3","BPXSY3","Examination",10175,2767,27.194103194103196,7408,"La ausencia bruta combina no participación en MEC, restricciones de edad y ausencia de la medición."
"exam__BPXDI2","BPXDI2","Examination",10175,2766,27.184275184275183,7409,"La ausencia bruta combina no participación en MEC, restricciones de edad y ausencia de la medición."
"exam__BPXSY2","BPXSY2","Examination",10175,2766,27.184275184275183,7409,"La ausencia bruta combina no participación en MEC, restricciones de edad y ausencia de la medición."
"exam__BPAARM","BPAARM","Examination",10175,2640,25.945945945945947,7535,"La ausencia bruta combina no participación en MEC, restricciones de edad y ausencia de la medición."
"exam__BPAEN2","BPAEN2","Examination",10175,2638,25.926289926289925,7537,"La ausencia bruta combina no participación en MEC, restricciones de edad y ausencia de la medición."
"exam__BPAEN3","BPAEN3","Examination",10175,2638,25.926289926289925,7537,"La ausencia bruta combina no participación en MEC, restricciones de edad y ausencia de la medición."
"exam__BPAEN1","BPAEN1","Examination",10175,2636,25.906633906633907,7539,"La ausencia bruta combina no participación en MEC, restricciones de edad y ausencia de la medición."
"exam__BPACSZ","BPACSZ","Examination",10175,2633,25.877149877149876,7542,"La ausencia bruta combina no participación en MEC, restricciones de edad y ausencia de la medición."
"exam__BPXPLS","BPXPLS","Examination",10175,2626,25.808353808353807,7549,"La ausencia bruta combina no participación en MEC, restricciones de edad y ausencia de la medición."
"exam__BPXML1","BPXML1","Examination",10175,2622,25.76904176904177,7553,"La ausencia bruta combina no participación en MEC, restricciones de edad y ausencia de la medición."
"exam__BPXPTY","BPXPTY","Examination",10175,2611,25.66093366093366,7564,"La ausencia bruta combina no participación en MEC, restricciones de edad y ausencia de la medición."
"lab__LBXTTG","LBXTTG","Labs",10175,2598,25.533169533169534,7577,"La ausencia bruta combina no participación, restricciones de edad, submuestras y ausencia de la determinación."
"lab__LBDHDD","LBDHDD","Labs",10175,2551,25.07125307125307,7624,"La ausencia bruta combina no participación, restricciones de edad, submuestras y ausencia de la determinación."
"lab__LBDHDDSI","LBDHDDSI","Labs",10175,2551,25.07125307125307,7624,"La ausencia bruta combina no participación, restricciones de edad, submuestras y ausencia de la determinación."
"lab__LBDTCSI","LBDTCSI","Labs",10175,2551,25.07125307125307,7624,"La ausencia bruta combina no participación, restricciones de edad, submuestras y ausencia de la determinación."
"lab__LBXTC","LBXTC","Labs",10175,2551,25.07125307125307,7624,"La ausencia bruta combina no participación, restricciones de edad, submuestras y ausencia de la determinación."
"lab__LBDHBG","LBDHBG","Labs",10175,2523,24.796068796068795,7652,"La ausencia bruta combina no participación, restricciones de edad, submuestras y ausencia de la determinación."
"lab__LBDHD","LBDHD","Labs",10175,2523,24.796068796068795,7652,"La ausencia bruta combina no participación, restricciones de edad, submuestras y ausencia de la determinación."
"lab__LBDHEG","LBDHEG","Labs",10175,2519,24.756756756756758,7656,"La ausencia bruta combina no participación, restricciones de edad, submuestras y ausencia de la determinación."
"lab__LBDHEM","LBDHEM","Labs",10175,2519,24.756756756756758,7656,"La ausencia bruta combina no participación, restricciones de edad, submuestras y ausencia de la determinación."
"lab__LBXHBC","LBXHBC","Labs",10175,2519,24.756756756756758,7656,"La ausencia bruta combina no participación, restricciones de edad, submuestras y ausencia de la determinación."
"exam__MGXH2T3","MGXH2T3","Examination",10175,2511,24.678132678132677,7664,"La ausencia bruta combina no participación en MEC, restricciones de edad y ausencia de la medición."
"exam__MGXH2T3E","MGXH2T3E","Examination",10175,2511,24.678132678132677,7664,"La ausencia bruta combina no participación en MEC, restricciones de edad y ausencia de la medición."
"exam__MGXH2T2","MGXH2T2","Examination",10175,2503,24.5995085995086,7672,"La ausencia bruta combina no participación en MEC, restricciones de edad y ausencia de la medición."
"exam__MGXH2T2E","MGXH2T2E","Examination",10175,2503,24.5995085995086,7672,"La ausencia bruta combina no participación en MEC, restricciones de edad y ausencia de la medición."
"exam__MGDCGSZ","MGDCGSZ","Examination",10175,2498,24.55036855036855,7677,"La ausencia bruta combina no participación en MEC, restricciones de edad y ausencia de la medición."
"exam__MGXH2T1","MGXH2T1","Examination",10175,2493,24.5012285012285,7682,"La ausencia bruta combina no participación en MEC, restricciones de edad y ausencia de la medición."
"exam__MGXH2T1E","MGXH2T1E","Examination",10175,2493,24.5012285012285,7682,"La ausencia bruta combina no participación en MEC, restricciones de edad y ausencia de la medición."
"exam__MGQ070","MGQ070","Examination",10175,2424,23.823095823095823,7751,"La ausencia bruta combina no participación en MEC, restricciones de edad y ausencia de la medición."
"exam__MGQ100","MGQ100","Examination",10175,2423,23.813267813267814,7752,"La ausencia bruta combina no participación en MEC, restricciones de edad y ausencia de la medición."
"exam__MGXH1T3","MGXH1T3","Examination",10175,2389,23.479115479115478,7786,"La ausencia bruta combina no participación en MEC, restricciones de edad y ausencia de la medición."
"exam__MGXH1T3E","MGXH1T3E","Examination",10175,2389,23.479115479115478,7786,"La ausencia bruta combina no participación en MEC, restricciones de edad y ausencia de la medición."
"exam__MGXH1T2","MGXH1T2","Examination",10175,2386,23.44963144963145,7789,"La ausencia bruta combina no participación en MEC, restricciones de edad y ausencia de la medición."
"exam__MGXH1T2E","MGXH1T2E","Examination",10175,2386,23.44963144963145,7789,"La ausencia bruta combina no participación en MEC, restricciones de edad y ausencia de la medición."
"exam__MGXH1T1","MGXH1T1","Examination",10175,2377,23.36117936117936,7798,"La ausencia bruta combina no participación en MEC, restricciones de edad y ausencia de la medición."
"exam__MGXH1T1E","MGXH1T1E","Examination",10175,2377,23.36117936117936,7798,"La ausencia bruta combina no participación en MEC, restricciones de edad y ausencia de la medición."
"exam__MGAPHAND","MGAPHAND","Examination",10175,2368,23.272727272727273,7807,"La ausencia bruta combina no participación en MEC, restricciones de edad y ausencia de la medición."
"exam__MGATHAND","MGATHAND","Examination",10175,2368,23.272727272727273,7807,"La ausencia bruta combina no participación en MEC, restricciones de edad y ausencia de la medición."
"exam__MGD130","MGD130","Examination",10175,2368,23.272727272727273,7807,"La ausencia bruta combina no participación en MEC, restricciones de edad y ausencia de la medición."
"exam__MGQ90DG","MGQ90DG","Examination",10175,2368,23.272727272727273,7807,"La ausencia bruta combina no participación en MEC, restricciones de edad y ausencia de la medición."
"quest__PUQ110","PUQ110","Questionnaire",10175,2365,23.243243243243242,7810,"La ausencia bruta puede responder a edad, patrones de salto, no aplicabilidad o no respuesta."
"quest__PUQ100","PUQ100","Questionnaire",10175,2364,23.233415233415233,7811,"La ausencia bruta puede responder a edad, patrones de salto, no aplicabilidad o no respuesta."
"lab__URDACT","URDACT","Labs",10175,2123,20.864864864864863,8052,"La ausencia bruta combina no participación, restricciones de edad, submuestras y ausencia de la determinación."
"lab__URXCRS","URXCRS","Labs",10175,2123,20.864864864864863,8052,"La ausencia bruta combina no participación, restricciones de edad, submuestras y ausencia de la determinación."
"lab__URXUCR","URXUCR","Labs",10175,2123,20.864864864864863,8052,"La ausencia bruta combina no participación, restricciones de edad, submuestras y ausencia de la determinación."
"lab__URXUMA","URXUMA","Labs",10175,2123,20.864864864864863,8052,"La ausencia bruta combina no participación, restricciones de edad, submuestras y ausencia de la determinación."
"lab__URXUMS","URXUMS","Labs",10175,2123,20.864864864864863,8052,"La ausencia bruta combina no participación, restricciones de edad, submuestras y ausencia de la determinación."
"lab__URXVOL1","URXVOL1","Labs",10175,2118,20.815724815724817,8057,"La ausencia bruta combina no participación, restricciones de edad, submuestras y ausencia de la determinación."
"lab__LBXHBS","LBXHBS","Labs",10175,1914,18.81081081081081,8261,"La ausencia bruta combina no participación, restricciones de edad, submuestras y ausencia de la determinación."
"lab__LBXHA","LBXHA","Labs",10175,1911,18.781326781326783,8264,"La ausencia bruta combina no participación, restricciones de edad, submuestras y ausencia de la determinación."
"quest__FSQ162","FSQ162","Questionnaire",10175,1909,18.76167076167076,8266,"La ausencia bruta puede responder a edad, patrones de salto, no aplicabilidad o no respuesta."
"exam__MGDEXSTS","MGDEXSTS","Examination",10175,1884,18.515970515970515,8291,"La ausencia bruta combina no participación en MEC, restricciones de edad y ausencia de la medición."
"quest__SMQ872","SMQ872","Questionnaire",10175,1744,17.14004914004914,8431,"La ausencia bruta puede responder a edad, patrones de salto, no aplicabilidad o no respuesta."
"quest__MCQ203","MCQ203","Questionnaire",10175,1703,16.737100737100736,8472,"La ausencia bruta puede responder a edad, patrones de salto, no aplicabilidad o no respuesta."
"quest__HSQ500","HSQ500","Questionnaire",10175,1700,16.707616707616708,8475,"La ausencia bruta puede responder a edad, patrones de salto, no aplicabilidad o no respuesta."
"quest__HSQ510","HSQ510","Questionnaire",10175,1700,16.707616707616708,8475,"La ausencia bruta puede responder a edad, patrones de salto, no aplicabilidad o no respuesta."
"quest__HSQ520","HSQ520","Questionnaire",10175,1700,16.707616707616708,8475,"La ausencia bruta puede responder a edad, patrones de salto, no aplicabilidad o no respuesta."
"lab__LBDBANO","LBDBANO","Labs",10175,1656,16.275184275184277,8519,"La ausencia bruta combina no participación, restricciones de edad, submuestras y ausencia de la determinación."
"lab__LBDEONO","LBDEONO","Labs",10175,1656,16.275184275184277,8519,"La ausencia bruta combina no participación, restricciones de edad, submuestras y ausencia de la determinación."
"lab__LBDLYMNO","LBDLYMNO","Labs",10175,1656,16.275184275184277,8519,"La ausencia bruta combina no participación, restricciones de edad, submuestras y ausencia de la determinación."
"lab__LBDMONO","LBDMONO","Labs",10175,1656,16.275184275184277,8519,"La ausencia bruta combina no participación, restricciones de edad, submuestras y ausencia de la determinación."
"lab__LBDNENO","LBDNENO","Labs",10175,1656,16.275184275184277,8519,"La ausencia bruta combina no participación, restricciones de edad, submuestras y ausencia de la determinación."
"lab__LBXBAPCT","LBXBAPCT","Labs",10175,1656,16.275184275184277,8519,"La ausencia bruta combina no participación, restricciones de edad, submuestras y ausencia de la determinación."
"lab__LBXEOPCT","LBXEOPCT","Labs",10175,1656,16.275184275184277,8519,"La ausencia bruta combina no participación, restricciones de edad, submuestras y ausencia de la determinación."
"lab__LBXLYPCT","LBXLYPCT","Labs",10175,1656,16.275184275184277,8519,"La ausencia bruta combina no participación, restricciones de edad, submuestras y ausencia de la determinación."
"lab__LBXMOPCT","LBXMOPCT","Labs",10175,1656,16.275184275184277,8519,"La ausencia bruta combina no participación, restricciones de edad, submuestras y ausencia de la determinación."
"lab__LBXNEPCT","LBXNEPCT","Labs",10175,1656,16.275184275184277,8519,"La ausencia bruta combina no participación, restricciones de edad, submuestras y ausencia de la determinación."
"lab__LBXHCT","LBXHCT","Labs",10175,1631,16.029484029484028,8544,"La ausencia bruta combina no participación, restricciones de edad, submuestras y ausencia de la determinación."
"lab__LBXHGB","LBXHGB","Labs",10175,1631,16.029484029484028,8544,"La ausencia bruta combina no participación, restricciones de edad, submuestras y ausencia de la determinación."
"lab__LBXMC","LBXMC","Labs",10175,1631,16.029484029484028,8544,"La ausencia bruta combina no participación, restricciones de edad, submuestras y ausencia de la determinación."
"lab__LBXMCHSI","LBXMCHSI","Labs",10175,1631,16.029484029484028,8544,"La ausencia bruta combina no participación, restricciones de edad, submuestras y ausencia de la determinación."
"lab__LBXMCVSI","LBXMCVSI","Labs",10175,1631,16.029484029484028,8544,"La ausencia bruta combina no participación, restricciones de edad, submuestras y ausencia de la determinación."
"lab__LBXMPSI","LBXMPSI","Labs",10175,1631,16.029484029484028,8544,"La ausencia bruta combina no participación, restricciones de edad, submuestras y ausencia de la determinación."
"lab__LBXPLTSI","LBXPLTSI","Labs",10175,1631,16.029484029484028,8544,"La ausencia bruta combina no participación, restricciones de edad, submuestras y ausencia de la determinación."
"lab__LBXRBCSI","LBXRBCSI","Labs",10175,1631,16.029484029484028,8544,"La ausencia bruta combina no participación, restricciones de edad, submuestras y ausencia de la determinación."
"lab__LBXRDW","LBXRDW","Labs",10175,1631,16.029484029484028,8544,"La ausencia bruta combina no participación, restricciones de edad, submuestras y ausencia de la determinación."
"lab__LBXWBCSI","LBXWBCSI","Labs",10175,1631,16.029484029484028,8544,"La ausencia bruta combina no participación, restricciones de edad, submuestras y ausencia de la determinación."
"quest__HEQ010","HEQ010","Questionnaire",10175,1603,15.754299754299755,8572,"La ausencia bruta puede responder a edad, patrones de salto, no aplicabilidad o no respuesta."
"quest__HEQ030","HEQ030","Questionnaire",10175,1603,15.754299754299755,8572,"La ausencia bruta puede responder a edad, patrones de salto, no aplicabilidad o no respuesta."
"quest__MCQ082","MCQ082","Questionnaire",10175,1603,15.754299754299755,8572,"La ausencia bruta puede responder a edad, patrones de salto, no aplicabilidad o no respuesta."
"quest__MCQ086","MCQ086","Questionnaire",10175,1603,15.754299754299755,8572,"La ausencia bruta puede responder a edad, patrones de salto, no aplicabilidad o no respuesta."
"quest__MCQ092","MCQ092","Questionnaire",10175,1603,15.754299754299755,8572,"La ausencia bruta puede responder a edad, patrones de salto, no aplicabilidad o no respuesta."
"quest__MCQ300B","MCQ300B","Questionnaire",10175,1603,15.754299754299755,8572,"La ausencia bruta puede responder a edad, patrones de salto, no aplicabilidad o no respuesta."
"quest__HIQ210","HIQ210","Questionnaire",10175,1572,15.44963144963145,8603,"La ausencia bruta puede responder a edad, patrones de salto, no aplicabilidad o no respuesta."
"quest__HIQ270","HIQ270","Questionnaire",10175,1572,15.44963144963145,8603,"La ausencia bruta puede responder a edad, patrones de salto, no aplicabilidad o no respuesta."
"exam__BMXWAIST","BMXWAIST","Examination",10175,1514,14.879606879606879,8661,"La ausencia bruta combina no participación en MEC, restricciones de edad y ausencia de la medición."
"quest__DLQ040","DLQ040","Questionnaire",10175,1395,13.71007371007371,8780,"La ausencia bruta puede responder a edad, patrones de salto, no aplicabilidad o no respuesta."
"quest__DLQ050","DLQ050","Questionnaire",10175,1395,13.71007371007371,8780,"La ausencia bruta puede responder a edad, patrones de salto, no aplicabilidad o no respuesta."
"quest__DLQ060","DLQ060","Questionnaire",10175,1395,13.71007371007371,8780,"La ausencia bruta puede responder a edad, patrones de salto, no aplicabilidad o no respuesta."
"exam__OHX02CTC","OHX02CTC","Examination",10175,1210,11.891891891891891,8965,"La ausencia bruta combina no participación en MEC, restricciones de edad y ausencia de la medición."
"exam__OHX03CTC","OHX03CTC","Examination",10175,1210,11.891891891891891,8965,"La ausencia bruta combina no participación en MEC, restricciones de edad y ausencia de la medición."
"exam__OHX04CTC","OHX04CTC","Examination",10175,1210,11.891891891891891,8965,"La ausencia bruta combina no participación en MEC, restricciones de edad y ausencia de la medición."
"exam__OHX05CTC","OHX05CTC","Examination",10175,1210,11.891891891891891,8965,"La ausencia bruta combina no participación en MEC, restricciones de edad y ausencia de la medición."
"exam__OHX06CTC","OHX06CTC","Examination",10175,1210,11.891891891891891,8965,"La ausencia bruta combina no participación en MEC, restricciones de edad y ausencia de la medición."
"exam__OHX07CTC","OHX07CTC","Examination",10175,1210,11.891891891891891,8965,"La ausencia bruta combina no participación en MEC, restricciones de edad y ausencia de la medición."
"exam__OHX08CTC","OHX08CTC","Examination",10175,1210,11.891891891891891,8965,"La ausencia bruta combina no participación en MEC, restricciones de edad y ausencia de la medición."
"exam__OHX09CTC","OHX09CTC","Examination",10175,1210,11.891891891891891,8965,"La ausencia bruta combina no participación en MEC, restricciones de edad y ausencia de la medición."
"exam__OHX10CTC","OHX10CTC","Examination",10175,1210,11.891891891891891,8965,"La ausencia bruta combina no participación en MEC, restricciones de edad y ausencia de la medición."
"exam__OHX11CTC","OHX11CTC","Examination",10175,1210,11.891891891891891,8965,"La ausencia bruta combina no participación en MEC, restricciones de edad y ausencia de la medición."
"exam__OHX12CTC","OHX12CTC","Examination",10175,1210,11.891891891891891,8965,"La ausencia bruta combina no participación en MEC, restricciones de edad y ausencia de la medición."
"exam__OHX13CTC","OHX13CTC","Examination",10175,1210,11.891891891891891,8965,"La ausencia bruta combina no participación en MEC, restricciones de edad y ausencia de la medición."
"exam__OHX14CTC","OHX14CTC","Examination",10175,1210,11.891891891891891,8965,"La ausencia bruta combina no participación en MEC, restricciones de edad y ausencia de la medición."
"exam__OHX15CTC","OHX15CTC","Examination",10175,1210,11.891891891891891,8965,"La ausencia bruta combina no participación en MEC, restricciones de edad y ausencia de la medición."
"exam__OHX18CTC","OHX18CTC","Examination",10175,1210,11.891891891891891,8965,"La ausencia bruta combina no participación en MEC, restricciones de edad y ausencia de la medición."
"exam__OHX19CTC","OHX19CTC","Examination",10175,1210,11.891891891891891,8965,"La ausencia bruta combina no participación en MEC, restricciones de edad y ausencia de la medición."
"exam__OHX20CTC","OHX20CTC","Examination",10175,1210,11.891891891891891,8965,"La ausencia bruta combina no participación en MEC, restricciones de edad y ausencia de la medición."
"exam__OHX21CTC","OHX21CTC","Examination",10175,1210,11.891891891891891,8965,"La ausencia bruta combina no participación en MEC, restricciones de edad y ausencia de la medición."
"exam__OHX22CTC","OHX22CTC","Examination",10175,1210,11.891891891891891,8965,"La ausencia bruta combina no participación en MEC, restricciones de edad y ausencia de la medición."
"exam__OHX23CTC","OHX23CTC","Examination",10175,1210,11.891891891891891,8965,"La ausencia bruta combina no participación en MEC, restricciones de edad y ausencia de la medición."
"exam__OHX24CTC","OHX24CTC","Examination",10175,1210,11.891891891891891,8965,"La ausencia bruta combina no participación en MEC, restricciones de edad y ausencia de la medición."
"exam__OHX25CTC","OHX25CTC","Examination",10175,1210,11.891891891891891,8965,"La ausencia bruta combina no participación en MEC, restricciones de edad y ausencia de la medición."
"exam__OHX26CTC","OHX26CTC","Examination",10175,1210,11.891891891891891,8965,"La ausencia bruta combina no participación en MEC, restricciones de edad y ausencia de la medición."
"exam__OHX27CTC","OHX27CTC","Examination",10175,1210,11.891891891891891,8965,"La ausencia bruta combina no participación en MEC, restricciones de edad y ausencia de la medición."
"exam__OHX28CTC","OHX28CTC","Examination",10175,1210,11.891891891891891,8965,"La ausencia bruta combina no participación en MEC, restricciones de edad y ausencia de la medición."
"exam__OHX29CTC","OHX29CTC","Examination",10175,1210,11.891891891891891,8965,"La ausencia bruta combina no participación en MEC, restricciones de edad y ausencia de la medición."
"exam__OHX30CTC","OHX30CTC","Examination",10175,1210,11.891891891891891,8965,"La ausencia bruta combina no participación en MEC, restricciones de edad y ausencia de la medición."
"exam__OHX31CTC","OHX31CTC","Examination",10175,1210,11.891891891891891,8965,"La ausencia bruta combina no participación en MEC, restricciones de edad y ausencia de la medición."
"exam__OHX01TC","OHX01TC","Examination",10175,1207,11.862407862407862,8968,"La ausencia bruta combina no participación en MEC, restricciones de edad y ausencia de la medición."
"exam__OHX02TC","OHX02TC","Examination",10175,1207,11.862407862407862,8968,"La ausencia bruta combina no participación en MEC, restricciones de edad y ausencia de la medición."
"exam__OHX03TC","OHX03TC","Examination",10175,1207,11.862407862407862,8968,"La ausencia bruta combina no participación en MEC, restricciones de edad y ausencia de la medición."
"exam__OHX04TC","OHX04TC","Examination",10175,1207,11.862407862407862,8968,"La ausencia bruta combina no participación en MEC, restricciones de edad y ausencia de la medición."
"exam__OHX05TC","OHX05TC","Examination",10175,1207,11.862407862407862,8968,"La ausencia bruta combina no participación en MEC, restricciones de edad y ausencia de la medición."
"exam__OHX06TC","OHX06TC","Examination",10175,1207,11.862407862407862,8968,"La ausencia bruta combina no participación en MEC, restricciones de edad y ausencia de la medición."
"exam__OHX07TC","OHX07TC","Examination",10175,1207,11.862407862407862,8968,"La ausencia bruta combina no participación en MEC, restricciones de edad y ausencia de la medición."
"exam__OHX08TC","OHX08TC","Examination",10175,1207,11.862407862407862,8968,"La ausencia bruta combina no participación en MEC, restricciones de edad y ausencia de la medición."
"exam__OHX09TC","OHX09TC","Examination",10175,1207,11.862407862407862,8968,"La ausencia bruta combina no participación en MEC, restricciones de edad y ausencia de la medición."
"exam__OHX10TC","OHX10TC","Examination",10175,1207,11.862407862407862,8968,"La ausencia bruta combina no participación en MEC, restricciones de edad y ausencia de la medición."
"exam__OHX11TC","OHX11TC","Examination",10175,1207,11.862407862407862,8968,"La ausencia bruta combina no participación en MEC, restricciones de edad y ausencia de la medición."
"exam__OHX12TC","OHX12TC","Examination",10175,1207,11.862407862407862,8968,"La ausencia bruta combina no participación en MEC, restricciones de edad y ausencia de la medición."
"exam__OHX13TC","OHX13TC","Examination",10175,1207,11.862407862407862,8968,"La ausencia bruta combina no participación en MEC, restricciones de edad y ausencia de la medición."
"exam__OHX14TC","OHX14TC","Examination",10175,1207,11.862407862407862,8968,"La ausencia bruta combina no participación en MEC, restricciones de edad y ausencia de la medición."
"exam__OHX15TC","OHX15TC","Examination",10175,1207,11.862407862407862,8968,"La ausencia bruta combina no participación en MEC, restricciones de edad y ausencia de la medición."
"exam__OHX16TC","OHX16TC","Examination",10175,1207,11.862407862407862,8968,"La ausencia bruta combina no participación en MEC, restricciones de edad y ausencia de la medición."
"exam__OHX17TC","OHX17TC","Examination",10175,1207,11.862407862407862,8968,"La ausencia bruta combina no participación en MEC, restricciones de edad y ausencia de la medición."
"exam__OHX18TC","OHX18TC","Examination",10175,1207,11.862407862407862,8968,"La ausencia bruta combina no participación en MEC, restricciones de edad y ausencia de la medición."
"exam__OHX19TC","OHX19TC","Examination",10175,1207,11.862407862407862,8968,"La ausencia bruta combina no participación en MEC, restricciones de edad y ausencia de la medición."
"exam__OHX20TC","OHX20TC","Examination",10175,1207,11.862407862407862,8968,"La ausencia bruta combina no participación en MEC, restricciones de edad y ausencia de la medición."
"exam__OHX21TC","OHX21TC","Examination",10175,1207,11.862407862407862,8968,"La ausencia bruta combina no participación en MEC, restricciones de edad y ausencia de la medición."
"exam__OHX22TC","OHX22TC","Examination",10175,1207,11.862407862407862,8968,"La ausencia bruta combina no participación en MEC, restricciones de edad y ausencia de la medición."
"exam__OHX23TC","OHX23TC","Examination",10175,1207,11.862407862407862,8968,"La ausencia bruta combina no participación en MEC, restricciones de edad y ausencia de la medición."
"exam__OHX24TC","OHX24TC","Examination",10175,1207,11.862407862407862,8968,"La ausencia bruta combina no participación en MEC, restricciones de edad y ausencia de la medición."
"exam__OHX25TC","OHX25TC","Examination",10175,1207,11.862407862407862,8968,"La ausencia bruta combina no participación en MEC, restricciones de edad y ausencia de la medición."
"exam__OHX26TC","OHX26TC","Examination",10175,1207,11.862407862407862,8968,"La ausencia bruta combina no participación en MEC, restricciones de edad y ausencia de la medición."
"exam__OHX27TC","OHX27TC","Examination",10175,1207,11.862407862407862,8968,"La ausencia bruta combina no participación en MEC, restricciones de edad y ausencia de la medición."
"exam__OHX28TC","OHX28TC","Examination",10175,1207,11.862407862407862,8968,"La ausencia bruta combina no participación en MEC, restricciones de edad y ausencia de la medición."
"exam__OHX29TC","OHX29TC","Examination",10175,1207,11.862407862407862,8968,"La ausencia bruta combina no participación en MEC, restricciones de edad y ausencia de la medición."
"exam__OHX30TC","OHX30TC","Examination",10175,1207,11.862407862407862,8968,"La ausencia bruta combina no participación en MEC, restricciones de edad y ausencia de la medición."
"exam__OHX31TC","OHX31TC","Examination",10175,1207,11.862407862407862,8968,"La ausencia bruta combina no participación en MEC, restricciones de edad y ausencia de la medición."
"exam__OHX32TC","OHX32TC","Examination",10175,1207,11.862407862407862,8968,"La ausencia bruta combina no participación en MEC, restricciones de edad y ausencia de la medición."
"quest__HUQ041","HUQ041","Questionnaire",10175,1194,11.734643734643734,8981,"La ausencia bruta puede responder a edad, patrones de salto, no aplicabilidad o no respuesta."
"quest__HUQ090","HUQ090","Questionnaire",10175,1165,11.44963144963145,9010,"La ausencia bruta puede responder a edad, patrones de salto, no aplicabilidad o no respuesta."
"exam__BMXBMI","BMXBMI","Examination",10175,1120,11.007371007371008,9055,"La ausencia bruta combina no participación en MEC, restricciones de edad y ausencia de la medición."
"exam__BMXHT","BMXHT","Examination",10175,1108,10.88943488943489,9067,"La ausencia bruta combina no participación en MEC, restricciones de edad y ausencia de la medición."
"quest__INDFMMPI","INDFMMPI","Questionnaire",10175,1066,10.476658476658477,9109,"La ausencia bruta puede responder a edad, patrones de salto, no aplicabilidad o no respuesta."
"quest__OHQ033","OHQ033","Questionnaire",10175,1057,10.388206388206388,9118,"La ausencia bruta puede responder a edad, patrones de salto, no aplicabilidad o no respuesta."
"quest__OHQ770","OHQ770","Questionnaire",10175,1057,10.388206388206388,9118,"La ausencia bruta puede responder a edad, patrones de salto, no aplicabilidad o no respuesta."
"lab__PHAFSTHR","PHAFSTHR","Labs",10175,993,9.75921375921376,9182,"La ausencia bruta combina no participación, restricciones de edad, submuestras y ausencia de la determinación."
"lab__PHAFSTMN","PHAFSTMN","Labs",10175,993,9.75921375921376,9182,"La ausencia bruta combina no participación, restricciones de edad, submuestras y ausencia de la determinación."
"lab__PHQ020","PHQ020","Labs",10175,993,9.75921375921376,9182,"La ausencia bruta combina no participación, restricciones de edad, submuestras y ausencia de la determinación."
"lab__PHQ030","PHQ030","Labs",10175,993,9.75921375921376,9182,"La ausencia bruta combina no participación, restricciones de edad, submuestras y ausencia de la determinación."
"lab__PHQ040","PHQ040","Labs",10175,993,9.75921375921376,9182,"La ausencia bruta combina no participación, restricciones de edad, submuestras y ausencia de la determinación."
"lab__PHQ050","PHQ050","Labs",10175,993,9.75921375921376,9182,"La ausencia bruta combina no participación, restricciones de edad, submuestras y ausencia de la determinación."
"lab__PHQ060","PHQ060","Labs",10175,993,9.75921375921376,9182,"La ausencia bruta combina no participación, restricciones de edad, submuestras y ausencia de la determinación."
"exam__BMXARMC","BMXARMC","Examination",10175,874,8.58968058968059,9301,"La ausencia bruta combina no participación en MEC, restricciones de edad y ausencia de la medición."
"exam__BMXARML","BMXARML","Examination",10175,874,8.58968058968059,9301,"La ausencia bruta combina no participación en MEC, restricciones de edad y ausencia de la medición."
"dem__INDFMPIR","INDFMPIR","Demographic",10175,785,7.714987714987715,9390,"Ausencia de entrevista o no respuesta al ítem; no debe asumirse MCAR sin comprobar asociaciones observadas."
"exam__OHDDESTS","OHDDESTS","Examination",10175,753,7.400491400491401,9422,"La ausencia bruta combina no participación en MEC, restricciones de edad y ausencia de la medición."
"exam__OHDEXSTS","OHDEXSTS","Examination",10175,753,7.400491400491401,9422,"La ausencia bruta combina no participación en MEC, restricciones de edad y ausencia de la medición."
"lab__PHDSESN","PHDSESN","Labs",10175,753,7.400491400491401,9422,"La ausencia bruta combina no participación, restricciones de edad, submuestras y ausencia de la determinación."
"quest__HSAQUEX","HSAQUEX","Questionnaire",10175,753,7.400491400491401,9422,"La ausencia bruta puede responder a edad, patrones de salto, no aplicabilidad o no respuesta."
"quest__PAQ710","PAQ710","Questionnaire",10175,727,7.144963144963145,9448,"La ausencia bruta puede responder a edad, patrones de salto, no aplicabilidad o no respuesta."
"quest__PAQ715","PAQ715","Questionnaire",10175,727,7.144963144963145,9448,"La ausencia bruta puede responder a edad, patrones de salto, no aplicabilidad o no respuesta."
"quest__PAAQUEX","PAAQUEX","Questionnaire",10175,691,6.791154791154791,9484,"La ausencia bruta puede responder a edad, patrones de salto, no aplicabilidad o no respuesta."
"quest__IMQ011","IMQ011","Questionnaire",10175,668,6.565110565110565,9507,"La ausencia bruta puede responder a edad, patrones de salto, no aplicabilidad o no respuesta."
"exam__PEASCTM1","PEASCTM1","Examination",10175,667,6.555282555282555,9508,"La ausencia bruta combina no participación en MEC, restricciones de edad y ausencia de la medición."
"exam__BPXPULS","BPXPULS","Examination",10175,664,6.525798525798526,9511,"La ausencia bruta combina no participación en MEC, restricciones de edad y ausencia de la medición."
"quest__DBD910","DBD910","Questionnaire",10175,500,4.914004914004914,9675,"La ausencia bruta puede responder a edad, patrones de salto, no aplicabilidad o no respuesta."
"quest__DBD905","DBD905","Questionnaire",10175,494,4.855036855036855,9681,"La ausencia bruta puede responder a edad, patrones de salto, no aplicabilidad o no respuesta."
"quest__DBD895","DBD895","Questionnaire",10175,472,4.638820638820639,9703,"La ausencia bruta puede responder a edad, patrones de salto, no aplicabilidad o no respuesta."
"exam__BMXWT","BMXWT","Examination",10175,452,4.442260442260443,9723,"La ausencia bruta combina no participación en MEC, restricciones de edad y ausencia de la medición."
"quest__DIQ050","DIQ050","Questionnaire",10175,407,4,9768,"La ausencia bruta puede responder a edad, patrones de salto, no aplicabilidad o no respuesta."
"quest__OHQ030","OHQ030","Questionnaire",10175,407,4,9768,"La ausencia bruta puede responder a edad, patrones de salto, no aplicabilidad o no respuesta."
"quest__OHQ845","OHQ845","Questionnaire",10175,407,4,9768,"La ausencia bruta puede responder a edad, patrones de salto, no aplicabilidad o no respuesta."
"quest__DBQ197","DBQ197","Questionnaire",10175,406,3.9901719901719903,9769,"La ausencia bruta puede responder a edad, patrones de salto, no aplicabilidad o no respuesta."
"quest__DIQ010","DIQ010","Questionnaire",10175,406,3.9901719901719903,9769,"La ausencia bruta puede responder a edad, patrones de salto, no aplicabilidad o no respuesta."
"quest__DLQ010","DLQ010","Questionnaire",10175,406,3.9901719901719903,9769,"La ausencia bruta puede responder a edad, patrones de salto, no aplicabilidad o no respuesta."
"quest__DLQ020","DLQ020","Questionnaire",10175,406,3.9901719901719903,9769,"La ausencia bruta puede responder a edad, patrones de salto, no aplicabilidad o no respuesta."
"quest__HUQ020","HUQ020","Questionnaire",10175,406,3.9901719901719903,9769,"La ausencia bruta puede responder a edad, patrones de salto, no aplicabilidad o no respuesta."
"quest__MCQ010","MCQ010","Questionnaire",10175,406,3.9901719901719903,9769,"La ausencia bruta puede responder a edad, patrones de salto, no aplicabilidad o no respuesta."
"quest__MCQ053","MCQ053","Questionnaire",10175,406,3.9901719901719903,9769,"La ausencia bruta puede responder a edad, patrones de salto, no aplicabilidad o no respuesta."
"quest__IND235","IND235","Questionnaire",10175,369,3.6265356265356266,9806,"La ausencia bruta puede responder a edad, patrones de salto, no aplicabilidad o no respuesta."
"quest__INDFMMPC","INDFMMPC","Questionnaire",10175,369,3.6265356265356266,9806,"La ausencia bruta puede responder a edad, patrones de salto, no aplicabilidad o no respuesta."
"dem__RIDEXMON","RIDEXMON","Demographic",10175,362,3.557739557739558,9813,"Ausencia de entrevista o no respuesta al ítem; no debe asumirse MCAR sin comprobar asociaciones observadas."
"exam__BMDSTATS","BMDSTATS","Examination",10175,362,3.557739557739558,9813,"La ausencia bruta combina no participación en MEC, restricciones de edad y ausencia de la medición."
"exam__PEASCST1","PEASCST1","Examination",10175,362,3.557739557739558,9813,"La ausencia bruta combina no participación en MEC, restricciones de edad y ausencia de la medición."
"dem__DMDHRBR4","DMDHRBR4","Demographic",10175,297,2.918918918918919,9878,"Ausencia de entrevista o no respuesta al ítem; no debe asumirse MCAR sin comprobar asociaciones observadas."
"dem__DMDHREDU","DMDHREDU","Demographic",10175,294,2.8894348894348894,9881,"Ausencia de entrevista o no respuesta al ítem; no debe asumirse MCAR sin comprobar asociaciones observadas."
"dem__INDHHIN2","INDHHIN2","Demographic",10175,133,1.307125307125307,10042,"Ausencia de entrevista o no respuesta al ítem; no debe asumirse MCAR sin comprobar asociaciones observadas."
"quest__CBD090","CBD090","Questionnaire",10175,132,1.2972972972972974,10043,"La ausencia bruta puede responder a edad, patrones de salto, no aplicabilidad o no respuesta."
"dem__DMDHRMAR","DMDHRMAR","Demographic",10175,123,1.2088452088452089,10052,"Ausencia de entrevista o no respuesta al ítem; no debe asumirse MCAR sin comprobar asociaciones observadas."
"dem__INDFMIN2","INDFMIN2","Demographic",10175,123,1.2088452088452089,10052,"Ausencia de entrevista o no respuesta al ítem; no debe asumirse MCAR sin comprobar asociaciones observadas."
"quest__CBD070","CBD070","Questionnaire",10175,123,1.2088452088452089,10052,"La ausencia bruta puede responder a edad, patrones de salto, no aplicabilidad o no respuesta."
"quest__CBD110","CBD110","Questionnaire",10175,123,1.2088452088452089,10052,"La ausencia bruta puede responder a edad, patrones de salto, no aplicabilidad o no respuesta."
"quest__CBD120","CBD120","Questionnaire",10175,123,1.2088452088452089,10052,"La ausencia bruta puede responder a edad, patrones de salto, no aplicabilidad o no respuesta."
"quest__CBD130","CBD130","Questionnaire",10175,123,1.2088452088452089,10052,"La ausencia bruta puede responder a edad, patrones de salto, no aplicabilidad o no respuesta."
"quest__INQ012","INQ012","Questionnaire",10175,123,1.2088452088452089,10052,"La ausencia bruta puede responder a edad, patrones de salto, no aplicabilidad o no respuesta."
"quest__INQ020","INQ020","Questionnaire",10175,123,1.2088452088452089,10052,"La ausencia bruta puede responder a edad, patrones de salto, no aplicabilidad o no respuesta."
"quest__INQ030","INQ030","Questionnaire",10175,123,1.2088452088452089,10052,"La ausencia bruta puede responder a edad, patrones de salto, no aplicabilidad o no respuesta."
"quest__INQ060","INQ060","Questionnaire",10175,123,1.2088452088452089,10052,"La ausencia bruta puede responder a edad, patrones de salto, no aplicabilidad o no respuesta."
"quest__INQ080","INQ080","Questionnaire",10175,123,1.2088452088452089,10052,"La ausencia bruta puede responder a edad, patrones de salto, no aplicabilidad o no respuesta."
"quest__INQ090","INQ090","Questionnaire",10175,123,1.2088452088452089,10052,"La ausencia bruta puede responder a edad, patrones de salto, no aplicabilidad o no respuesta."
"quest__INQ132","INQ132","Questionnaire",10175,123,1.2088452088452089,10052,"La ausencia bruta puede responder a edad, patrones de salto, no aplicabilidad o no respuesta."
"quest__INQ140","INQ140","Questionnaire",10175,123,1.2088452088452089,10052,"La ausencia bruta puede responder a edad, patrones de salto, no aplicabilidad o no respuesta."
"quest__INQ150","INQ150","Questionnaire",10175,123,1.2088452088452089,10052,"La ausencia bruta puede responder a edad, patrones de salto, no aplicabilidad o no respuesta."
"quest__FSDAD","FSDAD","Questionnaire",10175,122,1.199017199017199,10053,"La ausencia bruta puede responder a edad, patrones de salto, no aplicabilidad o no respuesta."
"quest__FSDHH","FSDHH","Questionnaire",10175,122,1.199017199017199,10053,"La ausencia bruta puede responder a edad, patrones de salto, no aplicabilidad o no respuesta."
"dem__FIAINTRP","FIAINTRP","Demographic",10175,121,1.1891891891891893,10054,"Ausencia de entrevista o no respuesta al ítem; no debe asumirse MCAR sin comprobar asociaciones observadas."
"dem__FIALANG","FIALANG","Demographic",10175,121,1.1891891891891893,10054,"Ausencia de entrevista o no respuesta al ítem; no debe asumirse MCAR sin comprobar asociaciones observadas."
"dem__FIAPROXY","FIAPROXY","Demographic",10175,121,1.1891891891891893,10054,"Ausencia de entrevista o no respuesta al ítem; no debe asumirse MCAR sin comprobar asociaciones observadas."
"quest__HOD050","HOD050","Questionnaire",10175,121,1.1891891891891893,10054,"La ausencia bruta puede responder a edad, patrones de salto, no aplicabilidad o no respuesta."
"quest__HOQ065","HOQ065","Questionnaire",10175,121,1.1891891891891893,10054,"La ausencia bruta puede responder a edad, patrones de salto, no aplicabilidad o no respuesta."
"quest__FSD032A","FSD032A","Questionnaire",10175,116,1.1400491400491402,10059,"La ausencia bruta puede responder a edad, patrones de salto, no aplicabilidad o no respuesta."
"quest__FSD032B","FSD032B","Questionnaire",10175,116,1.1400491400491402,10059,"La ausencia bruta puede responder a edad, patrones de salto, no aplicabilidad o no respuesta."
"quest__FSD032C","FSD032C","Questionnaire",10175,116,1.1400491400491402,10059,"La ausencia bruta puede responder a edad, patrones de salto, no aplicabilidad o no respuesta."
"quest__FSD151","FSD151","Questionnaire",10175,116,1.1400491400491402,10059,"La ausencia bruta puede responder a edad, patrones de salto, no aplicabilidad o no respuesta."
"quest__FSQ165","FSQ165","Questionnaire",10175,116,1.1400491400491402,10059,"La ausencia bruta puede responder a edad, patrones de salto, no aplicabilidad o no respuesta."
"quest__SMD460","SMD460","Questionnaire",10175,116,1.1400491400491402,10059,"La ausencia bruta puede responder a edad, patrones de salto, no aplicabilidad o no respuesta."
"quest__SMQ860","SMQ860","Questionnaire",10175,70,0.687960687960688,10105,"La ausencia bruta puede responder a edad, patrones de salto, no aplicabilidad o no respuesta."
"quest__SMQ870","SMQ870","Questionnaire",10175,70,0.687960687960688,10105,"La ausencia bruta puede responder a edad, patrones de salto, no aplicabilidad o no respuesta."
"quest__SMQ874","SMQ874","Questionnaire",10175,70,0.687960687960688,10105,"La ausencia bruta puede responder a edad, patrones de salto, no aplicabilidad o no respuesta."
"quest__SMQ878","SMQ878","Questionnaire",10175,70,0.687960687960688,10105,"La ausencia bruta puede responder a edad, patrones de salto, no aplicabilidad o no respuesta."
"quest__SMAQUEX","SMAQUEX","Questionnaire",10175,33,0.32432432432432434,10142,"La ausencia bruta puede responder a edad, patrones de salto, no aplicabilidad o no respuesta."
"dem__DMDCITZN","DMDCITZN","Demographic",10175,4,0.03931203931203931,10171,"Ausencia de entrevista o no respuesta al ítem; no debe asumirse MCAR sin comprobar asociaciones observadas."
"dem__SIAPROXY","SIAPROXY","Demographic",10175,1,0.009828009828009828,10174,"Ausencia de entrevista o no respuesta al ítem; no debe asumirse MCAR sin comprobar asociaciones observadas."
"dem__DMDBORN4","DMDBORN4","Demographic",10175,0,0,10175,"Ausencia de entrevista o no respuesta al ítem; no debe asumirse MCAR sin comprobar asociaciones observadas."
"dem__DMDFMSIZ","DMDFMSIZ","Demographic",10175,0,0,10175,"Ausencia de entrevista o no respuesta al ítem; no debe asumirse MCAR sin comprobar asociaciones observadas."
"dem__DMDHHSIZ","DMDHHSIZ","Demographic",10175,0,0,10175,"Ausencia de entrevista o no respuesta al ítem; no debe asumirse MCAR sin comprobar asociaciones observadas."
"dem__DMDHHSZA","DMDHHSZA","Demographic",10175,0,0,10175,"Ausencia de entrevista o no respuesta al ítem; no debe asumirse MCAR sin comprobar asociaciones observadas."
"dem__DMDHHSZB","DMDHHSZB","Demographic",10175,0,0,10175,"Ausencia de entrevista o no respuesta al ítem; no debe asumirse MCAR sin comprobar asociaciones observadas."
"dem__DMDHHSZE","DMDHHSZE","Demographic",10175,0,0,10175,"Ausencia de entrevista o no respuesta al ítem; no debe asumirse MCAR sin comprobar asociaciones observadas."
"dem__DMDHRAGE","DMDHRAGE","Demographic",10175,0,0,10175,"Ausencia de entrevista o no respuesta al ítem; no debe asumirse MCAR sin comprobar asociaciones observadas."
"dem__DMDHRGND","DMDHRGND","Demographic",10175,0,0,10175,"Ausencia de entrevista o no respuesta al ítem; no debe asumirse MCAR sin comprobar asociaciones observadas."
"dem__RIAGENDR","RIAGENDR","Demographic",10175,0,0,10175,"Ausencia de entrevista o no respuesta al ítem; no debe asumirse MCAR sin comprobar asociaciones observadas."
"dem__RIDAGEYR","RIDAGEYR","Demographic",10175,0,0,10175,"Ausencia de entrevista o no respuesta al ítem; no debe asumirse MCAR sin comprobar asociaciones observadas."
"dem__RIDRETH1","RIDRETH1","Demographic",10175,0,0,10175,"Ausencia de entrevista o no respuesta al ítem; no debe asumirse MCAR sin comprobar asociaciones observadas."
"dem__RIDRETH3","RIDRETH3","Demographic",10175,0,0,10175,"Ausencia de entrevista o no respuesta al ítem; no debe asumirse MCAR sin comprobar asociaciones observadas."
"dem__RIDSTATR","RIDSTATR","Demographic",10175,0,0,10175,"Ausencia de entrevista o no respuesta al ítem; no debe asumirse MCAR sin comprobar asociaciones observadas."
"dem__SDDSRVYR","SDDSRVYR","Demographic",10175,0,0,10175,"Ausencia de entrevista o no respuesta al ítem; no debe asumirse MCAR sin comprobar asociaciones observadas."
"dem__SDMVPSU","SDMVPSU","Demographic",10175,0,0,10175,"Ausencia de entrevista o no respuesta al ítem; no debe asumirse MCAR sin comprobar asociaciones observadas."
"dem__SDMVSTRA","SDMVSTRA","Demographic",10175,0,0,10175,"Ausencia de entrevista o no respuesta al ítem; no debe asumirse MCAR sin comprobar asociaciones observadas."
"dem__SIAINTRP","SIAINTRP","Demographic",10175,0,0,10175,"Ausencia de entrevista o no respuesta al ítem; no debe asumirse MCAR sin comprobar asociaciones observadas."
"dem__SIALANG","SIALANG","Demographic",10175,0,0,10175,"Ausencia de entrevista o no respuesta al ítem; no debe asumirse MCAR sin comprobar asociaciones observadas."
"dem__WTINT2YR","WTINT2YR","Demographic",10175,0,0,10175,"Ausencia de entrevista o no respuesta al ítem; no debe asumirse MCAR sin comprobar asociaciones observadas."
"dem__WTMEC2YR","WTMEC2YR","Demographic",10175,0,0,10175,"Ausencia de entrevista o no respuesta al ítem; no debe asumirse MCAR sin comprobar asociaciones observadas."
"mort__ELIGSTAT","ELIGSTAT","Linked Mortality",10175,0,0,10175,"La ausencia bruta depende de la elegibilidad para el archivo público; debe evaluarse dentro de la población elegible."
"quest__HIQ011","HIQ011","Questionnaire",10175,0,0,10175,"La ausencia bruta puede responder a edad, patrones de salto, no aplicabilidad o no respuesta."
"quest__HUQ010","HUQ010","Questionnaire",10175,0,0,10175,"La ausencia bruta puede responder a edad, patrones de salto, no aplicabilidad o no respuesta."
"quest__HUQ030","HUQ030","Questionnaire",10175,0,0,10175,"La ausencia bruta puede responder a edad, patrones de salto, no aplicabilidad o no respuesta."
"quest__HUQ051","HUQ051","Questionnaire",10175,0,0,10175,"La ausencia bruta puede responder a edad, patrones de salto, no aplicabilidad o no respuesta."
"quest__HUQ071","HUQ071","Questionnaire",10175,0,0,10175,"La ausencia bruta puede responder a edad, patrones de salto, no aplicabilidad o no respuesta."
"quest__IMQ020","IMQ020","Questionnaire",10175,0,0,10175,"La ausencia bruta puede responder a edad, patrones de salto, no aplicabilidad o no respuesta."
"SEQN","SEQN","identifier",10175,0,0,10175,"Identificador obligatorio; no procede evaluar ausencia."
"has_exam_record","has_exam_record","integration flag",10175,0,0,10175,"Variable derivada o indicador de integración."
"has_lab_record","has_lab_record","integration flag",10175,0,0,10175,"Variable derivada o indicador de integración."
"has_questionnaire_record","has_questionnaire_record","integration flag",10175,0,0,10175,"Variable derivada o indicador de integración."
